areaName,Borough,areaType,2010-01,2010-02,2010-03,2010-04,2010-05,2010-06,2010-07,2010-08,2010-09,2010-10,2010-11,2010-12,2011-01,2011-02,2011-03,2011-04,2011-05,2011-06,2011-07,2011-08,2011-09,2011-10,2011-11,2011-12,2012-01,2012-02,2012-03,2012-04,2012-05,2012-06,2012-07,2012-08,2012-09,2012-10,2012-11,2012-12,2013-01,2013-02,2013-03,2013-04,2013-05,2013-06,2013-07,2013-08,2013-09,2013-10,2013-11,2013-12,2014-01,2014-02,2014-03,2014-04,2014-05,2014-06,2014-07,2014-08,2014-09,2014-10,2014-11,2014-12,2015-01,2015-02,2015-03,2015-04,2015-05,2015-06,2015-07,2015-08,2015-09,2015-10,2015-11,2015-12,2016-01,2016-02,2016-03,2016-04,2016-05,2016-06,2016-07,2016-08,2016-09,2016-10,2016-11,2016-12,2017-01,2017-02,2017-03,2017-04,2017-05,2017-06,2017-07,2017-08,2017-09,2017-10,2017-11,2017-12,2018-01,2018-02,2018-03,2018-04,2018-05,2018-06,2018-07,2018-08,2018-09,2018-10,2018-11,2018-12,2019-01,2019-02,2019-03,2019-04,2019-05,2019-06,2019-07,2019-08,2019-09,2019-10,2019-11,2019-12,2020-01,2020-02,2020-03,2020-04,2020-05,2020-06,2020-07,2020-08,2020-09,2020-10,2020-11,2020-12,2021-01,2021-02,2021-03,2021-04,2021-05,2021-06,2021-07,2021-08,2021-09,2021-10,2021-11,2021-12,2022-01,2022-02,2022-03,2022-04,2022-05,2022-06,2022-07,2022-08,2022-09,2022-10,2022-11,2022-12,2023-01,2023-02,2023-03,2023-04,2023-05,2023-06,2023-07,2023-08,2023-09,2023-10,2023-11,2023-12,2024-01,2024-02,2024-03,2024-04,2024-05,2024-06,2024-07,2024-08,2024-09,2024-10,2024-11,2024-12,2025-01,2025-02,2025-03,2025-04,2025-05,2025-06,2025-07,2025-08,2025-09,2025-10,2025-11,2025-12,2026-01,2026-02,2026-03,2026-04,2026-05,2026-06,2026-07,2026-08
Astoria,Queens,neighborhood,15.0,12.0,14.0,9.0,8.0,8.0,4.0,6.0,4.0,6.0,6.0,5.0,7.0,7.0,9.0,19.0,19.0,20.0,21.0,21.0,17.0,19.0,22.0,20.0,18.0,16.0,14.0,12.0,16.0,20.0,22.0,22.0,22.0,21.0,22.0,22.0,23.0,20.0,19.0,25.0,31.0,30.0,25.0,28.0,28.0,30.0,23.0,24.0,25.0,29.0,28.0,27.0,28.0,32.0,26.0,25.0,21.0,18.0,25.0,25.0,26.0,26.0,33.0,41.0,48.0,56.0,49.0,50.0,43.0,41.0,38.0,34.0,37.0,31.0,34.0,34.0,42.0,49.0,48.0,47.0,53.0,59.0,57.0,58.0,50.0,45.0,41.0,38.0,44.0,68.0,75.0,67.0,52.0,69.0,73.0,66.0,72.0,71.0,79.0,89.0,89.0,95.0,86.0,87.0,95.0,108.0,103.0,82.0,76.0,65.0,68.0,92.0,95.0,105.0,108.0,102.0,109.0,105.0,87.0,74.0,76.0,73.0,78.0,69.0,71.0,87.0,100.0,104.0,123.0,115.0,107.0,90.0,101.0,97.0,116.0,122.0,141.0,142.0,129.0,122.0,119.0,131.0,105.0,90.0,96.0,105.0,119.0,125.0,133.0,127.0,129.0,119.0,125.0,126.0,113.0,95.0,94.0,93.0,97.0,94.0,104.0,105.0,120.0,110.0,120.0,118.0,127.0,111.0,98.0,93.0,101.0,109.0,122.0,128.0,115.0,103.0,95.0,102.0,101.0,89.0,77.0,81.0,81.0,97.0,97.0,100.0,94.0,102.0,107.0,99.0,92.0,78.0,81.0,82.0,91.0,100.0,102.0,104.0,97.0,88.0
Auburndale,Queens,neighborhood,6.0,7.0,6.0,6.0,5.0,6.0,8.0,4.0,4.0,4.0,2.0,3.0,3.0,2.0,7.0,7.0,5.0,4.0,5.0,5.0,6.0,6.0,7.0,6.0,7.0,7.0,9.0,11.0,13.0,13.0,13.0,12.0,10.0,11.0,10.0,8.0,7.0,8.0,8.0,8.0,13.0,10.0,10.0,7.0,7.0,5.0,3.0,1.0,1.0,1.0,2.0,5.0,4.0,8.0,11.0,12.0,13.0,15.0,9.0,7.0,7.0,7.0,7.0,5.0,8.0,9.0,8.0,10.0,12.0,10.0,10.0,5.0,4.0,4.0,8.0,9.0,9.0,11.0,10.0,10.0,9.0,10.0,10.0,9.0,8.0,11.0,13.0,17.0,21.0,40.0,53.0,46.0,13.0,15.0,17.0,16.0,15.0,15.0,15.0,17.0,21.0,21.0,16.0,14.0,18.0,19.0,17.0,15.0,15.0,18.0,24.0,29.0,31.0,30.0,36.0,27.0,28.0,29.0,26.0,19.0,17.0,15.0,15.0,11.0,13.0,12.0,20.0,21.0,23.0,24.0,20.0,12.0,12.0,13.0,15.0,20.0,19.0,16.0,24.0,24.0,19.0,19.0,13.0,6.0,6.0,7.0,14.0,14.0,15.0,13.0,13.0,17.0,19.0,18.0,17.0,17.0,16.0,12.0,13.0,20.0,24.0,22.0,18.0,18.0,22.0,22.0,17.0,14.0,11.0,11.0,17.0,17.0,17.0,13.0,12.0,12.0,10.0,8.0,9.0,9.0,12.0,12.0,14.0,13.0,10.0,11.0,13.0,16.0,15.0,11.0,12.0,11.0,7.0,7.0,7.0,11.0,12.0,14.0,20.0,25.0
Bath Beach,Brooklyn,neighborhood,2.0,2.0,4.0,4.0,5.0,6.0,6.0,7.0,7.0,6.0,7.0,5.0,5.0,4.0,8.0,8.0,8.0,11.0,13.0,11.0,10.0,13.0,15.0,15.0,13.0,12.0,16.0,14.0,10.0,6.0,7.0,9.0,11.0,10.0,9.0,9.0,8.0,6.0,7.0,8.0,7.0,7.0,9.0,7.0,7.0,9.0,8.0,9.0,8.0,7.0,8.0,9.0,8.0,11.0,9.0,8.0,9.0,8.0,6.0,6.0,4.0,3.0,4.0,5.0,5.0,9.0,7.0,5.0,8.0,10.0,9.0,6.0,7.0,5.0,12.0,21.0,19.0,24.0,21.0,23.0,22.0,25.0,22.0,17.0,11.0,13.0,13.0,12.0,18.0,26.0,31.0,28.0,29.0,33.0,35.0,31.0,34.0,33.0,37.0,38.0,47.0,46.0,45.0,42.0,47.0,48.0,47.0,46.0,47.0,49.0,45.0,47.0,51.0,47.0,56.0,50.0,50.0,55.0,50.0,43.0,42.0,47.0,41.0,34.0,32.0,37.0,36.0,36.0,40.0,47.0,47.0,43.0,38.0,35.0,32.0,34.0,37.0,32.0,30.0,35.0,34.0,36.0,40.0,38.0,34.0,27.0,29.0,34.0,29.0,33.0,32.0,30.0,31.0,35.0,33.0,30.0,26.0,25.0,28.0,31.0,34.0,41.0,37.0,36.0,35.0,34.0,32.0,27.0,30.0,32.0,32.0,30.0,28.0,26.0,31.0,30.0,37.0,34.0,35.0,30.0,26.0,24.0,25.0,28.0,27.0,26.0,29.0,27.0,31.0,33.0,26.0,24.0,21.0,24.0,24.0,31.0,28.0,34.0,34.0,36.0
Battery Park City,Manhattan,neighborhood,0.0,0.0,0.0,0.0,0.0,0.0,0.0,0.0,1.0,0.0,0.0,0.0,0.0,0.0,0.0,0.0,0.0,0.0,0.0,0.0,0.0,0.0,0.0,0.0,0.0,0.0,0.0,0.0,0.0,0.0,0.0,0.0,0.0,0.0,0.0,0.0,0.0,0.0,0.0,0.0,0.0,0.0,0.0,0.0,0.0,0.0,0.0,0.0,0.0,0.0,0.0,0.0,0.0,0.0,0.0,0.0,0.0,0.0,0.0,0.0,0.0,0.0,0.0,0.0,0.0,0.0,0.0,0.0,0.0,0.0,0.0,0.0,0.0,0.0,0.0,0.0,0.0,0.0,0.0,0.0,0.0,0.0,0.0,0.0,0.0,0.0,0.0,0.0,0.0,0.0,0.0,0.0,0.0,0.0,0.0,0.0,0.0,0.0,0.0,0.0,0.0,0.0,0.0,0.0,0.0,0.0,0.0,0.0,0.0,0.0,0.0,0.0,0.0,0.0,0.0,0.0,0.0,0.0,0.0,0.0,0.0,0.0,0.0,0.0,0.0,0.0,0.0,0.0,0.0,0.0,0.0,0.0,0.0,0.0,0.0,0.0,0.0,0.0,0.0,0.0,0.0,0.0,0.0,0.0,0.0,0.0,0.0,0.0,0.0,0.0,0.0,0.0,0.0,0.0,0.0,0.0,0.0,0.0,0.0,0.0,0.0,0.0,0.0,0.0,0.0,0.0,0.0,0.0,0.0,0.0,0.0,0.0,0.0,0.0,0.0,0.0,0.0,0.0,0.0,0.0,0.0,0.0,0.0,0.0,0.0,0.0,0.0,0.0,0.0,0.0,0.0,0.0,0.0,0.0,0.0,0.0,0.0,0.0,0.0,0.0
Bay Ridge,Brooklyn,neighborhood,15.0,16.0,18.0,18.0,23.0,25.0,22.0,19.0,23.0,23.0,22.0,23.0,22.0,24.0,28.0,30.0,33.0,34.0,34.0,32.0,33.0,34.0,33.0,31.0,30.0,25.0,29.0,29.0,34.0,36.0,36.0,37.0,36.0,36.0,35.0,33.0,37.0,40.0,42.0,46.0,44.0,45.0,37.0,35.0,37.0,41.0,50.0,44.0,46.0,48.0,39.0,38.0,42.0,46.0,47.0,42.0,46.0,48.0,47.0,42.0,48.0,46.0,43.0,41.0,44.0,48.0,45.0,43.0,41.0,53.0,54.0,50.0,42.0,45.0,56.0,75.0,82.0,77.0,74.0,76.0,74.0,75.0,80.0,83.0,82.0,94.0,89.0,104.0,110.0,120.0,105.0,111.0,103.0,106.0,111.0,98.0,107.0,121.0,113.0,111.0,114.0,118.0,108.0,111.0,117.0,131.0,133.0,119.0,122.0,112.0,120.0,126.0,137.0,143.0,146.0,134.0,116.0,124.0,121.0,108.0,102.0,100.0,79.0,68.0,68.0,78.0,98.0,102.0,112.0,104.0,98.0,85.0,80.0,75.0,80.0,89.0,99.0,122.0,118.0,113.0,116.0,111.0,92.0,74.0,74.0,82.0,93.0,89.0,92.0,87.0,101.0,106.0,98.0,94.0,86.0,85.0,87.0,81.0,90.0,99.0,101.0,99.0,89.0,94.0,90.0,96.0,99.0,81.0,80.0,75.0,88.0,99.0,99.0,89.0,74.0,69.0,72.0,77.0,80.0,72.0,66.0,60.0,69.0,72.0,79.0,82.0,82.0,77.0,76.0,87.0,78.0,78.0,67.0,62.0,81.0,82.0,84.0,83.0,88.0,78.0
Baychester,Bronx,neighborhood,0.0,0.0,1.0,1.0,2.0,1.0,0.0,0.0,0.0,0.0,0.0,0.0,0.0,0.0,0.0,0.0,0.0,1.0,1.0,1.0,0.0,0.0,0.0,0.0,0.0,0.0,0.0,0.0,0.0,0.0,0.0,0.0,0.0,0.0,0.0,0.0,0.0,0.0,0.0,1.0,1.0,3.0,3.0,3.0,3.0,2.0,2.0,2.0,0.0,0.0,0.0,0.0,1.0,1.0,2.0,2.0,6.0,5.0,5.0,4.0,4.0,6.0,5.0,4.0,5.0,4.0,3.0,5.0,3.0,4.0,3.0,2.0,1.0,1.0,1.0,0.0,2.0,2.0,1.0,3.0,5.0,6.0,6.0,5.0,5.0,4.0,3.0,1.0,2.0,5.0,6.0,6.0,4.0,6.0,4.0,1.0,3.0,4.0,5.0,5.0,3.0,4.0,4.0,5.0,4.0,6.0,6.0,7.0,9.0,9.0,8.0,9.0,9.0,8.0,7.0,6.0,4.0,4.0,5.0,5.0,5.0,5.0,6.0,6.0,6.0,5.0,6.0,7.0,4.0,6.0,5.0,4.0,2.0,1.0,2.0,2.0,1.0,1.0,1.0,1.0,1.0,4.0,3.0,4.0,3.0,3.0,7.0,8.0,9.0,8.0,8.0,7.0,8.0,4.0,3.0,3.0,3.0,3.0,3.0,3.0,3.0,4.0,4.0,3.0,3.0,2.0,2.0,3.0,2.0,1.0,1.0,1.0,0.0,1.0,1.0,2.0,3.0,2.0,1.0,1.0,2.0,1.0,1.0,2.0,1.0,2.0,3.0,3.0,2.0,1.0,1.0,1.0,2.0,2.0,4.0,3.0,4.0,4.0,6.0,2.0
Bayside,Queens,neighborhood,27.0,26.0,23.0,20.0,18.0,20.0,18.0,12.0,13.0,12.0,9.0,7.0,7.0,10.0,9.0,9.0,12.0,10.0,12.0,14.0,14.0,16.0,13.0,12.0,14.0,11.0,11.0,14.0,18.0,18.0,19.0,21.0,20.0,21.0,20.0,17.0,14.0,12.0,13.0,12.0,10.0,8.0,10.0,10.0,12.0,11.0,12.0,8.0,7.0,12.0,14.0,16.0,15.0,23.0,23.0,21.0,18.0,18.0,15.0,16.0,15.0,12.0,12.0,18.0,19.0,27.0,24.0,21.0,15.0,17.0,20.0,15.0,16.0,20.0,22.0,24.0,30.0,30.0,28.0,28.0,27.0,21.0,23.0,16.0,12.0,14.0,16.0,19.0,25.0,78.0,90.0,76.0,33.0,33.0,33.0,34.0,27.0,26.0,23.0,25.0,25.0,34.0,31.0,34.0,34.0,40.0,43.0,41.0,37.0,35.0,34.0,42.0,47.0,43.0,46.0,38.0,41.0,46.0,43.0,40.0,35.0,35.0,31.0,31.0,35.0,34.0,43.0,43.0,42.0,40.0,32.0,29.0,33.0,22.0,26.0,34.0,33.0,39.0,36.0,35.0,33.0,29.0,25.0,25.0,28.0,33.0,34.0,24.0,25.0,29.0,23.0,22.0,21.0,25.0,25.0,16.0,14.0,14.0,15.0,19.0,24.0,24.0,24.0,23.0,22.0,23.0,18.0,18.0,22.0,23.0,21.0,21.0,24.0,27.0,29.0,25.0,25.0,27.0,26.0,22.0,19.0,17.0,22.0,22.0,19.0,25.0,28.0,26.0,31.0,34.0,29.0,25.0,19.0,14.0,17.0,27.0,28.0,29.0,24.0,24.0
Bedford Park,Bronx,neighborhood,1.0,1.0,1.0,1.0,1.0,1.0,1.0,1.0,0.0,0.0,0.0,0.0,0.0,0.0,0.0,0.0,0.0,0.0,0.0,1.0,1.0,1.0,1.0,1.0,0.0,0.0,0.0,0.0,0.0,0.0,0.0,1.0,1.0,1.0,1.0,1.0,1.0,0.0,1.0,1.0,1.0,1.0,0.0,0.0,0.0,1.0,1.0,1.0,1.0,1.0,1.0,1.0,1.0,2.0,2.0,1.0,0.0,1.0,0.0,0.0,0.0,1.0,1.0,1.0,1.0,3.0,3.0,4.0,2.0,2.0,1.0,0.0,0.0,1.0,1.0,1.0,1.0,1.0,1.0,1.0,2.0,4.0,4.0,2.0,1.0,1.0,1.0,1.0,1.0,2.0,5.0,6.0,1.0,1.0,2.0,4.0,3.0,1.0,2.0,2.0,2.0,3.0,2.0,2.0,2.0,3.0,3.0,2.0,4.0,4.0,2.0,3.0,3.0,4.0,2.0,4.0,4.0,5.0,8.0,8.0,7.0,8.0,5.0,3.0,3.0,1.0,2.0,2.0,2.0,3.0,2.0,1.0,2.0,2.0,1.0,1.0,1.0,0.0,1.0,3.0,3.0,2.0,2.0,1.0,1.0,1.0,1.0,1.0,1.0,1.0,2.0,2.0,1.0,1.0,1.0,1.0,1.0,0.0,0.0,0.0,1.0,1.0,2.0,4.0,3.0,3.0,2.0,0.0,1.0,1.0,1.0,1.0,1.0,0.0,0.0,0.0,1.0,1.0,1.0,1.0,1.0,1.0,1.0,2.0,2.0,2.0,2.0,2.0,2.0,2.0,3.0,3.0,3.0,2.0,2.0,3.0,2.0,1.0,1.0,0.0
Bedford-Stuyvesant,Brooklyn,neighborhood,76.0,83.0,85.0,86.0,76.0,86.0,88.0,92.0,94.0,102.0,102.0,95.0,88.0,96.0,108.0,106.0,106.0,98.0,97.0,99.0,91.0,96.0,105.0,107.0,96.0,89.0,83.0,88.0,79.0,88.0,85.0,95.0,115.0,103.0,104.0,97.0,83.0,69.0,75.0,85.0,86.0,82.0,113.0,125.0,128.0,167.0,181.0,182.0,182.0,174.0,189.0,176.0,200.0,210.0,213.0,225.0,250.0,265.0,259.0,224.0,222.0,219.0,225.0,223.0,215.0,224.0,203.0,218.0,229.0,230.0,226.0,217.0,192.0,186.0,192.0,210.0,218.0,227.0,233.0,229.0,244.0,241.0,225.0,180.0,171.0,170.0,168.0,163.0,171.0,178.0,182.0,165.0,182.0,201.0,212.0,198.0,181.0,175.0,207.0,217.0,236.0,242.0,234.0,219.0,236.0,233.0,232.0,228.0,227.0,229.0,231.0,254.0,267.0,258.0,244.0,232.0,234.0,234.0,223.0,188.0,181.0,180.0,181.0,161.0,173.0,211.0,217.0,222.0,261.0,284.0,266.0,230.0,215.0,197.0,191.0,198.0,193.0,213.0,192.0,166.0,178.0,197.0,179.0,150.0,143.0,133.0,150.0,147.0,145.0,170.0,157.0,145.0,158.0,184.0,178.0,164.0,164.0,153.0,172.0,161.0,175.0,164.0,173.0,159.0,158.0,171.0,170.0,147.0,136.0,139.0,159.0,151.0,156.0,147.0,144.0,137.0,147.0,151.0,150.0,142.0,140.0,139.0,151.0,152.0,186.0,186.0,170.0,165.0,180.0,180.0,170.0,146.0,124.0,117.0,136.0,139.0,163.0,174.0,161.0,159.0
Bellerose,Queens,neighborhood,1.0,1.0,1.0,1.0,0.0,1.0,1.0,1.0,0.0,0.0,0.0,0.0,0.0,0.0,0.0,0.0,0.0,0.0,0.0,0.0,1.0,0.0,0.0,0.0,0.0,0.0,0.0,0.0,0.0,0.0,0.0,0.0,1.0,2.0,2.0,2.0,0.0,0.0,0.0,1.0,1.0,0.0,2.0,3.0,6.0,5.0,6.0,8.0,9.0,3.0,3.0,5.0,9.0,9.0,12.0,9.0,7.0,3.0,3.0,2.0,3.0,6.0,13.0,17.0,21.0,19.0,19.0,18.0,19.0,18.0,16.0,12.0,17.0,14.0,16.0,21.0,25.0,24.0,21.0,18.0,16.0,11.0,10.0,7.0,11.0,10.0,11.0,11.0,12.0,22.0,30.0,34.0,22.0,24.0,20.0,17.0,16.0,15.0,21.0,20.0,18.0,19.0,19.0,17.0,18.0,16.0,12.0,12.0,16.0,16.0,14.0,14.0,19.0,23.0,24.0,24.0,20.0,18.0,18.0,15.0,11.0,9.0,8.0,6.0,8.0,10.0,14.0,21.0,19.0,19.0,15.0,14.0,8.0,8.0,3.0,3.0,2.0,9.0,10.0,12.0,11.0,9.0,6.0,5.0,5.0,5.0,8.0,9.0,12.0,13.0,14.0,15.0,10.0,12.0,13.0,10.0,14.0,14.0,12.0,11.0,10.0,12.0,7.0,6.0,8.0,6.0,6.0,6.0,7.0,6.0,6.0,7.0,8.0,6.0,6.0,9.0,7.0,6.0,5.0,3.0,2.0,3.0,4.0,5.0,5.0,9.0,9.0,5.0,6.0,7.0,3.0,7.0,6.0,3.0,1.0,2.0,4.0,7.0,9.0,8.0
Belmont,Bronx,neighborhood,1.0,1.0,1.0,1.0,0.0,0.0,0.0,0.0,0.0,0.0,0.0,0.0,0.0,0.0,0.0,0.0,1.0,1.0,2.0,2.0,2.0,2.0,4.0,4.0,3.0,3.0,2.0,2.0,1.0,1.0,1.0,1.0,1.0,1.0,1.0,0.0,2.0,2.0,2.0,1.0,1.0,1.0,1.0,1.0,1.0,1.0,1.0,1.0,1.0,1.0,1.0,1.0,2.0,2.0,3.0,3.0,4.0,3.0,5.0,4.0,5.0,5.0,2.0,0.0,0.0,0.0,0.0,0.0,0.0,0.0,0.0,0.0,0.0,0.0,1.0,0.0,0.0,0.0,0.0,0.0,0.0,0.0,0.0,0.0,0.0,0.0,0.0,0.0,1.0,3.0,3.0,0.0,0.0,0.0,0.0,0.0,0.0,0.0,0.0,2.0,2.0,4.0,5.0,4.0,1.0,1.0,1.0,0.0,0.0,0.0,0.0,0.0,2.0,2.0,1.0,1.0,2.0,2.0,2.0,2.0,2.0,1.0,1.0,1.0,1.0,1.0,1.0,0.0,2.0,3.0,2.0,3.0,3.0,3.0,3.0,2.0,3.0,3.0,4.0,5.0,5.0,5.0,5.0,6.0,4.0,4.0,5.0,3.0,4.0,4.0,3.0,0.0,1.0,1.0,1.0,1.0,1.0,1.0,1.0,1.0,1.0,0.0,0.0,1.0,1.0,1.0,2.0,2.0,2.0,1.0,2.0,2.0,2.0,2.0,1.0,1.0,1.0,1.0,2.0,2.0,2.0,2.0,2.0,2.0,3.0,1.0,2.0,1.0,3.0,3.0,3.0,2.0,2.0,2.0,2.0,0.0,1.0,2.0,1.0,2.0
Bensonhurst,Brooklyn,neighborhood,3.0,3.0,8.0,8.0,7.0,9.0,9.0,10.0,8.0,9.0,9.0,9.0,10.0,11.0,14.0,14.0,17.0,20.0,16.0,19.0,21.0,17.0,18.0,15.0,17.0,16.0,16.0,14.0,15.0,15.0,15.0,15.0,10.0,8.0,7.0,6.0,8.0,5.0,4.0,7.0,11.0,11.0,8.0,10.0,11.0,14.0,10.0,11.0,11.0,15.0,17.0,12.0,13.0,12.0,12.0,10.0,16.0,18.0,12.0,12.0,9.0,11.0,16.0,13.0,16.0,18.0,19.0,19.0,18.0,16.0,14.0,12.0,11.0,18.0,23.0,35.0,35.0,51.0,42.0,47.0,44.0,51.0,38.0,34.0,30.0,29.0,29.0,43.0,41.0,39.0,45.0,57.0,61.0,66.0,56.0,52.0,55.0,64.0,78.0,71.0,74.0,77.0,82.0,79.0,88.0,91.0,90.0,84.0,79.0,92.0,89.0,101.0,105.0,96.0,95.0,102.0,105.0,104.0,88.0,74.0,64.0,62.0,64.0,51.0,46.0,50.0,62.0,65.0,59.0,48.0,53.0,50.0,47.0,48.0,51.0,54.0,47.0,57.0,58.0,70.0,73.0,66.0,65.0,59.0,60.0,60.0,63.0,57.0,65.0,67.0,64.0,69.0,64.0,66.0,65.0,61.0,63.0,62.0,65.0,73.0,80.0,90.0,90.0,95.0,89.0,92.0,86.0,76.0,74.0,72.0,73.0,64.0,64.0,65.0,67.0,71.0,71.0,78.0,67.0,62.0,64.0,65.0,69.0,70.0,80.0,67.0,65.0,58.0,49.0,54.0,46.0,42.0,39.0,35.0,33.0,38.0,46.0,51.0,47.0,43.0
Bergen Beach,Brooklyn,neighborhood,9.0,10.0,10.0,11.0,4.0,4.0,3.0,5.0,5.0,7.0,8.0,8.0,8.0,10.0,10.0,11.0,10.0,12.0,11.0,11.0,10.0,10.0,9.0,8.0,8.0,10.0,10.0,9.0,11.0,8.0,7.0,10.0,9.0,10.0,9.0,5.0,8.0,10.0,10.0,9.0,13.0,17.0,18.0,17.0,14.0,27.0,25.0,28.0,30.0,32.0,38.0,40.0,40.0,38.0,41.0,38.0,38.0,62.0,61.0,62.0,51.0,49.0,49.0,51.0,55.0,58.0,58.0,54.0,46.0,40.0,38.0,39.0,40.0,43.0,41.0,35.0,32.0,36.0,35.0,31.0,28.0,29.0,30.0,29.0,30.0,31.0,32.0,24.0,27.0,30.0,37.0,43.0,31.0,32.0,33.0,31.0,33.0,37.0,39.0,42.0,43.0,48.0,49.0,49.0,38.0,37.0,40.0,41.0,52.0,50.0,54.0,73.0,73.0,74.0,77.0,73.0,74.0,74.0,59.0,52.0,47.0,47.0,54.0,52.0,51.0,54.0,67.0,69.0,69.0,68.0,73.0,70.0,73.0,76.0,78.0,70.0,61.0,59.0,49.0,41.0,38.0,37.0,35.0,36.0,31.0,30.0,31.0,33.0,31.0,26.0,34.0,35.0,36.0,33.0,37.0,35.0,38.0,39.0,40.0,40.0,48.0,50.0,49.0,47.0,40.0,40.0,39.0,32.0,37.0,30.0,32.0,28.0,33.0,40.0,38.0,37.0,39.0,37.0,32.0,30.0,36.0,28.0,23.0,27.0,27.0,27.0,27.0,27.0,34.0,36.0,33.0,29.0,26.0,26.0,28.0,31.0,33.0,33.0,32.0,39.0
Boerum Hill,Brooklyn,neighborhood,10.0,12.0,17.0,17.0,14.0,17.0,12.0,10.0,10.0,5.0,3.0,4.0,7.0,8.0,9.0,11.0,13.0,18.0,15.0,12.0,11.0,10.0,10.0,9.0,10.0,10.0,11.0,14.0,16.0,15.0,12.0,10.0,11.0,12.0,8.0,7.0,4.0,14.0,15.0,15.0,16.0,15.0,14.0,13.0,17.0,15.0,12.0,7.0,4.0,6.0,6.0,8.0,16.0,15.0,14.0,13.0,13.0,14.0,13.0,9.0,8.0,9.0,9.0,22.0,31.0,37.0,39.0,35.0,34.0,36.0,34.0,29.0,28.0,25.0,27.0,31.0,30.0,28.0,19.0,19.0,18.0,20.0,20.0,19.0,19.0,19.0,18.0,20.0,22.0,20.0,17.0,16.0,19.0,18.0,16.0,14.0,12.0,10.0,12.0,16.0,23.0,21.0,22.0,17.0,19.0,19.0,14.0,12.0,12.0,13.0,12.0,16.0,18.0,19.0,22.0,22.0,23.0,21.0,20.0,19.0,15.0,15.0,18.0,12.0,14.0,23.0,26.0,26.0,26.0,23.0,23.0,20.0,14.0,15.0,20.0,21.0,16.0,14.0,11.0,8.0,12.0,15.0,12.0,6.0,9.0,9.0,8.0,10.0,10.0,13.0,11.0,8.0,6.0,7.0,5.0,2.0,3.0,6.0,8.0,8.0,9.0,9.0,8.0,8.0,13.0,15.0,14.0,11.0,11.0,14.0,16.0,16.0,20.0,19.0,17.0,15.0,16.0,14.0,10.0,9.0,10.0,9.0,8.0,14.0,19.0,20.0,15.0,10.0,15.0,16.0,13.0,13.0,10.0,9.0,13.0,16.0,16.0,17.0,14.0,12.0
Borough Park,Brooklyn,neighborhood,2.0,4.0,5.0,6.0,7.0,8.0,8.0,7.0,9.0,7.0,7.0,8.0,6.0,9.0,13.0,10.0,11.0,10.0,11.0,14.0,18.0,17.0,16.0,13.0,12.0,13.0,15.0,17.0,18.0,19.0,17.0,21.0,15.0,14.0,15.0,15.0,15.0,13.0,13.0,12.0,12.0,11.0,10.0,8.0,7.0,9.0,9.0,6.0,6.0,7.0,8.0,5.0,4.0,4.0,3.0,5.0,4.0,3.0,2.0,4.0,5.0,4.0,5.0,6.0,6.0,5.0,6.0,7.0,10.0,9.0,8.0,5.0,5.0,7.0,11.0,11.0,10.0,14.0,15.0,15.0,16.0,17.0,14.0,19.0,12.0,15.0,22.0,25.0,24.0,33.0,37.0,48.0,51.0,52.0,54.0,52.0,47.0,46.0,49.0,52.0,50.0,61.0,71.0,79.0,71.0,73.0,69.0,66.0,67.0,64.0,74.0,82.0,92.0,91.0,90.0,85.0,84.0,80.0,80.0,68.0,66.0,62.0,55.0,49.0,49.0,49.0,53.0,42.0,39.0,38.0,38.0,41.0,41.0,43.0,43.0,37.0,38.0,39.0,43.0,41.0,37.0,43.0,43.0,41.0,32.0,28.0,29.0,32.0,35.0,34.0,36.0,38.0,39.0,35.0,39.0,36.0,36.0,33.0,36.0,35.0,35.0,44.0,42.0,46.0,38.0,38.0,36.0,35.0,34.0,35.0,37.0,29.0,34.0,42.0,44.0,38.0,41.0,38.0,32.0,35.0,41.0,36.0,33.0,35.0,33.0,32.0,29.0,31.0,30.0,24.0,28.0,21.0,24.0,25.0,27.0,27.0,27.0,22.0,26.0,24.0
Briarwood,Queens,neighborhood,0.0,1.0,1.0,1.0,1.0,0.0,0.0,0.0,0.0,0.0,0.0,1.0,1.0,2.0,3.0,2.0,2.0,2.0,1.0,1.0,1.0,0.0,0.0,0.0,0.0,1.0,1.0,2.0,2.0,1.0,1.0,1.0,1.0,2.0,2.0,3.0,4.0,4.0,7.0,6.0,4.0,4.0,4.0,4.0,4.0,1.0,3.0,4.0,4.0,3.0,3.0,2.0,3.0,3.0,5.0,6.0,6.0,6.0,5.0,5.0,5.0,6.0,5.0,4.0,4.0,4.0,2.0,0.0,1.0,1.0,0.0,0.0,0.0,1.0,1.0,4.0,4.0,5.0,6.0,6.0,7.0,8.0,9.0,11.0,10.0,8.0,11.0,10.0,14.0,21.0,25.0,26.0,17.0,18.0,20.0,15.0,12.0,12.0,15.0,14.0,17.0,22.0,16.0,13.0,13.0,14.0,14.0,15.0,15.0,15.0,17.0,15.0,14.0,20.0,23.0,20.0,18.0,19.0,17.0,17.0,16.0,15.0,15.0,13.0,10.0,9.0,9.0,9.0,11.0,14.0,12.0,10.0,11.0,13.0,14.0,13.0,14.0,14.0,14.0,13.0,16.0,13.0,14.0,11.0,12.0,8.0,10.0,12.0,11.0,12.0,13.0,13.0,15.0,12.0,12.0,7.0,10.0,8.0,8.0,13.0,14.0,12.0,9.0,8.0,9.0,10.0,7.0,8.0,7.0,7.0,7.0,7.0,10.0,9.0,8.0,6.0,6.0,7.0,7.0,3.0,2.0,3.0,3.0,4.0,3.0,2.0,3.0,6.0,8.0,9.0,9.0,9.0,8.0,8.0,8.0,5.0,6.0,4.0,6.0,8.0
Brighton Beach,Brooklyn,neighborhood,2.0,2.0,4.0,5.0,4.0,4.0,5.0,3.0,4.0,4.0,4.0,3.0,4.0,5.0,6.0,6.0,6.0,6.0,5.0,4.0,4.0,5.0,8.0,7.0,8.0,8.0,7.0,7.0,7.0,3.0,5.0,6.0,6.0,7.0,7.0,9.0,8.0,7.0,9.0,10.0,12.0,9.0,9.0,10.0,11.0,13.0,11.0,10.0,10.0,10.0,10.0,10.0,10.0,13.0,14.0,16.0,13.0,12.0,11.0,11.0,11.0,14.0,13.0,17.0,17.0,20.0,19.0,19.0,18.0,16.0,16.0,15.0,12.0,9.0,11.0,11.0,13.0,14.0,13.0,14.0,16.0,14.0,12.0,9.0,13.0,10.0,9.0,10.0,13.0,12.0,12.0,19.0,16.0,21.0,20.0,23.0,22.0,22.0,28.0,30.0,28.0,26.0,25.0,18.0,19.0,19.0,22.0,20.0,23.0,22.0,22.0,20.0,24.0,22.0,24.0,23.0,20.0,25.0,22.0,19.0,22.0,21.0,21.0,19.0,18.0,24.0,27.0,26.0,30.0,29.0,25.0,25.0,27.0,25.0,28.0,25.0,36.0,36.0,33.0,33.0,34.0,36.0,34.0,31.0,30.0,23.0,21.0,23.0,21.0,18.0,14.0,13.0,15.0,15.0,15.0,15.0,18.0,17.0,21.0,23.0,22.0,22.0,22.0,22.0,23.0,31.0,26.0,24.0,26.0,28.0,28.0,28.0,31.0,35.0,32.0,32.0,32.0,36.0,38.0,39.0,29.0,32.0,33.0,30.0,31.0,33.0,31.0,37.0,36.0,29.0,33.0,27.0,27.0,26.0,24.0,23.0,25.0,25.0,24.0,28.0
Bronx,Bronx,borough,88.0,92.0,98.0,106.0,94.0,96.0,99.0,76.0,72.0,73.0,75.0,73.0,84.0,86.0,111.0,126.0,137.0,150.0,153.0,163.0,152.0,157.0,174.0,160.0,153.0,147.0,144.0,159.0,165.0,155.0,168.0,162.0,160.0,152.0,139.0,140.0,145.0,138.0,144.0,145.0,148.0,165.0,157.0,167.0,172.0,198.0,198.0,189.0,184.0,167.0,170.0,165.0,172.0,160.0,175.0,185.0,203.0,203.0,193.0,174.0,174.0,202.0,212.0,215.0,231.0,257.0,258.0,253.0,237.0,247.0,249.0,200.0,182.0,210.0,223.0,224.0,234.0,238.0,214.0,221.0,237.0,237.0,239.0,238.0,229.0,214.0,217.0,203.0,227.0,395.0,487.0,473.0,271.0,278.0,275.0,267.0,264.0,247.0,286.0,287.0,310.0,324.0,335.0,334.0,331.0,345.0,323.0,327.0,332.0,338.0,343.0,369.0,375.0,373.0,376.0,379.0,350.0,341.0,314.0,302.0,338.0,322.0,280.0,230.0,233.0,254.0,258.0,242.0,264.0,284.0,287.0,270.0,270.0,272.0,281.0,300.0,304.0,316.0,332.0,335.0,311.0,310.0,282.0,263.0,268.0,257.0,281.0,273.0,314.0,334.0,360.0,334.0,332.0,332.0,279.0,260.0,254.0,233.0,234.0,210.0,208.0,212.0,208.0,199.0,199.0,216.0,221.0,214.0,213.0,214.0,209.0,203.0,210.0,208.0,222.0,203.0,211.0,204.0,190.0,173.0,177.0,171.0,193.0,201.0,215.0,197.0,215.0,211.0,217.0,215.0,199.0,202.0,190.0,182.0,179.0,181.0,200.0,194.0,232.0,204.0
Bronxwood,Bronx,neighborhood,1.0,1.0,1.0,1.0,1.0,1.0,2.0,3.0,2.0,2.0,2.0,1.0,0.0,0.0,0.0,0.0,0.0,0.0,0.0,1.0,1.0,1.0,1.0,1.0,1.0,1.0,0.0,0.0,0.0,1.0,1.0,1.0,1.0,1.0,0.0,1.0,1.0,1.0,1.0,1.0,1.0,1.0,2.0,2.0,3.0,4.0,4.0,3.0,3.0,2.0,3.0,2.0,5.0,4.0,5.0,5.0,7.0,6.0,6.0,7.0,6.0,6.0,8.0,8.0,9.0,8.0,6.0,6.0,5.0,4.0,5.0,2.0,2.0,4.0,5.0,5.0,5.0,5.0,3.0,5.0,7.0,6.0,6.0,6.0,6.0,5.0,5.0,5.0,5.0,7.0,8.0,6.0,8.0,8.0,8.0,10.0,11.0,10.0,13.0,14.0,11.0,8.0,4.0,3.0,2.0,1.0,0.0,3.0,3.0,2.0,2.0,3.0,4.0,4.0,7.0,8.0,8.0,7.0,6.0,4.0,5.0,4.0,3.0,3.0,3.0,4.0,1.0,3.0,2.0,3.0,4.0,3.0,3.0,2.0,3.0,4.0,4.0,4.0,4.0,5.0,5.0,4.0,5.0,5.0,6.0,7.0,7.0,6.0,6.0,5.0,7.0,4.0,2.0,5.0,1.0,0.0,0.0,2.0,2.0,2.0,3.0,1.0,2.0,3.0,4.0,6.0,6.0,5.0,5.0,5.0,3.0,0.0,0.0,0.0,1.0,1.0,1.0,1.0,1.0,2.0,2.0,1.0,1.0,1.0,1.0,4.0,4.0,5.0,3.0,2.0,2.0,1.0,1.0,0.0,3.0,2.0,4.0,5.0,4.0,4.0
Brooklyn,Brooklyn,borough,632.0,645.0,732.0,812.0,760.0,787.0,793.0,729.0,767.0,807.0,774.0,726.0,732.0,807.0,907.0,920.0,944.0,986.0,963.0,949.0,973.0,987.0,966.0,946.0,897.0,851.0,914.0,931.0,934.0,915.0,888.0,847.0,879.0,873.0,804.0,738.0,751.0,721.0,760.0,827.0,908.0,885.0,905.0,886.0,906.0,1085.0,1089.0,1022.0,1049.0,1075.0,1156.0,1182.0,1331.0,1365.0,1382.0,1395.0,1500.0,1630.0,1570.0,1508.0,1478.0,1519.0,1583.0,1638.0,1645.0,1718.0,1670.0,1568.0,1614.0,1637.0,1564.0,1446.0,1322.0,1390.0,1537.0,1655.0,1710.0,1826.0,1780.0,1768.0,1827.0,1872.0,1804.0,1620.0,1585.0,1534.0,1588.0,1626.0,1808.0,1967.0,2055.0,2118.0,2096.0,2147.0,2145.0,1961.0,2001.0,2044.0,2269.0,2344.0,2528.0,2601.0,2572.0,2547.0,2578.0,2634.0,2526.0,2363.0,2451.0,2384.0,2524.0,2724.0,2871.0,2915.0,2935.0,2794.0,2815.0,2860.0,2685.0,2394.0,2293.0,2177.0,2042.0,1733.0,1747.0,2008.0,2299.0,2361.0,2520.0,2591.0,2506.0,2360.0,2221.0,2107.0,2137.0,2172.0,2183.0,2257.0,2201.0,2160.0,2212.0,2350.0,2169.0,1922.0,1803.0,1791.0,1949.0,1953.0,2006.0,2107.0,2096.0,2019.0,2080.0,2153.0,2097.0,1929.0,1883.0,1853.0,1989.0,2017.0,2088.0,2099.0,2022.0,1955.0,1939.0,2010.0,1984.0,1769.0,1764.0,1763.0,1844.0,1883.0,1976.0,1970.0,1943.0,1846.0,1961.0,2007.0,1818.0,1672.0,1666.0,1635.0,1746.0,1790.0,1932.0,1909.0,1862.0,1789.0,1831.0,1868.0,1714.0,1574.0,1490.0,1447.0,1611.0,1732.0,1858.0,1868.0,1811.0,1700.0
Brooklyn Heights,Brooklyn,neighborhood,15.0,14.0,17.0,18.0,15.0,14.0,15.0,11.0,16.0,16.0,13.0,12.0,13.0,15.0,18.0,18.0,23.0,24.0,21.0,14.0,20.0,20.0,19.0,16.0,16.0,19.0,22.0,24.0,23.0,18.0,17.0,11.0,12.0,15.0,13.0,10.0,8.0,7.0,5.0,7.0,9.0,4.0,5.0,7.0,13.0,15.0,15.0,15.0,15.0,14.0,14.0,15.0,14.0,10.0,9.0,6.0,11.0,9.0,6.0,6.0,7.0,11.0,12.0,17.0,17.0,16.0,15.0,14.0,16.0,13.0,14.0,13.0,16.0,14.0,20.0,23.0,20.0,20.0,23.0,21.0,22.0,22.0,20.0,16.0,16.0,18.0,18.0,26.0,26.0,26.0,21.0,18.0,21.0,22.0,20.0,18.0,20.0,22.0,25.0,24.0,27.0,25.0,22.0,22.0,30.0,31.0,28.0,30.0,25.0,26.0,32.0,33.0,38.0,32.0,24.0,20.0,24.0,30.0,27.0,26.0,26.0,27.0,31.0,26.0,25.0,25.0,24.0,28.0,31.0,32.0,30.0,31.0,25.0,26.0,27.0,31.0,35.0,34.0,28.0,19.0,21.0,23.0,27.0,20.0,21.0,24.0,26.0,27.0,28.0,28.0,26.0,23.0,25.0,26.0,23.0,23.0,20.0,20.0,19.0,23.0,23.0,27.0,27.0,18.0,22.0,23.0,18.0,17.0,14.0,11.0,19.0,30.0,26.0,19.0,22.0,18.0,25.0,24.0,22.0,23.0,19.0,17.0,18.0,18.0,19.0,18.0,17.0,12.0,19.0,21.0,18.0,17.0,11.0,9.0,11.0,20.0,21.0,17.0,13.0,10.0
Brookville,Queens,neighborhood,2.0,2.0,2.0,2.0,1.0,0.0,1.0,1.0,1.0,0.0,1.0,1.0,1.0,1.0,1.0,1.0,1.0,1.0,1.0,1.0,1.0,2.0,3.0,1.0,1.0,1.0,1.0,0.0,1.0,1.0,1.0,0.0,0.0,0.0,0.0,0.0,0.0,0.0,0.0,0.0,0.0,0.0,0.0,0.0,0.0,0.0,0.0,0.0,0.0,0.0,1.0,2.0,3.0,3.0,1.0,1.0,1.0,0.0,0.0,0.0,0.0,0.0,0.0,1.0,1.0,3.0,3.0,2.0,2.0,1.0,2.0,2.0,1.0,1.0,2.0,2.0,3.0,3.0,5.0,3.0,2.0,2.0,2.0,3.0,4.0,4.0,3.0,1.0,3.0,17.0,21.0,15.0,5.0,5.0,4.0,6.0,6.0,6.0,6.0,7.0,8.0,12.0,9.0,16.0,14.0,16.0,15.0,13.0,9.0,7.0,9.0,11.0,14.0,14.0,17.0,15.0,16.0,15.0,8.0,6.0,12.0,12.0,12.0,14.0,15.0,14.0,16.0,15.0,16.0,17.0,16.0,12.0,9.0,10.0,10.0,7.0,6.0,6.0,6.0,7.0,9.0,11.0,8.0,9.0,8.0,9.0,10.0,8.0,7.0,9.0,9.0,11.0,11.0,10.0,12.0,10.0,9.0,12.0,12.0,12.0,14.0,14.0,10.0,10.0,9.0,11.0,11.0,11.0,12.0,13.0,11.0,10.0,10.0,7.0,3.0,3.0,4.0,5.0,3.0,4.0,5.0,3.0,3.0,5.0,4.0,6.0,6.0,6.0,6.0,5.0,5.0,6.0,6.0,6.0,5.0,6.0,4.0,1.0,3.0,6.0
Brownsville,Brooklyn,neighborhood,4.0,1.0,3.0,3.0,3.0,3.0,7.0,6.0,6.0,8.0,7.0,6.0,7.0,8.0,10.0,10.0,11.0,12.0,13.0,13.0,13.0,13.0,16.0,14.0,13.0,12.0,11.0,11.0,8.0,9.0,8.0,8.0,9.0,14.0,12.0,11.0,10.0,9.0,8.0,6.0,9.0,13.0,12.0,11.0,9.0,14.0,14.0,15.0,18.0,17.0,17.0,20.0,21.0,23.0,22.0,23.0,21.0,26.0,24.0,26.0,29.0,29.0,28.0,25.0,32.0,32.0,27.0,20.0,20.0,17.0,14.0,18.0,11.0,14.0,15.0,19.0,20.0,24.0,24.0,27.0,26.0,27.0,24.0,23.0,29.0,30.0,23.0,18.0,26.0,30.0,36.0,40.0,34.0,32.0,30.0,26.0,30.0,32.0,36.0,38.0,36.0,37.0,40.0,34.0,33.0,40.0,41.0,46.0,42.0,36.0,38.0,36.0,30.0,26.0,31.0,29.0,31.0,36.0,29.0,25.0,29.0,25.0,26.0,21.0,23.0,20.0,19.0,18.0,22.0,21.0,21.0,25.0,29.0,24.0,26.0,29.0,31.0,34.0,34.0,37.0,32.0,35.0,35.0,31.0,30.0,30.0,34.0,33.0,35.0,29.0,34.0,34.0,33.0,33.0,30.0,29.0,30.0,32.0,37.0,35.0,39.0,35.0,36.0,35.0,34.0,40.0,45.0,40.0,37.0,37.0,31.0,29.0,34.0,41.0,40.0,37.0,37.0,34.0,26.0,29.0,29.0,27.0,26.0,26.0,30.0,25.0,26.0,22.0,27.0,23.0,23.0,17.0,19.0,21.0,21.0,25.0,24.0,22.0,27.0,31.0
Bushwick,Brooklyn,neighborhood,17.0,16.0,19.0,23.0,17.0,18.0,20.0,24.0,24.0,24.0,21.0,25.0,25.0,25.0,22.0,23.0,25.0,28.0,27.0,32.0,35.0,43.0,42.0,47.0,45.0,44.0,44.0,42.0,41.0,37.0,37.0,37.0,37.0,36.0,40.0,39.0,46.0,40.0,36.0,33.0,32.0,21.0,25.0,27.0,33.0,40.0,48.0,45.0,51.0,57.0,68.0,69.0,69.0,70.0,81.0,75.0,88.0,90.0,105.0,97.0,114.0,116.0,108.0,88.0,89.0,100.0,99.0,101.0,109.0,102.0,93.0,95.0,85.0,76.0,87.0,78.0,80.0,91.0,96.0,100.0,95.0,107.0,104.0,96.0,93.0,91.0,92.0,86.0,94.0,103.0,107.0,100.0,98.0,105.0,98.0,80.0,97.0,90.0,106.0,105.0,112.0,119.0,110.0,114.0,127.0,122.0,123.0,112.0,117.0,116.0,114.0,120.0,131.0,138.0,145.0,141.0,145.0,137.0,130.0,117.0,111.0,108.0,97.0,84.0,87.0,94.0,104.0,122.0,125.0,118.0,130.0,120.0,104.0,104.0,100.0,88.0,81.0,85.0,87.0,91.0,103.0,112.0,99.0,85.0,81.0,78.0,84.0,88.0,91.0,92.0,87.0,76.0,75.0,68.0,73.0,58.0,53.0,55.0,67.0,72.0,73.0,78.0,69.0,65.0,63.0,62.0,62.0,57.0,60.0,66.0,61.0,61.0,65.0,64.0,67.0,59.0,71.0,81.0,80.0,72.0,79.0,83.0,85.0,83.0,80.0,86.0,85.0,92.0,83.0,90.0,82.0,70.0,72.0,75.0,83.0,82.0,92.0,86.0,90.0,85.0
Cambria Heights,Queens,neighborhood,3.0,2.0,3.0,2.0,2.0,3.0,4.0,4.0,5.0,5.0,6.0,6.0,7.0,5.0,8.0,8.0,9.0,9.0,10.0,10.0,6.0,9.0,9.0,11.0,9.0,9.0,8.0,8.0,8.0,7.0,8.0,8.0,7.0,5.0,4.0,4.0,4.0,3.0,4.0,3.0,4.0,2.0,4.0,8.0,6.0,5.0,5.0,8.0,7.0,6.0,4.0,4.0,6.0,5.0,5.0,10.0,9.0,5.0,6.0,6.0,6.0,7.0,11.0,10.0,8.0,10.0,11.0,9.0,11.0,10.0,9.0,9.0,6.0,8.0,9.0,8.0,6.0,4.0,4.0,6.0,5.0,4.0,4.0,3.0,7.0,9.0,8.0,9.0,6.0,25.0,32.0,32.0,17.0,19.0,18.0,17.0,12.0,14.0,17.0,16.0,17.0,26.0,27.0,21.0,21.0,24.0,19.0,15.0,18.0,20.0,25.0,29.0,35.0,27.0,28.0,23.0,21.0,21.0,21.0,26.0,30.0,28.0,29.0,24.0,22.0,21.0,17.0,16.0,19.0,18.0,20.0,22.0,24.0,26.0,27.0,22.0,19.0,19.0,15.0,19.0,21.0,23.0,18.0,17.0,16.0,17.0,16.0,13.0,11.0,15.0,16.0,21.0,24.0,22.0,24.0,22.0,25.0,20.0,18.0,17.0,20.0,18.0,19.0,18.0,19.0,19.0,18.0,14.0,12.0,14.0,17.0,15.0,13.0,13.0,11.0,9.0,12.0,9.0,8.0,6.0,7.0,9.0,11.0,7.0,6.0,5.0,5.0,5.0,8.0,8.0,6.0,7.0,8.0,8.0,9.0,7.0,6.0,12.0,13.0,7.0
Canarsie,Brooklyn,neighborhood,24.0,29.0,38.0,47.0,56.0,62.0,56.0,51.0,49.0,50.0,48.0,44.0,46.0,54.0,51.0,53.0,54.0,59.0,57.0,67.0,68.0,70.0,63.0,63.0,65.0,55.0,56.0,62.0,62.0,61.0,59.0,48.0,51.0,46.0,43.0,47.0,51.0,45.0,47.0,47.0,52.0,49.0,50.0,48.0,46.0,54.0,48.0,45.0,46.0,41.0,49.0,61.0,72.0,77.0,77.0,84.0,86.0,100.0,107.0,100.0,92.0,97.0,100.0,99.0,100.0,95.0,90.0,93.0,86.0,84.0,80.0,74.0,65.0,69.0,75.0,71.0,70.0,75.0,74.0,64.0,66.0,70.0,78.0,75.0,80.0,78.0,85.0,78.0,91.0,100.0,123.0,131.0,100.0,93.0,99.0,110.0,109.0,111.0,117.0,127.0,124.0,118.0,117.0,127.0,122.0,121.0,121.0,114.0,115.0,102.0,105.0,111.0,102.0,109.0,123.0,121.0,118.0,116.0,113.0,102.0,95.0,93.0,81.0,65.0,65.0,69.0,72.0,68.0,73.0,67.0,62.0,61.0,54.0,54.0,62.0,63.0,72.0,78.0,88.0,78.0,79.0,86.0,82.0,77.0,81.0,78.0,72.0,73.0,77.0,87.0,83.0,84.0,88.0,93.0,92.0,84.0,87.0,86.0,97.0,100.0,87.0,83.0,68.0,62.0,68.0,76.0,71.0,57.0,61.0,54.0,58.0,69.0,73.0,77.0,62.0,68.0,73.0,81.0,63.0,59.0,64.0,68.0,80.0,81.0,87.0,80.0,81.0,82.0,84.0,82.0,64.0,72.0,70.0,69.0,76.0,74.0,75.0,67.0,75.0,80.0
Carroll Gardens,Brooklyn,neighborhood,27.0,20.0,23.0,32.0,32.0,26.0,25.0,24.0,24.0,28.0,28.0,23.0,23.0,27.0,28.0,33.0,28.0,28.0,22.0,22.0,24.0,23.0,25.0,21.0,22.0,20.0,23.0,30.0,29.0,23.0,18.0,12.0,12.0,18.0,17.0,12.0,14.0,13.0,14.0,25.0,27.0,23.0,16.0,14.0,16.0,19.0,18.0,17.0,20.0,15.0,17.0,17.0,20.0,24.0,23.0,21.0,26.0,24.0,20.0,16.0,15.0,15.0,22.0,30.0,29.0,31.0,31.0,28.0,41.0,38.0,44.0,35.0,21.0,30.0,42.0,48.0,48.0,48.0,45.0,44.0,40.0,38.0,32.0,22.0,24.0,24.0,24.0,28.0,36.0,32.0,27.0,25.0,25.0,26.0,19.0,15.0,13.0,13.0,23.0,27.0,36.0,42.0,42.0,40.0,46.0,47.0,40.0,35.0,33.0,34.0,35.0,41.0,44.0,38.0,36.0,33.0,36.0,38.0,27.0,24.0,25.0,25.0,23.0,20.0,18.0,22.0,36.0,33.0,39.0,46.0,37.0,30.0,26.0,24.0,28.0,34.0,36.0,36.0,30.0,31.0,31.0,32.0,29.0,22.0,20.0,22.0,26.0,22.0,29.0,31.0,29.0,21.0,26.0,29.0,29.0,26.0,25.0,25.0,33.0,39.0,37.0,35.0,28.0,19.0,24.0,27.0,26.0,21.0,19.0,20.0,22.0,25.0,33.0,29.0,25.0,15.0,25.0,26.0,24.0,19.0,13.0,13.0,14.0,19.0,17.0,17.0,18.0,19.0,16.0,20.0,19.0,14.0,13.0,14.0,16.0,22.0,21.0,25.0,18.0,15.0
Castle Hill,Bronx,neighborhood,3.0,2.0,2.0,1.0,3.0,3.0,3.0,1.0,1.0,1.0,1.0,0.0,0.0,0.0,0.0,1.0,2.0,2.0,2.0,2.0,1.0,1.0,2.0,2.0,1.0,2.0,2.0,2.0,1.0,1.0,1.0,2.0,1.0,1.0,1.0,1.0,1.0,0.0,0.0,0.0,0.0,0.0,0.0,0.0,1.0,1.0,2.0,2.0,2.0,1.0,1.0,1.0,1.0,1.0,1.0,1.0,1.0,1.0,0.0,0.0,1.0,3.0,3.0,2.0,3.0,5.0,3.0,2.0,2.0,4.0,2.0,3.0,2.0,5.0,4.0,3.0,2.0,2.0,0.0,0.0,1.0,2.0,2.0,2.0,2.0,0.0,2.0,3.0,5.0,11.0,14.0,13.0,6.0,5.0,13.0,14.0,13.0,13.0,15.0,7.0,12.0,10.0,13.0,17.0,14.0,7.0,4.0,6.0,4.0,6.0,7.0,7.0,7.0,11.0,11.0,9.0,8.0,10.0,7.0,6.0,6.0,5.0,3.0,3.0,3.0,3.0,3.0,2.0,0.0,0.0,0.0,0.0,4.0,3.0,4.0,4.0,2.0,2.0,5.0,7.0,7.0,9.0,7.0,7.0,6.0,5.0,3.0,2.0,4.0,4.0,3.0,2.0,2.0,3.0,3.0,2.0,3.0,1.0,2.0,2.0,1.0,2.0,2.0,3.0,4.0,2.0,2.0,2.0,3.0,2.0,2.0,4.0,3.0,2.0,3.0,4.0,4.0,3.0,4.0,3.0,3.0,3.0,2.0,4.0,3.0,4.0,3.0,5.0,4.0,3.0,2.0,3.0,5.0,5.0,4.0,6.0,7.0,6.0,5.0,3.0
Central Harlem,Manhattan,neighborhood,79.0,83.0,86.0,92.0,84.0,77.0,74.0,69.0,66.0,75.0,67.0,65.0,64.0,71.0,77.0,81.0,79.0,78.0,70.0,66.0,61.0,56.0,50.0,46.0,54.0,50.0,54.0,53.0,55.0,51.0,53.0,53.0,52.0,55.0,54.0,60.0,51.0,44.0,43.0,43.0,37.0,38.0,43.0,45.0,50.0,48.0,45.0,42.0,43.0,40.0,43.0,44.0,44.0,42.0,43.0,31.0,36.0,39.0,38.0,38.0,36.0,34.0,37.0,40.0,47.0,48.0,39.0,36.0,46.0,52.0,56.0,50.0,58.0,56.0,61.0,62.0,64.0,66.0,66.0,59.0,58.0,52.0,53.0,49.0,54.0,55.0,58.0,58.0,59.0,58.0,55.0,52.0,54.0,58.0,58.0,54.0,51.0,54.0,58.0,68.0,79.0,78.0,81.0,70.0,75.0,70.0,66.0,62.0,58.0,56.0,59.0,60.0,64.0,64.0,65.0,66.0,68.0,71.0,63.0,59.0,57.0,48.0,54.0,41.0,41.0,48.0,49.0,50.0,55.0,54.0,53.0,51.0,45.0,46.0,49.0,49.0,47.0,42.0,39.0,38.0,42.0,37.0,35.0,32.0,31.0,32.0,47.0,53.0,54.0,59.0,61.0,60.0,62.0,57.0,58.0,56.0,52.0,52.0,59.0,59.0,68.0,76.0,68.0,64.0,60.0,68.0,67.0,54.0,49.0,55.0,57.0,65.0,69.0,73.0,70.0,70.0,66.0,64.0,62.0,56.0,53.0,56.0,63.0,70.0,74.0,71.0,71.0,66.0,68.0,63.0,63.0,51.0,49.0,56.0,56.0,63.0,67.0,70.0,71.0,65.0
Central Park South,Manhattan,neighborhood,0.0,0.0,0.0,0.0,0.0,0.0,0.0,0.0,0.0,0.0,0.0,0.0,0.0,0.0,0.0,0.0,0.0,0.0,0.0,0.0,0.0,0.0,0.0,0.0,0.0,0.0,0.0,0.0,0.0,0.0,0.0,0.0,0.0,0.0,0.0,0.0,0.0,0.0,0.0,0.0,0.0,0.0,0.0,0.0,0.0,0.0,0.0,0.0,0.0,0.0,0.0,0.0,0.0,0.0,0.0,0.0,0.0,0.0,0.0,0.0,0.0,0.0,0.0,0.0,0.0,0.0,0.0,0.0,0.0,0.0,0.0,0.0,0.0,0.0,0.0,0.0,0.0,0.0,0.0,0.0,0.0,0.0,0.0,0.0,0.0,0.0,0.0,0.0,0.0,0.0,0.0,0.0,0.0,0.0,0.0,0.0,0.0,0.0,0.0,0.0,0.0,0.0,0.0,0.0,0.0,0.0,0.0,0.0,0.0,0.0,0.0,0.0,0.0,0.0,0.0,0.0,0.0,0.0,0.0,0.0,0.0,0.0,0.0,0.0,0.0,0.0,0.0,0.0,0.0,0.0,0.0,0.0,0.0,0.0,0.0,0.0,0.0,0.0,0.0,0.0,0.0,0.0,0.0,0.0,0.0,0.0,0.0,0.0,0.0,0.0,0.0,0.0,0.0,0.0,0.0,0.0,0.0,0.0,0.0,0.0,0.0,0.0,0.0,0.0,0.0,0.0,0.0,0.0,0.0,0.0,0.0,0.0,0.0,0.0,0.0,0.0,0.0,0.0,0.0,0.0,0.0,0.0,0.0,0.0,0.0,0.0,0.0,0.0,0.0,0.0,0.0,0.0,0.0,0.0,0.0,0.0,0.0,0.0,0.0,0.0
Chelsea,Manhattan,neighborhood,15.0,15.0,14.0,15.0,12.0,12.0,13.0,11.0,12.0,15.0,14.0,14.0,10.0,11.0,14.0,14.0,14.0,15.0,15.0,14.0,12.0,9.0,11.0,11.0,13.0,14.0,16.0,18.0,18.0,15.0,10.0,10.0,14.0,11.0,9.0,8.0,9.0,10.0,9.0,7.0,4.0,3.0,1.0,2.0,7.0,10.0,7.0,5.0,5.0,6.0,8.0,11.0,11.0,12.0,10.0,9.0,12.0,12.0,12.0,11.0,9.0,12.0,13.0,9.0,9.0,10.0,10.0,9.0,11.0,10.0,11.0,12.0,10.0,10.0,11.0,15.0,16.0,18.0,15.0,16.0,15.0,14.0,13.0,13.0,10.0,11.0,12.0,14.0,15.0,17.0,19.0,15.0,16.0,16.0,14.0,14.0,15.0,17.0,17.0,16.0,18.0,17.0,18.0,17.0,16.0,16.0,17.0,14.0,15.0,15.0,18.0,23.0,21.0,24.0,24.0,18.0,18.0,22.0,18.0,21.0,22.0,22.0,20.0,16.0,15.0,16.0,16.0,17.0,24.0,28.0,26.0,26.0,22.0,19.0,17.0,20.0,19.0,18.0,18.0,15.0,17.0,18.0,17.0,17.0,15.0,15.0,16.0,17.0,13.0,18.0,19.0,16.0,20.0,20.0,21.0,20.0,16.0,13.0,11.0,13.0,13.0,13.0,13.0,11.0,10.0,11.0,12.0,11.0,11.0,15.0,16.0,16.0,18.0,20.0,19.0,16.0,18.0,21.0,17.0,15.0,14.0,13.0,17.0,17.0,22.0,22.0,24.0,21.0,23.0,22.0,19.0,17.0,17.0,15.0,14.0,18.0,18.0,17.0,10.0,11.0
Chinatown,Manhattan,neighborhood,0.0,0.0,0.0,0.0,0.0,0.0,0.0,0.0,0.0,1.0,1.0,1.0,1.0,1.0,1.0,1.0,1.0,1.0,1.0,1.0,1.0,1.0,1.0,1.0,1.0,2.0,2.0,1.0,1.0,1.0,1.0,1.0,2.0,2.0,2.0,2.0,2.0,1.0,1.0,1.0,1.0,2.0,1.0,1.0,1.0,1.0,1.0,1.0,1.0,1.0,0.0,0.0,0.0,0.0,0.0,0.0,0.0,0.0,0.0,0.0,0.0,0.0,0.0,0.0,0.0,0.0,0.0,0.0,1.0,1.0,1.0,1.0,2.0,2.0,2.0,2.0,2.0,1.0,1.0,1.0,2.0,1.0,1.0,1.0,1.0,1.0,0.0,1.0,1.0,0.0,0.0,0.0,0.0,0.0,0.0,0.0,0.0,0.0,0.0,0.0,0.0,0.0,0.0,0.0,0.0,0.0,0.0,0.0,0.0,0.0,0.0,0.0,0.0,1.0,1.0,1.0,1.0,1.0,1.0,0.0,0.0,0.0,0.0,0.0,0.0,0.0,0.0,0.0,0.0,0.0,0.0,0.0,0.0,0.0,0.0,0.0,0.0,0.0,0.0,0.0,0.0,0.0,0.0,0.0,0.0,0.0,0.0,0.0,0.0,0.0,0.0,0.0,0.0,0.0,0.0,0.0,0.0,0.0,0.0,0.0,0.0,0.0,0.0,0.0,1.0,1.0,1.0,1.0,1.0,1.0,0.0,0.0,0.0,0.0,0.0,1.0,1.0,0.0,0.0,0.0,0.0,0.0,0.0,0.0,0.0,0.0,0.0,0.0,0.0,0.0,0.0,0.0,0.0,0.0,0.0,0.0,0.0,0.0,0.0,0.0
City Island,Bronx,neighborhood,1.0,1.0,1.0,1.0,1.0,1.0,1.0,1.0,1.0,1.0,0.0,1.0,1.0,1.0,1.0,2.0,2.0,2.0,2.0,4.0,5.0,5.0,5.0,4.0,5.0,4.0,4.0,4.0,4.0,4.0,4.0,4.0,5.0,6.0,6.0,5.0,5.0,5.0,5.0,4.0,4.0,3.0,3.0,2.0,3.0,3.0,7.0,7.0,6.0,5.0,5.0,2.0,2.0,2.0,2.0,2.0,3.0,4.0,3.0,3.0,2.0,2.0,2.0,3.0,2.0,4.0,4.0,4.0,4.0,2.0,4.0,4.0,4.0,4.0,7.0,5.0,13.0,13.0,13.0,11.0,11.0,11.0,9.0,8.0,7.0,6.0,5.0,4.0,3.0,8.0,12.0,13.0,7.0,7.0,5.0,5.0,9.0,8.0,12.0,13.0,14.0,13.0,14.0,9.0,11.0,8.0,8.0,8.0,9.0,7.0,7.0,9.0,9.0,7.0,7.0,6.0,10.0,10.0,6.0,7.0,7.0,7.0,4.0,3.0,4.0,4.0,4.0,3.0,3.0,3.0,2.0,2.0,3.0,3.0,4.0,3.0,3.0,3.0,3.0,4.0,5.0,5.0,5.0,4.0,3.0,3.0,4.0,4.0,3.0,4.0,5.0,5.0,4.0,6.0,5.0,4.0,3.0,3.0,1.0,2.0,2.0,2.0,1.0,1.0,1.0,1.0,1.0,1.0,1.0,1.0,1.0,3.0,4.0,4.0,4.0,6.0,6.0,6.0,5.0,5.0,5.0,3.0,2.0,3.0,4.0,3.0,8.0,8.0,7.0,6.0,6.0,8.0,1.0,3.0,4.0,4.0,4.0,4.0,4.0,5.0
Civic Center,Manhattan,neighborhood,0.0,0.0,0.0,0.0,0.0,0.0,0.0,0.0,0.0,0.0,0.0,0.0,0.0,0.0,0.0,0.0,0.0,0.0,0.0,0.0,0.0,0.0,0.0,0.0,0.0,0.0,0.0,0.0,0.0,0.0,0.0,0.0,0.0,0.0,0.0,0.0,0.0,0.0,0.0,0.0,0.0,0.0,0.0,0.0,0.0,0.0,0.0,0.0,0.0,0.0,0.0,0.0,0.0,0.0,0.0,0.0,0.0,0.0,0.0,0.0,0.0,0.0,0.0,0.0,0.0,0.0,0.0,0.0,0.0,0.0,0.0,0.0,0.0,0.0,0.0,0.0,0.0,0.0,0.0,0.0,0.0,0.0,0.0,0.0,0.0,0.0,0.0,0.0,0.0,0.0,0.0,0.0,0.0,0.0,0.0,0.0,0.0,0.0,0.0,0.0,0.0,0.0,0.0,0.0,0.0,0.0,0.0,0.0,0.0,0.0,0.0,0.0,0.0,0.0,0.0,0.0,0.0,0.0,0.0,0.0,0.0,0.0,0.0,0.0,0.0,0.0,0.0,0.0,0.0,0.0,0.0,0.0,0.0,0.0,0.0,0.0,0.0,0.0,0.0,0.0,0.0,0.0,0.0,0.0,0.0,0.0,0.0,0.0,0.0,0.0,0.0,0.0,0.0,0.0,0.0,0.0,0.0,0.0,0.0,0.0,0.0,0.0,0.0,0.0,0.0,0.0,0.0,0.0,0.0,0.0,0.0,0.0,0.0,0.0,0.0,0.0,0.0,0.0,0.0,0.0,0.0,0.0,0.0,0.0,0.0,0.0,0.0,0.0,0.0,0.0,0.0,0.0,0.0,0.0,0.0,0.0,0.0,0.0,0.0,0.0
Clearview,Queens,neighborhood,3.0,1.0,0.0,0.0,0.0,0.0,0.0,0.0,0.0,0.0,1.0,1.0,1.0,2.0,4.0,4.0,3.0,2.0,4.0,4.0,3.0,4.0,4.0,3.0,3.0,4.0,3.0,3.0,3.0,3.0,4.0,2.0,2.0,2.0,4.0,6.0,5.0,5.0,4.0,3.0,2.0,2.0,1.0,2.0,2.0,2.0,2.0,2.0,1.0,1.0,1.0,3.0,2.0,1.0,2.0,3.0,4.0,4.0,3.0,3.0,4.0,5.0,3.0,4.0,2.0,1.0,1.0,1.0,3.0,4.0,5.0,4.0,5.0,5.0,5.0,4.0,5.0,4.0,5.0,4.0,4.0,4.0,2.0,2.0,2.0,2.0,3.0,4.0,4.0,10.0,12.0,8.0,5.0,5.0,4.0,6.0,5.0,5.0,9.0,12.0,10.0,10.0,9.0,10.0,10.0,12.0,6.0,4.0,4.0,5.0,8.0,10.0,10.0,7.0,5.0,2.0,3.0,2.0,0.0,2.0,2.0,3.0,3.0,3.0,5.0,5.0,7.0,8.0,9.0,8.0,6.0,3.0,3.0,2.0,1.0,4.0,3.0,1.0,2.0,2.0,1.0,2.0,2.0,2.0,3.0,5.0,3.0,0.0,1.0,2.0,1.0,2.0,5.0,7.0,10.0,7.0,8.0,7.0,6.0,5.0,5.0,3.0,3.0,5.0,4.0,4.0,5.0,2.0,4.0,4.0,4.0,1.0,0.0,2.0,4.0,4.0,4.0,3.0,3.0,3.0,3.0,3.0,4.0,5.0,8.0,12.0,9.0,6.0,7.0,7.0,10.0,11.0,9.0,6.0,5.0,6.0,6.0,6.0,5.0,4.0
Clinton Hill,Brooklyn,neighborhood,19.0,16.0,19.0,22.0,20.0,18.0,20.0,23.0,27.0,27.0,27.0,25.0,25.0,28.0,28.0,33.0,32.0,23.0,23.0,20.0,25.0,26.0,23.0,21.0,14.0,13.0,14.0,18.0,14.0,14.0,13.0,13.0,13.0,18.0,18.0,12.0,12.0,10.0,15.0,19.0,19.0,21.0,28.0,30.0,31.0,30.0,29.0,29.0,22.0,21.0,25.0,17.0,24.0,21.0,20.0,19.0,23.0,22.0,25.0,25.0,18.0,21.0,23.0,23.0,22.0,27.0,27.0,22.0,28.0,34.0,30.0,23.0,22.0,25.0,31.0,30.0,33.0,27.0,31.0,30.0,26.0,23.0,25.0,22.0,20.0,18.0,21.0,26.0,28.0,26.0,25.0,26.0,21.0,19.0,19.0,19.0,22.0,19.0,23.0,24.0,35.0,35.0,34.0,33.0,29.0,31.0,22.0,23.0,22.0,20.0,19.0,21.0,27.0,30.0,27.0,27.0,33.0,33.0,29.0,27.0,24.0,18.0,14.0,11.0,10.0,19.0,24.0,25.0,32.0,40.0,43.0,35.0,32.0,29.0,31.0,29.0,30.0,34.0,31.0,33.0,32.0,35.0,29.0,26.0,16.0,14.0,18.0,22.0,25.0,26.0,27.0,25.0,33.0,37.0,31.0,22.0,23.0,22.0,23.0,22.0,24.0,20.0,20.0,18.0,20.0,19.0,23.0,22.0,23.0,21.0,19.0,20.0,23.0,23.0,21.0,23.0,30.0,28.0,20.0,17.0,13.0,15.0,18.0,18.0,21.0,25.0,23.0,20.0,23.0,24.0,23.0,13.0,14.0,17.0,26.0,24.0,21.0,21.0,17.0,15.0
Co-op City,Bronx,neighborhood,0.0,0.0,0.0,0.0,0.0,0.0,0.0,0.0,0.0,0.0,0.0,0.0,0.0,0.0,0.0,0.0,0.0,0.0,0.0,0.0,0.0,0.0,0.0,0.0,0.0,0.0,0.0,0.0,0.0,0.0,0.0,0.0,0.0,0.0,0.0,0.0,0.0,0.0,0.0,1.0,1.0,1.0,0.0,0.0,0.0,0.0,0.0,0.0,0.0,0.0,0.0,0.0,0.0,0.0,0.0,0.0,0.0,0.0,0.0,0.0,0.0,0.0,0.0,1.0,1.0,1.0,0.0,0.0,0.0,0.0,0.0,0.0,0.0,0.0,0.0,0.0,0.0,0.0,0.0,0.0,0.0,0.0,0.0,0.0,0.0,0.0,2.0,2.0,2.0,3.0,4.0,1.0,2.0,2.0,2.0,1.0,1.0,0.0,0.0,0.0,0.0,0.0,0.0,0.0,2.0,2.0,2.0,4.0,3.0,3.0,3.0,3.0,3.0,2.0,2.0,2.0,2.0,2.0,2.0,2.0,2.0,2.0,1.0,0.0,1.0,1.0,0.0,0.0,0.0,0.0,0.0,0.0,0.0,1.0,1.0,1.0,2.0,1.0,0.0,0.0,0.0,0.0,0.0,0.0,0.0,0.0,0.0,0.0,0.0,1.0,1.0,1.0,1.0,1.0,1.0,1.0,1.0,1.0,1.0,1.0,1.0,0.0,0.0,0.0,0.0,0.0,0.0,0.0,0.0,0.0,0.0,0.0,0.0,0.0,0.0,0.0,0.0,0.0,0.0,0.0,0.0,0.0,0.0,0.0,1.0,2.0,3.0,1.0,0.0,0.0,0.0,0.0,0.0,0.0,0.0,0.0,0.0,0.0,0.0,0.0
Cobble Hill,Brooklyn,neighborhood,12.0,11.0,11.0,15.0,15.0,14.0,12.0,10.0,10.0,7.0,5.0,5.0,3.0,4.0,6.0,5.0,4.0,2.0,4.0,4.0,7.0,8.0,6.0,10.0,12.0,10.0,10.0,9.0,7.0,8.0,7.0,5.0,11.0,12.0,9.0,6.0,8.0,8.0,9.0,8.0,9.0,11.0,12.0,15.0,17.0,15.0,15.0,12.0,14.0,13.0,13.0,13.0,13.0,12.0,12.0,7.0,10.0,11.0,10.0,13.0,11.0,7.0,7.0,8.0,8.0,10.0,8.0,5.0,8.0,9.0,8.0,6.0,5.0,5.0,8.0,6.0,11.0,8.0,9.0,9.0,12.0,13.0,10.0,12.0,10.0,11.0,11.0,11.0,19.0,17.0,13.0,9.0,15.0,15.0,12.0,10.0,10.0,13.0,15.0,18.0,20.0,19.0,15.0,12.0,13.0,12.0,9.0,8.0,5.0,9.0,11.0,17.0,22.0,18.0,13.0,13.0,15.0,15.0,15.0,13.0,10.0,8.0,10.0,7.0,7.0,10.0,20.0,19.0,21.0,25.0,19.0,18.0,17.0,12.0,12.0,13.0,12.0,9.0,7.0,6.0,12.0,15.0,11.0,5.0,5.0,8.0,12.0,17.0,18.0,13.0,13.0,9.0,9.0,10.0,11.0,8.0,7.0,7.0,12.0,12.0,9.0,6.0,6.0,7.0,10.0,10.0,6.0,5.0,5.0,9.0,11.0,12.0,17.0,18.0,15.0,13.0,14.0,18.0,14.0,10.0,12.0,11.0,15.0,20.0,18.0,13.0,10.0,6.0,11.0,13.0,11.0,10.0,8.0,7.0,7.0,14.0,19.0,19.0,18.0,11.0
College Point,Queens,neighborhood,4.0,4.0,5.0,4.0,6.0,6.0,6.0,4.0,4.0,2.0,3.0,2.0,2.0,2.0,4.0,3.0,5.0,6.0,5.0,3.0,5.0,3.0,3.0,4.0,5.0,7.0,8.0,8.0,10.0,10.0,8.0,7.0,8.0,7.0,6.0,6.0,8.0,6.0,6.0,6.0,4.0,2.0,2.0,4.0,4.0,3.0,3.0,1.0,3.0,3.0,3.0,3.0,5.0,2.0,2.0,5.0,6.0,7.0,5.0,3.0,3.0,5.0,6.0,5.0,5.0,4.0,6.0,6.0,5.0,5.0,2.0,3.0,1.0,1.0,4.0,6.0,6.0,10.0,10.0,8.0,6.0,10.0,10.0,10.0,8.0,9.0,4.0,5.0,8.0,29.0,51.0,50.0,17.0,20.0,19.0,19.0,15.0,16.0,25.0,26.0,27.0,23.0,21.0,28.0,28.0,27.0,27.0,25.0,24.0,27.0,29.0,31.0,29.0,26.0,24.0,17.0,19.0,22.0,26.0,25.0,26.0,24.0,19.0,13.0,12.0,13.0,12.0,12.0,17.0,18.0,22.0,19.0,19.0,19.0,19.0,17.0,19.0,20.0,19.0,24.0,22.0,20.0,16.0,16.0,14.0,14.0,13.0,14.0,19.0,27.0,29.0,30.0,28.0,26.0,25.0,18.0,19.0,17.0,19.0,24.0,25.0,28.0,22.0,21.0,12.0,13.0,13.0,18.0,21.0,22.0,18.0,17.0,15.0,15.0,16.0,12.0,12.0,13.0,19.0,12.0,13.0,17.0,16.0,20.0,21.0,19.0,23.0,23.0,25.0,21.0,13.0,11.0,9.0,11.0,12.0,16.0,16.0,17.0,21.0,24.0
Columbia St Waterfront District,Brooklyn,neighborhood,4.0,4.0,7.0,7.0,6.0,2.0,3.0,3.0,2.0,1.0,1.0,0.0,0.0,0.0,1.0,1.0,2.0,2.0,2.0,3.0,3.0,3.0,2.0,2.0,2.0,4.0,3.0,3.0,2.0,1.0,1.0,2.0,3.0,3.0,3.0,1.0,2.0,1.0,2.0,4.0,7.0,9.0,7.0,6.0,4.0,3.0,3.0,4.0,5.0,4.0,2.0,4.0,4.0,4.0,6.0,7.0,6.0,3.0,2.0,1.0,2.0,1.0,3.0,4.0,3.0,3.0,2.0,3.0,3.0,4.0,4.0,4.0,5.0,4.0,4.0,5.0,5.0,4.0,4.0,3.0,3.0,3.0,2.0,2.0,3.0,2.0,2.0,3.0,2.0,1.0,0.0,1.0,1.0,3.0,4.0,3.0,3.0,2.0,3.0,5.0,9.0,8.0,7.0,8.0,7.0,7.0,6.0,5.0,6.0,6.0,7.0,10.0,9.0,7.0,4.0,5.0,2.0,4.0,4.0,3.0,4.0,2.0,2.0,2.0,2.0,4.0,5.0,4.0,4.0,2.0,2.0,2.0,2.0,2.0,2.0,3.0,5.0,5.0,5.0,4.0,5.0,5.0,4.0,3.0,3.0,2.0,2.0,3.0,6.0,5.0,5.0,4.0,3.0,3.0,3.0,2.0,2.0,2.0,3.0,3.0,3.0,1.0,1.0,2.0,3.0,3.0,4.0,4.0,5.0,3.0,3.0,4.0,3.0,3.0,3.0,2.0,1.0,1.0,2.0,2.0,3.0,3.0,7.0,6.0,8.0,6.0,5.0,5.0,6.0,8.0,6.0,6.0,5.0,4.0,6.0,6.0,6.0,5.0,5.0,4.0
Concourse,Bronx,neighborhood,1.0,1.0,1.0,1.0,1.0,1.0,1.0,2.0,2.0,0.0,0.0,0.0,0.0,0.0,0.0,0.0,0.0,0.0,0.0,1.0,1.0,2.0,2.0,1.0,2.0,2.0,2.0,1.0,0.0,0.0,0.0,0.0,1.0,1.0,1.0,1.0,1.0,0.0,0.0,0.0,0.0,1.0,0.0,0.0,0.0,1.0,2.0,2.0,3.0,5.0,3.0,5.0,4.0,4.0,4.0,6.0,7.0,6.0,6.0,5.0,4.0,7.0,6.0,7.0,6.0,6.0,6.0,11.0,9.0,8.0,3.0,3.0,2.0,4.0,5.0,5.0,5.0,5.0,4.0,5.0,3.0,2.0,2.0,2.0,2.0,2.0,2.0,2.0,4.0,6.0,7.0,8.0,6.0,7.0,8.0,9.0,9.0,9.0,9.0,9.0,9.0,11.0,11.0,8.0,6.0,4.0,1.0,1.0,2.0,3.0,3.0,4.0,4.0,2.0,3.0,5.0,5.0,3.0,3.0,2.0,6.0,6.0,4.0,4.0,9.0,9.0,8.0,6.0,6.0,7.0,7.0,4.0,5.0,7.0,6.0,6.0,8.0,8.0,9.0,12.0,11.0,11.0,9.0,7.0,9.0,8.0,7.0,8.0,9.0,10.0,10.0,9.0,8.0,7.0,4.0,3.0,3.0,2.0,4.0,4.0,2.0,2.0,3.0,2.0,1.0,1.0,0.0,1.0,1.0,0.0,0.0,3.0,3.0,5.0,5.0,2.0,3.0,4.0,4.0,4.0,5.0,7.0,7.0,6.0,7.0,7.0,7.0,7.0,5.0,5.0,4.0,5.0,6.0,6.0,7.0,6.0,7.0,9.0,7.0,7.0
Coney Island,Brooklyn,neighborhood,1.0,2.0,2.0,2.0,2.0,2.0,2.0,1.0,2.0,2.0,2.0,2.0,1.0,0.0,3.0,3.0,4.0,4.0,3.0,3.0,2.0,2.0,2.0,4.0,4.0,2.0,3.0,4.0,4.0,6.0,6.0,8.0,7.0,6.0,6.0,5.0,5.0,6.0,6.0,7.0,6.0,6.0,6.0,3.0,2.0,5.0,5.0,5.0,5.0,5.0,5.0,6.0,6.0,5.0,6.0,7.0,5.0,6.0,6.0,6.0,6.0,8.0,13.0,14.0,15.0,17.0,15.0,10.0,10.0,12.0,8.0,5.0,4.0,4.0,4.0,9.0,10.0,12.0,11.0,12.0,13.0,11.0,12.0,10.0,8.0,5.0,8.0,9.0,14.0,16.0,16.0,16.0,12.0,12.0,14.0,15.0,15.0,17.0,19.0,17.0,16.0,13.0,11.0,7.0,11.0,12.0,11.0,10.0,11.0,9.0,13.0,11.0,15.0,13.0,14.0,20.0,19.0,15.0,19.0,22.0,17.0,13.0,10.0,9.0,9.0,10.0,13.0,13.0,11.0,13.0,13.0,11.0,13.0,12.0,11.0,9.0,12.0,13.0,15.0,11.0,12.0,15.0,13.0,12.0,14.0,13.0,11.0,10.0,11.0,16.0,18.0,13.0,14.0,12.0,10.0,9.0,6.0,6.0,8.0,6.0,6.0,8.0,8.0,7.0,7.0,7.0,7.0,7.0,8.0,9.0,9.0,10.0,14.0,11.0,15.0,15.0,12.0,13.0,10.0,10.0,8.0,7.0,5.0,7.0,8.0,9.0,8.0,8.0,8.0,6.0,4.0,5.0,6.0,5.0,6.0,6.0,6.0,8.0,8.0,7.0
Corona,Queens,neighborhood,3.0,4.0,4.0,4.0,4.0,5.0,3.0,4.0,6.0,4.0,4.0,6.0,7.0,5.0,6.0,6.0,6.0,6.0,7.0,6.0,5.0,5.0,5.0,4.0,3.0,4.0,5.0,6.0,7.0,7.0,9.0,8.0,9.0,9.0,12.0,10.0,8.0,7.0,5.0,5.0,5.0,4.0,7.0,7.0,7.0,5.0,5.0,6.0,4.0,4.0,6.0,5.0,3.0,2.0,4.0,5.0,5.0,6.0,6.0,6.0,6.0,4.0,6.0,6.0,7.0,6.0,5.0,6.0,5.0,5.0,6.0,6.0,6.0,8.0,7.0,5.0,5.0,5.0,7.0,6.0,11.0,12.0,17.0,12.0,10.0,12.0,12.0,13.0,10.0,25.0,32.0,29.0,8.0,11.0,14.0,12.0,11.0,11.0,15.0,17.0,20.0,25.0,26.0,29.0,28.0,29.0,21.0,16.0,14.0,17.0,16.0,17.0,20.0,16.0,13.0,12.0,11.0,13.0,15.0,17.0,15.0,12.0,8.0,7.0,8.0,10.0,11.0,14.0,17.0,20.0,23.0,20.0,18.0,18.0,16.0,18.0,19.0,20.0,21.0,18.0,20.0,24.0,22.0,18.0,18.0,20.0,23.0,28.0,23.0,28.0,27.0,22.0,15.0,19.0,17.0,15.0,17.0,18.0,23.0,18.0,22.0,21.0,22.0,18.0,23.0,21.0,20.0,19.0,17.0,14.0,13.0,11.0,12.0,11.0,13.0,12.0,12.0,14.0,13.0,13.0,9.0,9.0,9.0,11.0,12.0,14.0,12.0,13.0,16.0,22.0,18.0,17.0,18.0,14.0,16.0,16.0,17.0,21.0,19.0,19.0
Country Club,Bronx,neighborhood,1.0,1.0,2.0,2.0,2.0,2.0,1.0,1.0,1.0,1.0,0.0,0.0,0.0,0.0,0.0,1.0,1.0,1.0,1.0,1.0,1.0,2.0,2.0,1.0,1.0,2.0,2.0,3.0,3.0,3.0,2.0,3.0,2.0,1.0,1.0,3.0,3.0,3.0,3.0,3.0,3.0,3.0,3.0,2.0,2.0,2.0,1.0,3.0,3.0,3.0,3.0,5.0,3.0,3.0,2.0,2.0,2.0,2.0,2.0,2.0,1.0,1.0,2.0,2.0,2.0,2.0,3.0,4.0,1.0,1.0,1.0,1.0,1.0,2.0,2.0,2.0,2.0,2.0,1.0,1.0,1.0,0.0,0.0,0.0,2.0,3.0,3.0,4.0,3.0,6.0,10.0,13.0,3.0,3.0,2.0,3.0,4.0,5.0,3.0,7.0,7.0,7.0,7.0,6.0,8.0,8.0,6.0,6.0,7.0,7.0,7.0,8.0,5.0,6.0,6.0,7.0,5.0,8.0,8.0,7.0,6.0,4.0,4.0,3.0,3.0,2.0,4.0,7.0,7.0,8.0,9.0,5.0,4.0,5.0,5.0,6.0,7.0,8.0,6.0,5.0,5.0,5.0,3.0,3.0,3.0,4.0,3.0,2.0,4.0,5.0,7.0,6.0,6.0,2.0,5.0,5.0,6.0,4.0,4.0,4.0,4.0,4.0,3.0,2.0,5.0,6.0,4.0,2.0,2.0,3.0,2.0,2.0,3.0,5.0,5.0,4.0,4.0,4.0,3.0,3.0,4.0,4.0,2.0,4.0,4.0,3.0,3.0,4.0,4.0,2.0,1.0,1.0,2.0,2.0,2.0,3.0,3.0,1.0,3.0,3.0
Crotona Park East,Bronx,neighborhood,1.0,1.0,1.0,0.0,0.0,0.0,0.0,0.0,0.0,0.0,0.0,0.0,0.0,0.0,1.0,1.0,1.0,2.0,1.0,2.0,2.0,2.0,3.0,3.0,3.0,0.0,0.0,1.0,1.0,1.0,1.0,1.0,0.0,0.0,0.0,0.0,1.0,1.0,2.0,1.0,2.0,3.0,2.0,0.0,0.0,1.0,1.0,1.0,1.0,1.0,1.0,1.0,2.0,2.0,2.0,1.0,1.0,2.0,2.0,2.0,4.0,4.0,2.0,3.0,4.0,3.0,4.0,3.0,2.0,1.0,0.0,1.0,2.0,2.0,3.0,3.0,4.0,3.0,3.0,3.0,3.0,3.0,3.0,2.0,2.0,2.0,2.0,1.0,3.0,5.0,6.0,7.0,3.0,6.0,5.0,7.0,7.0,6.0,6.0,5.0,3.0,2.0,4.0,3.0,3.0,4.0,5.0,4.0,4.0,5.0,6.0,8.0,6.0,7.0,6.0,5.0,7.0,7.0,8.0,9.0,9.0,4.0,1.0,2.0,3.0,3.0,3.0,3.0,6.0,6.0,6.0,7.0,5.0,4.0,4.0,5.0,6.0,6.0,8.0,13.0,9.0,9.0,9.0,9.0,8.0,3.0,2.0,2.0,2.0,5.0,4.0,4.0,4.0,5.0,5.0,6.0,8.0,7.0,8.0,6.0,5.0,6.0,5.0,5.0,2.0,2.0,3.0,5.0,8.0,8.0,9.0,7.0,4.0,4.0,4.0,3.0,4.0,5.0,6.0,5.0,3.0,1.0,2.0,4.0,3.0,2.0,2.0,2.0,2.0,2.0,4.0,5.0,5.0,3.0,2.0,3.0,3.0,4.0,4.0,4.0
Crown Heights,Brooklyn,neighborhood,34.0,32.0,37.0,40.0,39.0,35.0,35.0,30.0,26.0,29.0,26.0,23.0,24.0,26.0,30.0,31.0,28.0,37.0,38.0,37.0,28.0,23.0,21.0,25.0,31.0,37.0,36.0,40.0,44.0,40.0,36.0,36.0,39.0,38.0,36.0,37.0,39.0,26.0,36.0,48.0,47.0,42.0,39.0,39.0,46.0,54.0,54.0,49.0,52.0,50.0,62.0,60.0,61.0,63.0,58.0,61.0,67.0,74.0,74.0,75.0,81.0,77.0,79.0,86.0,87.0,83.0,71.0,70.0,64.0,76.0,74.0,76.0,75.0,79.0,75.0,62.0,67.0,61.0,55.0,65.0,71.0,68.0,73.0,66.0,72.0,65.0,71.0,79.0,85.0,82.0,85.0,89.0,86.0,86.0,90.0,75.0,75.0,80.0,86.0,95.0,112.0,112.0,103.0,108.0,105.0,97.0,97.0,85.0,88.0,78.0,84.0,90.0,94.0,107.0,105.0,90.0,82.0,84.0,84.0,73.0,76.0,76.0,61.0,55.0,66.0,71.0,81.0,87.0,93.0,98.0,99.0,91.0,89.0,89.0,92.0,92.0,79.0,79.0,92.0,88.0,91.0,104.0,94.0,81.0,85.0,69.0,69.0,73.0,74.0,80.0,81.0,85.0,93.0,92.0,85.0,77.0,67.0,61.0,65.0,75.0,74.0,76.0,77.0,83.0,83.0,84.0,82.0,70.0,69.0,70.0,75.0,71.0,65.0,79.0,75.0,62.0,72.0,79.0,67.0,56.0,56.0,55.0,55.0,71.0,81.0,80.0,78.0,69.0,70.0,72.0,63.0,57.0,59.0,62.0,72.0,76.0,78.0,78.0,78.0,82.0
DUMBO,Brooklyn,neighborhood,0.0,0.0,0.0,0.0,0.0,1.0,1.0,1.0,0.0,0.0,0.0,0.0,0.0,0.0,0.0,0.0,0.0,0.0,0.0,0.0,0.0,0.0,0.0,0.0,0.0,0.0,0.0,1.0,1.0,2.0,2.0,0.0,0.0,0.0,0.0,0.0,1.0,0.0,1.0,1.0,1.0,4.0,7.0,3.0,4.0,4.0,4.0,3.0,3.0,3.0,2.0,2.0,2.0,2.0,1.0,1.0,1.0,1.0,1.0,1.0,1.0,0.0,0.0,0.0,0.0,0.0,0.0,0.0,1.0,1.0,1.0,1.0,0.0,1.0,2.0,2.0,2.0,2.0,4.0,4.0,3.0,3.0,3.0,4.0,3.0,1.0,1.0,1.0,0.0,0.0,2.0,2.0,2.0,2.0,2.0,1.0,1.0,1.0,1.0,1.0,2.0,1.0,1.0,1.0,1.0,1.0,1.0,0.0,1.0,2.0,2.0,2.0,2.0,2.0,2.0,2.0,1.0,1.0,1.0,1.0,1.0,0.0,0.0,0.0,0.0,0.0,2.0,2.0,4.0,4.0,3.0,3.0,3.0,3.0,3.0,1.0,1.0,1.0,1.0,1.0,1.0,0.0,0.0,0.0,0.0,0.0,0.0,0.0,0.0,1.0,0.0,0.0,0.0,0.0,0.0,0.0,0.0,0.0,0.0,0.0,0.0,0.0,0.0,0.0,0.0,0.0,0.0,0.0,0.0,0.0,0.0,0.0,0.0,1.0,0.0,1.0,1.0,1.0,1.0,0.0,0.0,0.0,1.0,1.0,3.0,2.0,2.0,1.0,0.0,0.0,0.0,0.0,0.0,1.0,1.0,1.0,2.0,2.0,2.0,2.0
Ditmas Park,Brooklyn,neighborhood,12.0,13.0,16.0,17.0,10.0,12.0,12.0,7.0,9.0,10.0,10.0,11.0,11.0,10.0,15.0,13.0,12.0,12.0,18.0,21.0,23.0,23.0,19.0,18.0,18.0,19.0,21.0,19.0,14.0,11.0,10.0,10.0,11.0,11.0,12.0,8.0,9.0,10.0,8.0,7.0,7.0,9.0,9.0,9.0,8.0,9.0,8.0,4.0,7.0,10.0,11.0,12.0,17.0,15.0,18.0,13.0,18.0,22.0,18.0,15.0,9.0,11.0,13.0,19.0,21.0,25.0,25.0,20.0,23.0,28.0,23.0,21.0,14.0,14.0,15.0,14.0,18.0,20.0,25.0,23.0,32.0,34.0,37.0,33.0,29.0,27.0,28.0,33.0,29.0,33.0,28.0,24.0,30.0,27.0,23.0,17.0,21.0,19.0,27.0,30.0,31.0,26.0,33.0,26.0,26.0,30.0,32.0,31.0,28.0,29.0,32.0,30.0,30.0,36.0,36.0,29.0,34.0,39.0,34.0,30.0,25.0,24.0,22.0,18.0,21.0,31.0,37.0,39.0,42.0,39.0,40.0,37.0,28.0,26.0,27.0,30.0,31.0,31.0,27.0,26.0,21.0,28.0,26.0,22.0,18.0,21.0,23.0,21.0,22.0,19.0,18.0,21.0,22.0,32.0,33.0,27.0,24.0,22.0,22.0,23.0,26.0,26.0,27.0,26.0,29.0,28.0,28.0,21.0,18.0,16.0,18.0,22.0,25.0,24.0,22.0,22.0,23.0,24.0,21.0,20.0,24.0,24.0,26.0,29.0,30.0,29.0,25.0,18.0,23.0,28.0,26.0,21.0,21.0,19.0,19.0,17.0,16.0,21.0,19.0,13.0
Douglaston,Queens,neighborhood,10.0,10.0,10.0,8.0,9.0,8.0,10.0,11.0,10.0,11.0,11.0,11.0,11.0,6.0,5.0,6.0,7.0,6.0,10.0,11.0,13.0,13.0,9.0,7.0,6.0,6.0,7.0,7.0,10.0,7.0,6.0,5.0,5.0,6.0,6.0,5.0,4.0,6.0,4.0,5.0,5.0,5.0,4.0,9.0,9.0,11.0,14.0,12.0,10.0,11.0,13.0,17.0,18.0,21.0,26.0,32.0,32.0,27.0,21.0,21.0,21.0,26.0,19.0,20.0,23.0,23.0,26.0,24.0,25.0,20.0,19.0,17.0,15.0,17.0,15.0,22.0,21.0,26.0,22.0,22.0,20.0,19.0,22.0,16.0,17.0,16.0,18.0,18.0,20.0,35.0,40.0,34.0,17.0,19.0,18.0,17.0,16.0,15.0,13.0,17.0,22.0,26.0,31.0,29.0,29.0,34.0,28.0,26.0,27.0,18.0,23.0,27.0,31.0,30.0,27.0,24.0,19.0,22.0,22.0,18.0,18.0,20.0,17.0,15.0,14.0,13.0,15.0,17.0,20.0,16.0,16.0,15.0,10.0,10.0,12.0,13.0,18.0,24.0,20.0,18.0,20.0,17.0,14.0,13.0,10.0,7.0,9.0,9.0,10.0,11.0,10.0,15.0,13.0,9.0,7.0,7.0,7.0,8.0,7.0,7.0,6.0,8.0,10.0,9.0,8.0,8.0,9.0,8.0,8.0,6.0,4.0,7.0,8.0,10.0,10.0,10.0,10.0,11.0,8.0,6.0,4.0,3.0,3.0,3.0,4.0,7.0,10.0,9.0,9.0,7.0,10.0,11.0,10.0,4.0,6.0,10.0,9.0,11.0,12.0,8.0
Downtown Brooklyn,Brooklyn,neighborhood,0.0,0.0,0.0,0.0,0.0,0.0,0.0,0.0,0.0,0.0,0.0,0.0,0.0,0.0,0.0,0.0,0.0,0.0,0.0,0.0,0.0,0.0,0.0,0.0,0.0,0.0,0.0,0.0,0.0,0.0,0.0,0.0,0.0,0.0,0.0,0.0,0.0,0.0,0.0,0.0,0.0,0.0,0.0,0.0,0.0,1.0,2.0,2.0,1.0,1.0,1.0,2.0,1.0,1.0,2.0,1.0,1.0,1.0,1.0,1.0,1.0,1.0,1.0,1.0,1.0,3.0,2.0,1.0,1.0,1.0,0.0,0.0,0.0,0.0,0.0,0.0,0.0,0.0,0.0,0.0,1.0,2.0,2.0,1.0,1.0,1.0,1.0,1.0,0.0,1.0,1.0,1.0,1.0,1.0,1.0,1.0,1.0,1.0,1.0,1.0,1.0,1.0,1.0,1.0,1.0,1.0,1.0,2.0,1.0,2.0,2.0,2.0,3.0,3.0,2.0,1.0,2.0,2.0,2.0,2.0,2.0,1.0,1.0,1.0,1.0,1.0,1.0,1.0,1.0,1.0,2.0,2.0,2.0,3.0,1.0,2.0,2.0,1.0,2.0,3.0,4.0,4.0,5.0,5.0,4.0,1.0,2.0,2.0,2.0,2.0,2.0,2.0,1.0,0.0,0.0,0.0,1.0,1.0,1.0,1.0,1.0,1.0,1.0,1.0,4.0,4.0,4.0,4.0,4.0,4.0,4.0,4.0,4.0,4.0,4.0,4.0,0.0,0.0,0.0,0.0,0.0,0.0,0.0,0.0,0.0,0.0,0.0,0.0,0.0,0.0,0.0,0.0,0.0,0.0,0.0,0.0,0.0,1.0,1.0,0.0
Dyker Heights,Brooklyn,neighborhood,11.0,10.0,10.0,12.0,10.0,9.0,11.0,11.0,14.0,18.0,17.0,16.0,17.0,15.0,17.0,20.0,18.0,16.0,16.0,17.0,16.0,13.0,11.0,9.0,7.0,6.0,10.0,11.0,10.0,10.0,9.0,10.0,9.0,11.0,13.0,9.0,7.0,8.0,9.0,11.0,16.0,14.0,11.0,11.0,8.0,9.0,11.0,10.0,16.0,17.0,16.0,17.0,20.0,18.0,18.0,19.0,18.0,22.0,23.0,20.0,25.0,20.0,24.0,26.0,21.0,20.0,14.0,10.0,14.0,14.0,12.0,13.0,11.0,16.0,26.0,39.0,41.0,53.0,47.0,45.0,45.0,55.0,54.0,47.0,42.0,44.0,44.0,43.0,41.0,45.0,57.0,55.0,61.0,60.0,55.0,58.0,61.0,63.0,69.0,78.0,82.0,75.0,76.0,76.0,79.0,72.0,74.0,64.0,66.0,65.0,70.0,70.0,73.0,98.0,98.0,96.0,106.0,103.0,95.0,73.0,76.0,61.0,58.0,46.0,40.0,53.0,66.0,63.0,74.0,74.0,70.0,66.0,66.0,63.0,64.0,69.0,64.0,56.0,55.0,64.0,65.0,72.0,69.0,64.0,69.0,61.0,64.0,71.0,52.0,48.0,58.0,60.0,68.0,59.0,57.0,54.0,55.0,52.0,51.0,50.0,51.0,69.0,72.0,60.0,53.0,60.0,46.0,41.0,45.0,45.0,47.0,49.0,52.0,53.0,51.0,49.0,57.0,57.0,40.0,43.0,51.0,48.0,45.0,42.0,46.0,45.0,44.0,44.0,41.0,29.0,27.0,27.0,30.0,29.0,32.0,32.0,30.0,39.0,37.0,35.0
East Elmhurst,Queens,neighborhood,7.0,4.0,4.0,4.0,4.0,3.0,3.0,3.0,4.0,4.0,4.0,5.0,5.0,4.0,5.0,5.0,5.0,5.0,5.0,4.0,5.0,5.0,6.0,7.0,6.0,5.0,5.0,3.0,5.0,7.0,9.0,8.0,8.0,8.0,7.0,6.0,6.0,6.0,4.0,4.0,4.0,2.0,2.0,3.0,3.0,3.0,1.0,1.0,2.0,3.0,4.0,5.0,5.0,9.0,10.0,10.0,8.0,6.0,6.0,5.0,5.0,8.0,13.0,10.0,10.0,9.0,8.0,9.0,11.0,9.0,8.0,6.0,5.0,1.0,2.0,5.0,3.0,4.0,5.0,5.0,7.0,12.0,15.0,15.0,15.0,17.0,13.0,11.0,10.0,22.0,36.0,32.0,18.0,16.0,8.0,6.0,6.0,7.0,16.0,19.0,22.0,21.0,23.0,29.0,25.0,20.0,15.0,13.0,8.0,8.0,8.0,12.0,13.0,14.0,14.0,15.0,17.0,19.0,18.0,18.0,18.0,20.0,13.0,13.0,15.0,15.0,18.0,15.0,16.0,15.0,15.0,12.0,12.0,11.0,12.0,12.0,14.0,10.0,10.0,11.0,9.0,12.0,11.0,10.0,12.0,10.0,5.0,10.0,11.0,13.0,13.0,16.0,17.0,17.0,14.0,14.0,18.0,16.0,12.0,9.0,9.0,7.0,13.0,14.0,11.0,13.0,14.0,15.0,15.0,12.0,9.0,10.0,13.0,12.0,11.0,9.0,7.0,8.0,7.0,6.0,5.0,6.0,6.0,6.0,7.0,8.0,12.0,10.0,8.0,10.0,8.0,7.0,8.0,10.0,11.0,14.0,17.0,18.0,15.0,16.0
East Flatbush,Brooklyn,neighborhood,8.0,9.0,17.0,18.0,23.0,27.0,30.0,25.0,28.0,29.0,28.0,25.0,29.0,43.0,46.0,47.0,48.0,50.0,53.0,53.0,50.0,54.0,52.0,53.0,58.0,50.0,58.0,52.0,57.0,53.0,55.0,52.0,48.0,47.0,44.0,43.0,42.0,38.0,47.0,50.0,51.0,45.0,42.0,38.0,34.0,38.0,32.0,27.0,41.0,44.0,45.0,40.0,60.0,67.0,69.0,73.0,70.0,79.0,81.0,79.0,76.0,79.0,78.0,90.0,96.0,92.0,95.0,89.0,83.0,76.0,65.0,61.0,59.0,67.0,76.0,77.0,74.0,84.0,77.0,75.0,80.0,85.0,85.0,87.0,91.0,89.0,89.0,88.0,100.0,111.0,107.0,114.0,102.0,109.0,100.0,88.0,90.0,97.0,98.0,106.0,109.0,113.0,121.0,130.0,131.0,143.0,138.0,119.0,137.0,124.0,125.0,131.0,121.0,125.0,126.0,119.0,132.0,141.0,144.0,127.0,127.0,121.0,117.0,98.0,87.0,90.0,94.0,104.0,110.0,117.0,104.0,99.0,89.0,78.0,73.0,73.0,83.0,96.0,104.0,99.0,112.0,111.0,98.0,88.0,84.0,90.0,99.0,95.0,108.0,113.0,116.0,121.0,126.0,121.0,124.0,117.0,97.0,95.0,103.0,110.0,113.0,108.0,102.0,102.0,98.0,90.0,91.0,96.0,95.0,88.0,87.0,88.0,92.0,89.0,95.0,88.0,79.0,82.0,76.0,68.0,74.0,70.0,76.0,72.0,83.0,95.0,95.0,91.0,87.0,90.0,79.0,71.0,66.0,75.0,87.0,102.0,108.0,90.0,83.0,78.0
East Harlem,Manhattan,neighborhood,10.0,6.0,7.0,7.0,9.0,8.0,12.0,18.0,16.0,13.0,12.0,13.0,11.0,12.0,9.0,8.0,8.0,9.0,9.0,8.0,10.0,10.0,11.0,11.0,12.0,11.0,7.0,6.0,11.0,10.0,11.0,12.0,11.0,11.0,11.0,13.0,12.0,11.0,8.0,11.0,11.0,9.0,8.0,8.0,7.0,9.0,11.0,10.0,10.0,7.0,4.0,7.0,7.0,7.0,10.0,12.0,9.0,6.0,5.0,4.0,3.0,4.0,3.0,4.0,7.0,8.0,7.0,5.0,6.0,7.0,6.0,5.0,10.0,11.0,12.0,11.0,14.0,12.0,13.0,11.0,11.0,10.0,10.0,9.0,8.0,4.0,3.0,5.0,5.0,6.0,6.0,5.0,6.0,7.0,9.0,8.0,11.0,10.0,9.0,9.0,11.0,12.0,8.0,7.0,8.0,10.0,9.0,8.0,5.0,7.0,5.0,4.0,5.0,6.0,6.0,6.0,7.0,7.0,6.0,4.0,4.0,5.0,7.0,5.0,5.0,5.0,8.0,12.0,12.0,15.0,15.0,13.0,12.0,15.0,12.0,16.0,14.0,18.0,15.0,12.0,13.0,16.0,16.0,15.0,15.0,13.0,11.0,10.0,13.0,16.0,14.0,15.0,12.0,12.0,11.0,9.0,8.0,10.0,13.0,13.0,15.0,14.0,15.0,12.0,15.0,16.0,17.0,14.0,13.0,13.0,11.0,15.0,15.0,11.0,11.0,13.0,11.0,13.0,13.0,12.0,12.0,15.0,14.0,14.0,15.0,14.0,15.0,12.0,14.0,10.0,11.0,9.0,10.0,10.0,9.0,8.0,8.0,12.0,15.0,18.0
East New York,Brooklyn,neighborhood,26.0,22.0,26.0,27.0,27.0,26.0,21.0,24.0,25.0,26.0,27.0,27.0,31.0,34.0,35.0,34.0,36.0,40.0,44.0,51.0,50.0,55.0,45.0,42.0,35.0,35.0,39.0,36.0,38.0,41.0,43.0,36.0,35.0,32.0,31.0,31.0,31.0,32.0,31.0,29.0,34.0,40.0,41.0,40.0,39.0,51.0,47.0,49.0,44.0,39.0,54.0,60.0,67.0,71.0,71.0,84.0,92.0,101.0,95.0,104.0,101.0,109.0,115.0,113.0,110.0,99.0,95.0,85.0,80.0,84.0,85.0,77.0,63.0,65.0,73.0,76.0,83.0,87.0,75.0,86.0,96.0,99.0,100.0,98.0,114.0,101.0,114.0,104.0,104.0,123.0,133.0,124.0,118.0,127.0,129.0,113.0,117.0,114.0,135.0,126.0,121.0,125.0,129.0,148.0,146.0,166.0,157.0,148.0,161.0,152.0,167.0,161.0,160.0,158.0,163.0,157.0,140.0,155.0,154.0,148.0,160.0,155.0,136.0,116.0,115.0,127.0,124.0,122.0,123.0,129.0,130.0,133.0,121.0,122.0,123.0,116.0,115.0,123.0,124.0,118.0,121.0,128.0,110.0,104.0,104.0,113.0,124.0,122.0,135.0,145.0,142.0,138.0,131.0,139.0,140.0,142.0,153.0,152.0,137.0,141.0,128.0,130.0,132.0,128.0,129.0,132.0,130.0,125.0,131.0,124.0,121.0,127.0,119.0,121.0,115.0,111.0,105.0,113.0,105.0,94.0,93.0,92.0,91.0,95.0,99.0,104.0,103.0,99.0,95.0,100.0,90.0,96.0,89.0,74.0,76.0,72.0,84.0,94.0,97.0,101.0
East Tremont,Bronx,neighborhood,0.0,0.0,0.0,0.0,0.0,0.0,0.0,0.0,0.0,0.0,0.0,0.0,1.0,1.0,1.0,1.0,1.0,0.0,1.0,1.0,1.0,1.0,1.0,0.0,1.0,1.0,1.0,1.0,1.0,1.0,1.0,1.0,1.0,1.0,1.0,1.0,1.0,1.0,1.0,1.0,2.0,10.0,10.0,10.0,9.0,8.0,8.0,8.0,8.0,6.0,7.0,7.0,7.0,7.0,7.0,7.0,7.0,6.0,8.0,1.0,2.0,4.0,5.0,7.0,5.0,6.0,6.0,5.0,3.0,3.0,2.0,2.0,1.0,1.0,4.0,3.0,3.0,2.0,2.0,4.0,5.0,1.0,1.0,2.0,2.0,1.0,3.0,5.0,6.0,8.0,10.0,9.0,5.0,7.0,5.0,3.0,2.0,1.0,2.0,2.0,2.0,3.0,3.0,3.0,5.0,5.0,7.0,6.0,8.0,9.0,9.0,8.0,8.0,7.0,7.0,6.0,4.0,8.0,11.0,10.0,11.0,14.0,10.0,8.0,8.0,7.0,6.0,4.0,6.0,6.0,7.0,7.0,5.0,7.0,10.0,12.0,10.0,9.0,8.0,7.0,6.0,7.0,8.0,5.0,7.0,7.0,9.0,7.0,10.0,7.0,13.0,12.0,13.0,13.0,11.0,10.0,11.0,10.0,12.0,13.0,11.0,12.0,11.0,9.0,8.0,11.0,13.0,11.0,11.0,14.0,11.0,7.0,7.0,6.0,9.0,8.0,9.0,8.0,8.0,9.0,8.0,11.0,12.0,16.0,14.0,10.0,10.0,9.0,13.0,13.0,10.0,12.0,12.0,13.0,8.0,8.0,10.0,8.0,12.0,10.0
East Village,Manhattan,neighborhood,15.0,13.0,14.0,13.0,16.0,15.0,12.0,17.0,14.0,15.0,15.0,14.0,12.0,10.0,8.0,7.0,9.0,7.0,6.0,5.0,7.0,9.0,8.0,8.0,9.0,8.0,8.0,10.0,8.0,9.0,8.0,8.0,7.0,7.0,7.0,7.0,6.0,7.0,8.0,7.0,6.0,5.0,7.0,7.0,6.0,6.0,6.0,5.0,4.0,4.0,7.0,9.0,12.0,12.0,12.0,10.0,13.0,13.0,9.0,8.0,9.0,11.0,10.0,8.0,8.0,9.0,9.0,6.0,7.0,7.0,8.0,8.0,7.0,6.0,6.0,7.0,9.0,9.0,10.0,9.0,8.0,8.0,7.0,7.0,6.0,5.0,6.0,7.0,8.0,8.0,8.0,7.0,8.0,8.0,8.0,10.0,10.0,8.0,10.0,9.0,10.0,8.0,6.0,6.0,5.0,6.0,7.0,9.0,10.0,11.0,10.0,11.0,8.0,7.0,7.0,5.0,4.0,4.0,5.0,5.0,8.0,7.0,6.0,7.0,6.0,5.0,8.0,8.0,8.0,11.0,10.0,11.0,11.0,13.0,13.0,13.0,13.0,12.0,13.0,15.0,14.0,11.0,10.0,8.0,5.0,6.0,5.0,5.0,6.0,6.0,6.0,4.0,5.0,7.0,7.0,7.0,7.0,7.0,8.0,7.0,6.0,6.0,5.0,4.0,3.0,4.0,5.0,5.0,4.0,4.0,4.0,6.0,7.0,9.0,9.0,9.0,12.0,10.0,10.0,9.0,9.0,8.0,7.0,6.0,6.0,6.0,6.0,6.0,6.0,7.0,8.0,8.0,5.0,6.0,6.0,5.0,5.0,9.0,9.0,9.0
Eastchester,Bronx,neighborhood,0.0,0.0,0.0,0.0,0.0,0.0,0.0,0.0,0.0,0.0,0.0,0.0,0.0,0.0,0.0,0.0,0.0,0.0,0.0,0.0,0.0,0.0,0.0,0.0,1.0,1.0,1.0,1.0,1.0,1.0,1.0,2.0,1.0,2.0,2.0,3.0,2.0,2.0,2.0,2.0,1.0,1.0,1.0,1.0,1.0,2.0,2.0,2.0,2.0,1.0,4.0,2.0,2.0,1.0,2.0,1.0,1.0,1.0,1.0,0.0,0.0,0.0,0.0,0.0,1.0,2.0,2.0,2.0,2.0,2.0,2.0,2.0,2.0,4.0,2.0,1.0,1.0,1.0,0.0,0.0,0.0,0.0,0.0,0.0,1.0,1.0,1.0,2.0,2.0,3.0,2.0,2.0,2.0,2.0,2.0,2.0,2.0,2.0,3.0,3.0,4.0,4.0,6.0,6.0,7.0,7.0,7.0,5.0,5.0,5.0,4.0,3.0,3.0,2.0,2.0,1.0,2.0,1.0,3.0,3.0,3.0,2.0,1.0,0.0,0.0,1.0,2.0,1.0,0.0,1.0,2.0,2.0,0.0,2.0,2.0,2.0,3.0,4.0,6.0,4.0,3.0,4.0,5.0,4.0,3.0,3.0,2.0,3.0,3.0,3.0,2.0,3.0,5.0,6.0,5.0,7.0,6.0,7.0,7.0,6.0,7.0,8.0,6.0,4.0,4.0,4.0,4.0,2.0,2.0,2.0,2.0,1.0,2.0,2.0,2.0,1.0,1.0,1.0,1.0,1.0,1.0,1.0,1.0,1.0,1.0,0.0,0.0,1.0,2.0,1.0,2.0,3.0,4.0,4.0,4.0,3.0,2.0,2.0,2.0,2.0
Edenwald,Bronx,neighborhood,0.0,1.0,1.0,1.0,2.0,2.0,3.0,3.0,2.0,3.0,3.0,3.0,4.0,5.0,5.0,4.0,4.0,4.0,3.0,3.0,3.0,2.0,3.0,1.0,1.0,1.0,1.0,1.0,0.0,0.0,0.0,0.0,0.0,0.0,0.0,0.0,1.0,2.0,2.0,2.0,2.0,2.0,1.0,2.0,4.0,3.0,4.0,4.0,3.0,2.0,2.0,2.0,2.0,2.0,1.0,1.0,2.0,1.0,2.0,3.0,3.0,5.0,7.0,6.0,6.0,7.0,6.0,6.0,6.0,7.0,8.0,5.0,4.0,5.0,7.0,6.0,5.0,4.0,3.0,5.0,4.0,5.0,5.0,4.0,3.0,4.0,7.0,7.0,7.0,15.0,23.0,19.0,6.0,6.0,3.0,4.0,5.0,4.0,4.0,5.0,5.0,7.0,6.0,6.0,7.0,12.0,11.0,12.0,11.0,15.0,18.0,17.0,11.0,13.0,17.0,17.0,17.0,18.0,15.0,14.0,15.0,13.0,13.0,13.0,11.0,13.0,11.0,9.0,9.0,13.0,15.0,10.0,8.0,9.0,9.0,9.0,4.0,4.0,3.0,3.0,4.0,4.0,3.0,3.0,5.0,10.0,9.0,5.0,4.0,7.0,8.0,7.0,7.0,6.0,7.0,6.0,6.0,9.0,8.0,8.0,10.0,10.0,9.0,9.0,10.0,8.0,11.0,12.0,11.0,9.0,9.0,8.0,8.0,5.0,6.0,8.0,8.0,7.0,3.0,2.0,1.0,1.0,1.0,1.0,2.0,4.0,5.0,5.0,11.0,10.0,9.0,7.0,10.0,7.0,7.0,8.0,8.0,7.0,13.0,15.0
Elmhurst,Queens,neighborhood,2.0,1.0,1.0,1.0,1.0,1.0,1.0,1.0,1.0,1.0,1.0,5.0,4.0,3.0,4.0,3.0,3.0,3.0,5.0,5.0,4.0,3.0,3.0,2.0,1.0,2.0,2.0,4.0,5.0,5.0,4.0,5.0,5.0,5.0,4.0,3.0,3.0,2.0,2.0,3.0,3.0,2.0,2.0,2.0,2.0,2.0,2.0,2.0,1.0,1.0,1.0,1.0,2.0,3.0,6.0,6.0,6.0,3.0,3.0,3.0,2.0,1.0,2.0,2.0,2.0,6.0,2.0,2.0,2.0,1.0,0.0,0.0,1.0,1.0,1.0,2.0,1.0,1.0,0.0,0.0,3.0,12.0,10.0,8.0,8.0,8.0,8.0,8.0,9.0,22.0,38.0,31.0,16.0,16.0,13.0,8.0,9.0,11.0,11.0,12.0,13.0,15.0,15.0,16.0,15.0,15.0,14.0,12.0,15.0,14.0,14.0,14.0,20.0,19.0,22.0,20.0,16.0,17.0,18.0,18.0,19.0,17.0,14.0,10.0,10.0,12.0,16.0,19.0,21.0,21.0,22.0,15.0,20.0,19.0,19.0,19.0,18.0,18.0,17.0,13.0,15.0,19.0,20.0,14.0,14.0,12.0,20.0,22.0,20.0,21.0,19.0,20.0,22.0,23.0,23.0,24.0,22.0,14.0,15.0,17.0,17.0,15.0,12.0,16.0,15.0,10.0,11.0,9.0,11.0,14.0,16.0,15.0,17.0,23.0,24.0,25.0,24.0,25.0,21.0,17.0,19.0,20.0,23.0,21.0,26.0,27.0,25.0,23.0,24.0,25.0,24.0,21.0,16.0,12.0,16.0,22.0,22.0,23.0,23.0,25.0
Financial District,Manhattan,neighborhood,3.0,3.0,3.0,3.0,2.0,2.0,2.0,2.0,2.0,3.0,3.0,3.0,3.0,1.0,1.0,2.0,2.0,1.0,1.0,2.0,1.0,1.0,0.0,0.0,0.0,0.0,1.0,1.0,1.0,1.0,1.0,1.0,1.0,1.0,1.0,1.0,1.0,1.0,1.0,1.0,1.0,1.0,1.0,1.0,1.0,1.0,1.0,1.0,1.0,1.0,1.0,1.0,1.0,1.0,1.0,1.0,1.0,2.0,1.0,1.0,1.0,1.0,1.0,0.0,0.0,0.0,0.0,0.0,0.0,0.0,0.0,0.0,0.0,0.0,0.0,0.0,0.0,0.0,0.0,0.0,0.0,0.0,0.0,0.0,0.0,0.0,0.0,0.0,1.0,1.0,0.0,0.0,0.0,0.0,0.0,0.0,0.0,0.0,0.0,0.0,0.0,1.0,1.0,2.0,2.0,3.0,3.0,3.0,3.0,3.0,1.0,3.0,3.0,3.0,3.0,3.0,1.0,1.0,0.0,0.0,0.0,0.0,0.0,0.0,0.0,0.0,1.0,1.0,1.0,1.0,1.0,1.0,1.0,1.0,1.0,0.0,0.0,0.0,1.0,1.0,1.0,2.0,2.0,1.0,0.0,0.0,0.0,0.0,0.0,0.0,0.0,0.0,0.0,0.0,0.0,0.0,0.0,0.0,0.0,0.0,0.0,0.0,0.0,0.0,0.0,0.0,0.0,0.0,0.0,0.0,0.0,0.0,0.0,0.0,0.0,0.0,0.0,0.0,0.0,0.0,0.0,0.0,0.0,0.0,0.0,0.0,0.0,0.0,0.0,1.0,1.0,1.0,1.0,1.0,1.0,1.0,2.0,2.0,1.0,1.0
Flatbush,Brooklyn,neighborhood,6.0,9.0,11.0,10.0,13.0,15.0,14.0,14.0,17.0,17.0,15.0,12.0,16.0,13.0,12.0,14.0,17.0,18.0,15.0,17.0,16.0,17.0,16.0,16.0,15.0,17.0,15.0,13.0,14.0,15.0,17.0,11.0,12.0,9.0,7.0,13.0,14.0,13.0,13.0,14.0,17.0,12.0,14.0,11.0,9.0,11.0,11.0,10.0,9.0,10.0,15.0,16.0,19.0,21.0,18.0,19.0,21.0,22.0,22.0,22.0,16.0,21.0,23.0,20.0,24.0,34.0,40.0,39.0,32.0,27.0,31.0,28.0,26.0,27.0,26.0,23.0,24.0,25.0,32.0,32.0,38.0,36.0,32.0,29.0,27.0,29.0,31.0,30.0,33.0,38.0,41.0,45.0,46.0,36.0,31.0,26.0,30.0,27.0,34.0,41.0,41.0,43.0,37.0,41.0,48.0,48.0,42.0,43.0,47.0,48.0,50.0,52.0,59.0,57.0,57.0,53.0,45.0,41.0,43.0,40.0,42.0,36.0,33.0,25.0,28.0,31.0,31.0,27.0,30.0,36.0,31.0,34.0,33.0,31.0,29.0,23.0,27.0,25.0,26.0,26.0,28.0,31.0,36.0,37.0,39.0,31.0,32.0,28.0,30.0,32.0,35.0,31.0,37.0,36.0,34.0,34.0,33.0,35.0,35.0,33.0,34.0,36.0,36.0,36.0,36.0,33.0,38.0,35.0,28.0,27.0,29.0,31.0,30.0,32.0,33.0,36.0,38.0,37.0,36.0,24.0,24.0,25.0,27.0,25.0,28.0,27.0,23.0,21.0,23.0,24.0,27.0,25.0,29.0,30.0,30.0,31.0,35.0,35.0,30.0,27.0
Flatiron,Manhattan,neighborhood,2.0,1.0,1.0,3.0,2.0,2.0,2.0,1.0,1.0,2.0,2.0,1.0,1.0,2.0,2.0,5.0,6.0,7.0,7.0,5.0,5.0,5.0,3.0,2.0,1.0,1.0,1.0,1.0,0.0,0.0,0.0,2.0,3.0,3.0,3.0,3.0,3.0,3.0,2.0,2.0,3.0,4.0,4.0,4.0,2.0,1.0,1.0,1.0,1.0,1.0,1.0,0.0,0.0,1.0,2.0,1.0,1.0,1.0,1.0,1.0,0.0,0.0,2.0,2.0,3.0,5.0,4.0,3.0,3.0,1.0,1.0,0.0,0.0,0.0,0.0,0.0,0.0,0.0,0.0,0.0,1.0,2.0,1.0,1.0,0.0,1.0,1.0,1.0,1.0,1.0,1.0,1.0,1.0,1.0,1.0,0.0,2.0,2.0,2.0,2.0,2.0,3.0,2.0,2.0,2.0,2.0,1.0,1.0,0.0,1.0,1.0,2.0,2.0,1.0,1.0,1.0,1.0,1.0,1.0,1.0,1.0,1.0,1.0,0.0,1.0,1.0,1.0,1.0,1.0,2.0,1.0,0.0,1.0,1.0,1.0,1.0,1.0,1.0,1.0,1.0,2.0,2.0,2.0,2.0,2.0,3.0,3.0,4.0,2.0,2.0,3.0,3.0,2.0,2.0,2.0,2.0,1.0,1.0,1.0,1.0,1.0,1.0,1.0,1.0,1.0,1.0,2.0,2.0,3.0,3.0,3.0,3.0,3.0,3.0,3.0,3.0,2.0,2.0,2.0,2.0,2.0,2.0,1.0,1.0,1.0,0.0,0.0,0.0,0.0,0.0,0.0,0.0,1.0,1.0,1.0,1.0,1.0,1.0,1.0,1.0
Flatlands,Brooklyn,neighborhood,4.0,5.0,7.0,10.0,12.0,15.0,15.0,19.0,17.0,17.0,16.0,16.0,17.0,17.0,18.0,18.0,17.0,20.0,21.0,24.0,27.0,26.0,19.0,20.0,23.0,22.0,22.0,19.0,18.0,15.0,15.0,16.0,17.0,17.0,15.0,17.0,15.0,13.0,16.0,14.0,14.0,16.0,17.0,21.0,16.0,22.0,20.0,22.0,22.0,30.0,26.0,29.0,33.0,30.0,37.0,37.0,39.0,47.0,47.0,55.0,55.0,52.0,57.0,55.0,48.0,51.0,75.0,56.0,49.0,56.0,42.0,48.0,40.0,46.0,49.0,46.0,46.0,39.0,39.0,40.0,34.0,28.0,23.0,18.0,19.0,18.0,20.0,18.0,24.0,24.0,27.0,34.0,29.0,26.0,29.0,28.0,34.0,34.0,35.0,39.0,52.0,47.0,43.0,40.0,32.0,35.0,24.0,20.0,29.0,34.0,37.0,46.0,55.0,56.0,48.0,50.0,45.0,51.0,53.0,43.0,33.0,28.0,25.0,19.0,19.0,25.0,37.0,39.0,30.0,31.0,30.0,27.0,32.0,27.0,28.0,31.0,25.0,27.0,28.0,25.0,25.0,31.0,30.0,24.0,27.0,33.0,26.0,27.0,31.0,36.0,32.0,35.0,35.0,36.0,36.0,32.0,31.0,37.0,41.0,42.0,49.0,47.0,40.0,35.0,29.0,29.0,34.0,28.0,26.0,24.0,26.0,29.0,33.0,36.0,36.0,35.0,30.0,31.0,26.0,24.0,25.0,27.0,33.0,31.0,29.0,32.0,33.0,31.0,26.0,33.0,28.0,33.0,36.0,36.0,38.0,46.0,48.0,41.0,45.0,37.0
Floral Park,Queens,neighborhood,0.0,0.0,0.0,0.0,0.0,0.0,0.0,0.0,0.0,0.0,0.0,0.0,0.0,0.0,0.0,0.0,0.0,0.0,0.0,0.0,0.0,0.0,0.0,0.0,0.0,0.0,0.0,0.0,0.0,0.0,0.0,0.0,0.0,0.0,0.0,0.0,0.0,0.0,0.0,0.0,0.0,0.0,0.0,0.0,0.0,0.0,0.0,1.0,1.0,1.0,1.0,0.0,0.0,0.0,2.0,3.0,3.0,0.0,0.0,0.0,1.0,1.0,1.0,1.0,1.0,1.0,3.0,3.0,4.0,2.0,0.0,0.0,1.0,1.0,1.0,1.0,1.0,1.0,1.0,2.0,3.0,2.0,1.0,1.0,0.0,0.0,1.0,1.0,0.0,1.0,1.0,2.0,3.0,3.0,2.0,1.0,1.0,2.0,0.0,0.0,3.0,2.0,2.0,2.0,2.0,2.0,2.0,1.0,2.0,1.0,3.0,3.0,0.0,1.0,3.0,3.0,4.0,3.0,3.0,1.0,0.0,2.0,2.0,2.0,1.0,1.0,1.0,3.0,3.0,3.0,3.0,2.0,1.0,0.0,0.0,0.0,0.0,0.0,4.0,3.0,2.0,1.0,1.0,1.0,1.0,1.0,1.0,1.0,0.0,0.0,2.0,3.0,4.0,2.0,3.0,1.0,2.0,3.0,1.0,2.0,3.0,1.0,2.0,2.0,3.0,3.0,1.0,2.0,2.0,2.0,1.0,2.0,2.0,0.0,0.0,0.0,0.0,0.0,1.0,1.0,1.0,0.0,0.0,0.0,1.0,0.0,1.0,1.0,1.0,1.0,1.0,1.0,1.0,0.0,0.0,0.0,0.0,0.0,1.0,1.0
Flushing,Queens,neighborhood,34.0,34.0,32.0,32.0,32.0,32.0,35.0,25.0,25.0,25.0,14.0,27.0,22.0,22.0,28.0,29.0,27.0,32.0,34.0,28.0,33.0,32.0,29.0,28.0,29.0,28.0,32.0,28.0,29.0,24.0,26.0,25.0,26.0,26.0,27.0,26.0,26.0,14.0,18.0,15.0,12.0,11.0,9.0,15.0,17.0,17.0,15.0,13.0,12.0,13.0,17.0,18.0,19.0,22.0,21.0,24.0,31.0,28.0,23.0,23.0,19.0,17.0,19.0,24.0,33.0,29.0,37.0,41.0,37.0,36.0,33.0,22.0,25.0,20.0,22.0,22.0,24.0,25.0,22.0,24.0,21.0,25.0,28.0,28.0,29.0,21.0,24.0,25.0,23.0,65.0,108.0,83.0,21.0,22.0,27.0,31.0,31.0,36.0,42.0,49.0,66.0,60.0,61.0,60.0,56.0,47.0,47.0,45.0,43.0,45.0,58.0,59.0,57.0,61.0,60.0,50.0,45.0,39.0,35.0,41.0,36.0,33.0,30.0,27.0,24.0,22.0,31.0,35.0,45.0,51.0,52.0,41.0,47.0,39.0,50.0,46.0,42.0,43.0,42.0,42.0,41.0,41.0,43.0,47.0,43.0,42.0,53.0,57.0,62.0,59.0,68.0,70.0,70.0,70.0,60.0,54.0,51.0,44.0,43.0,51.0,58.0,56.0,51.0,52.0,49.0,50.0,47.0,38.0,34.0,31.0,29.0,26.0,29.0,35.0,36.0,34.0,40.0,40.0,38.0,28.0,34.0,35.0,40.0,37.0,33.0,33.0,33.0,41.0,40.0,38.0,35.0,35.0,32.0,38.0,44.0,51.0,54.0,54.0,53.0,52.0
Fordham,Bronx,neighborhood,1.0,0.0,0.0,0.0,0.0,0.0,0.0,0.0,0.0,0.0,0.0,0.0,0.0,0.0,0.0,0.0,0.0,0.0,0.0,0.0,0.0,1.0,1.0,1.0,1.0,1.0,0.0,0.0,0.0,0.0,0.0,0.0,0.0,0.0,0.0,0.0,0.0,0.0,0.0,0.0,0.0,0.0,0.0,1.0,0.0,0.0,0.0,0.0,0.0,0.0,0.0,1.0,0.0,0.0,0.0,0.0,0.0,0.0,1.0,1.0,1.0,2.0,2.0,3.0,3.0,2.0,2.0,2.0,2.0,2.0,3.0,0.0,0.0,2.0,2.0,2.0,1.0,1.0,0.0,0.0,0.0,0.0,0.0,0.0,0.0,0.0,0.0,0.0,2.0,2.0,2.0,2.0,2.0,2.0,3.0,3.0,2.0,3.0,7.0,5.0,7.0,7.0,8.0,7.0,9.0,10.0,7.0,5.0,4.0,4.0,4.0,2.0,2.0,4.0,6.0,6.0,5.0,4.0,4.0,3.0,4.0,6.0,6.0,3.0,2.0,3.0,2.0,3.0,4.0,3.0,4.0,2.0,3.0,3.0,3.0,5.0,6.0,7.0,8.0,6.0,5.0,4.0,4.0,5.0,4.0,3.0,4.0,7.0,8.0,6.0,6.0,3.0,5.0,9.0,6.0,6.0,4.0,3.0,4.0,5.0,4.0,4.0,4.0,3.0,3.0,5.0,6.0,5.0,4.0,5.0,5.0,5.0,6.0,5.0,5.0,6.0,5.0,4.0,3.0,3.0,3.0,1.0,1.0,1.0,2.0,2.0,2.0,2.0,3.0,5.0,4.0,5.0,5.0,5.0,4.0,2.0,3.0,4.0,4.0,4.0
Forest Hills,Queens,neighborhood,8.0,8.0,5.0,6.0,9.0,12.0,15.0,16.0,16.0,16.0,20.0,20.0,21.0,22.0,27.0,27.0,32.0,35.0,28.0,25.0,24.0,27.0,24.0,26.0,21.0,27.0,22.0,23.0,23.0,27.0,24.0,21.0,22.0,22.0,19.0,16.0,19.0,15.0,18.0,18.0,12.0,12.0,12.0,15.0,16.0,25.0,21.0,22.0,21.0,20.0,23.0,22.0,22.0,21.0,27.0,25.0,31.0,36.0,38.0,30.0,23.0,16.0,18.0,19.0,23.0,36.0,40.0,43.0,44.0,44.0,45.0,36.0,25.0,29.0,31.0,34.0,46.0,54.0,46.0,44.0,44.0,41.0,36.0,31.0,34.0,40.0,54.0,55.0,63.0,70.0,74.0,70.0,53.0,54.0,54.0,51.0,53.0,50.0,54.0,57.0,55.0,65.0,68.0,76.0,71.0,72.0,69.0,57.0,52.0,44.0,45.0,59.0,66.0,73.0,74.0,75.0,74.0,70.0,58.0,55.0,53.0,56.0,57.0,46.0,42.0,55.0,79.0,92.0,90.0,89.0,82.0,72.0,60.0,58.0,54.0,62.0,66.0,72.0,60.0,54.0,51.0,50.0,48.0,36.0,38.0,43.0,48.0,44.0,49.0,55.0,53.0,50.0,65.0,55.0,51.0,47.0,47.0,45.0,43.0,44.0,51.0,51.0,42.0,46.0,47.0,47.0,41.0,37.0,38.0,37.0,41.0,40.0,37.0,30.0,35.0,35.0,32.0,37.0,34.0,24.0,27.0,26.0,36.0,30.0,32.0,40.0,41.0,34.0,37.0,37.0,38.0,37.0,33.0,33.0,34.0,41.0,37.0,47.0,50.0,44.0
Fort Greene,Brooklyn,neighborhood,22.0,19.0,18.0,20.0,20.0,22.0,23.0,21.0,19.0,17.0,16.0,16.0,12.0,10.0,12.0,10.0,6.0,10.0,9.0,8.0,14.0,15.0,13.0,12.0,11.0,13.0,15.0,20.0,14.0,11.0,9.0,8.0,14.0,16.0,9.0,8.0,9.0,9.0,11.0,13.0,18.0,19.0,21.0,18.0,18.0,21.0,20.0,16.0,10.0,11.0,16.0,18.0,15.0,17.0,20.0,20.0,25.0,27.0,23.0,17.0,18.0,21.0,19.0,24.0,25.0,24.0,21.0,18.0,26.0,23.0,27.0,19.0,20.0,18.0,19.0,23.0,23.0,29.0,23.0,21.0,19.0,19.0,15.0,14.0,12.0,9.0,8.0,10.0,12.0,9.0,9.0,10.0,15.0,21.0,18.0,20.0,20.0,18.0,20.0,23.0,22.0,25.0,26.0,21.0,24.0,21.0,18.0,18.0,14.0,19.0,16.0,19.0,26.0,31.0,31.0,19.0,18.0,22.0,21.0,20.0,22.0,18.0,19.0,17.0,20.0,24.0,31.0,31.0,35.0,35.0,33.0,28.0,24.0,24.0,28.0,28.0,24.0,21.0,16.0,7.0,8.0,8.0,13.0,11.0,10.0,11.0,11.0,11.0,8.0,10.0,11.0,10.0,17.0,19.0,15.0,14.0,14.0,19.0,19.0,17.0,15.0,14.0,13.0,14.0,19.0,23.0,23.0,16.0,16.0,15.0,14.0,18.0,23.0,24.0,21.0,17.0,21.0,20.0,16.0,12.0,14.0,13.0,12.0,14.0,17.0,18.0,13.0,13.0,17.0,17.0,13.0,10.0,10.0,9.0,11.0,14.0,10.0,12.0,10.0,9.0
Fresh Meadows,Queens,neighborhood,4.0,4.0,1.0,1.0,1.0,2.0,2.0,2.0,2.0,2.0,1.0,1.0,1.0,1.0,1.0,1.0,1.0,1.0,1.0,1.0,1.0,1.0,0.0,0.0,0.0,1.0,2.0,1.0,1.0,0.0,0.0,0.0,0.0,0.0,0.0,0.0,0.0,0.0,0.0,0.0,0.0,0.0,0.0,0.0,1.0,1.0,1.0,1.0,2.0,2.0,1.0,2.0,3.0,3.0,1.0,1.0,3.0,2.0,1.0,0.0,0.0,0.0,0.0,2.0,2.0,5.0,4.0,2.0,4.0,2.0,0.0,0.0,2.0,2.0,2.0,2.0,3.0,5.0,5.0,5.0,4.0,4.0,2.0,4.0,5.0,7.0,9.0,6.0,10.0,16.0,17.0,19.0,7.0,6.0,7.0,6.0,6.0,7.0,10.0,14.0,14.0,14.0,13.0,10.0,9.0,10.0,14.0,17.0,19.0,17.0,20.0,19.0,17.0,15.0,17.0,17.0,14.0,12.0,18.0,15.0,16.0,17.0,15.0,13.0,12.0,11.0,13.0,16.0,18.0,16.0,12.0,11.0,10.0,10.0,11.0,6.0,9.0,10.0,12.0,12.0,11.0,12.0,10.0,4.0,2.0,2.0,3.0,2.0,4.0,11.0,11.0,10.0,8.0,7.0,5.0,5.0,5.0,4.0,3.0,4.0,8.0,7.0,5.0,2.0,0.0,1.0,1.0,0.0,0.0,1.0,2.0,1.0,1.0,5.0,5.0,3.0,3.0,3.0,2.0,0.0,1.0,2.0,2.0,3.0,4.0,3.0,2.0,3.0,5.0,4.0,2.0,4.0,3.0,2.0,1.0,6.0,5.0,4.0,4.0,3.0
Gerritsen Beach,Brooklyn,neighborhood,1.0,3.0,3.0,4.0,3.0,4.0,5.0,5.0,6.0,6.0,4.0,4.0,4.0,5.0,5.0,6.0,8.0,7.0,6.0,6.0,7.0,5.0,6.0,5.0,4.0,7.0,9.0,7.0,7.0,9.0,8.0,7.0,7.0,6.0,6.0,4.0,6.0,7.0,6.0,6.0,7.0,6.0,6.0,5.0,5.0,2.0,3.0,3.0,3.0,13.0,13.0,13.0,10.0,14.0,15.0,12.0,14.0,15.0,12.0,15.0,14.0,15.0,16.0,18.0,18.0,18.0,15.0,15.0,13.0,14.0,13.0,11.0,14.0,17.0,16.0,20.0,14.0,11.0,10.0,10.0,6.0,5.0,5.0,4.0,4.0,4.0,5.0,4.0,4.0,7.0,13.0,16.0,21.0,18.0,19.0,19.0,18.0,15.0,18.0,14.0,22.0,25.0,30.0,33.0,28.0,30.0,23.0,24.0,29.0,26.0,30.0,38.0,35.0,42.0,42.0,37.0,40.0,43.0,39.0,38.0,35.0,31.0,31.0,31.0,28.0,35.0,39.0,38.0,37.0,29.0,25.0,24.0,22.0,14.0,15.0,22.0,24.0,27.0,23.0,26.0,26.0,22.0,25.0,23.0,21.0,25.0,33.0,31.0,23.0,24.0,21.0,24.0,25.0,20.0,19.0,16.0,20.0,16.0,18.0,19.0,20.0,22.0,22.0,20.0,19.0,16.0,15.0,15.0,19.0,20.0,21.0,22.0,29.0,32.0,35.0,38.0,36.0,25.0,24.0,19.0,18.0,13.0,13.0,13.0,13.0,14.0,22.0,21.0,26.0,22.0,22.0,17.0,16.0,20.0,20.0,19.0,20.0,21.0,21.0,21.0
Glen Oaks,Queens,neighborhood,4.0,4.0,4.0,4.0,3.0,4.0,4.0,4.0,4.0,6.0,5.0,3.0,4.0,4.0,4.0,4.0,4.0,4.0,7.0,6.0,8.0,10.0,10.0,9.0,10.0,8.0,7.0,6.0,5.0,5.0,6.0,7.0,8.0,9.0,8.0,8.0,8.0,8.0,5.0,4.0,4.0,3.0,4.0,5.0,6.0,6.0,4.0,4.0,3.0,3.0,3.0,3.0,1.0,3.0,4.0,4.0,5.0,4.0,5.0,5.0,4.0,3.0,4.0,3.0,4.0,11.0,14.0,12.0,10.0,9.0,9.0,7.0,6.0,7.0,4.0,6.0,10.0,11.0,8.0,6.0,6.0,4.0,3.0,3.0,4.0,5.0,5.0,5.0,5.0,5.0,9.0,8.0,6.0,4.0,3.0,1.0,1.0,2.0,3.0,3.0,7.0,7.0,4.0,7.0,9.0,10.0,10.0,9.0,6.0,6.0,5.0,6.0,7.0,6.0,5.0,4.0,2.0,4.0,3.0,4.0,3.0,4.0,3.0,3.0,2.0,2.0,6.0,6.0,6.0,6.0,7.0,5.0,4.0,3.0,4.0,1.0,2.0,5.0,5.0,8.0,5.0,5.0,3.0,2.0,2.0,4.0,4.0,2.0,2.0,2.0,2.0,4.0,5.0,5.0,5.0,3.0,3.0,3.0,6.0,6.0,6.0,5.0,4.0,4.0,4.0,4.0,3.0,4.0,4.0,3.0,1.0,0.0,1.0,1.0,3.0,2.0,2.0,2.0,4.0,1.0,4.0,4.0,3.0,3.0,2.0,1.0,0.0,0.0,2.0,1.0,1.0,0.0,1.0,1.0,1.0,1.0,1.0,2.0,4.0,4.0
Glendale,Queens,neighborhood,4.0,2.0,1.0,1.0,1.0,1.0,2.0,2.0,2.0,3.0,2.0,3.0,3.0,2.0,5.0,5.0,6.0,7.0,6.0,3.0,4.0,3.0,3.0,4.0,4.0,3.0,3.0,4.0,5.0,9.0,7.0,4.0,2.0,2.0,2.0,1.0,1.0,1.0,1.0,1.0,0.0,2.0,2.0,2.0,2.0,2.0,1.0,1.0,4.0,4.0,5.0,10.0,7.0,6.0,5.0,5.0,6.0,6.0,3.0,3.0,5.0,6.0,10.0,9.0,9.0,12.0,14.0,15.0,12.0,12.0,8.0,9.0,6.0,8.0,8.0,15.0,20.0,19.0,18.0,10.0,15.0,19.0,22.0,21.0,21.0,19.0,23.0,19.0,27.0,49.0,59.0,61.0,43.0,39.0,45.0,49.0,50.0,49.0,56.0,57.0,51.0,54.0,49.0,51.0,55.0,62.0,57.0,54.0,51.0,62.0,63.0,56.0,71.0,75.0,71.0,60.0,59.0,62.0,56.0,50.0,46.0,38.0,32.0,31.0,25.0,23.0,45.0,48.0,48.0,45.0,45.0,43.0,47.0,46.0,49.0,39.0,34.0,35.0,34.0,33.0,37.0,40.0,39.0,29.0,31.0,31.0,41.0,41.0,34.0,37.0,39.0,43.0,41.0,36.0,37.0,30.0,25.0,23.0,29.0,29.0,25.0,22.0,29.0,34.0,31.0,33.0,24.0,17.0,16.0,29.0,28.0,28.0,26.0,28.0,28.0,25.0,24.0,23.0,20.0,17.0,14.0,13.0,19.0,23.0,29.0,27.0,31.0,30.0,26.0,28.0,25.0,24.0,27.0,25.0,30.0,33.0,44.0,42.0,33.0,28.0
Gowanus,Brooklyn,neighborhood,10.0,12.0,12.0,13.0,11.0,13.0,13.0,11.0,9.0,12.0,12.0,11.0,7.0,6.0,8.0,7.0,8.0,10.0,11.0,8.0,9.0,14.0,15.0,11.0,11.0,9.0,8.0,7.0,3.0,3.0,2.0,4.0,6.0,6.0,6.0,3.0,4.0,10.0,13.0,8.0,10.0,8.0,13.0,12.0,10.0,10.0,11.0,11.0,8.0,10.0,9.0,9.0,8.0,8.0,9.0,8.0,6.0,5.0,8.0,9.0,7.0,7.0,8.0,9.0,9.0,11.0,11.0,11.0,11.0,11.0,9.0,4.0,5.0,9.0,19.0,18.0,18.0,17.0,14.0,15.0,14.0,14.0,14.0,15.0,9.0,10.0,10.0,9.0,9.0,10.0,9.0,8.0,9.0,10.0,13.0,10.0,8.0,9.0,12.0,10.0,16.0,16.0,20.0,17.0,15.0,16.0,13.0,9.0,12.0,12.0,12.0,11.0,14.0,15.0,18.0,17.0,20.0,18.0,15.0,12.0,12.0,10.0,9.0,6.0,6.0,9.0,13.0,13.0,10.0,9.0,8.0,8.0,9.0,9.0,9.0,11.0,13.0,13.0,12.0,12.0,7.0,14.0,11.0,13.0,12.0,12.0,12.0,13.0,14.0,15.0,16.0,12.0,10.0,12.0,11.0,8.0,7.0,7.0,11.0,15.0,15.0,13.0,16.0,17.0,20.0,19.0,16.0,14.0,13.0,9.0,9.0,11.0,14.0,15.0,17.0,18.0,16.0,18.0,18.0,18.0,21.0,19.0,18.0,21.0,17.0,10.0,9.0,8.0,6.0,10.0,10.0,7.0,7.0,8.0,5.0,6.0,5.0,5.0,5.0,4.0
Gramercy Park,Manhattan,neighborhood,6.0,7.0,6.0,10.0,9.0,6.0,7.0,10.0,7.0,7.0,7.0,8.0,8.0,7.0,8.0,7.0,7.0,7.0,7.0,7.0,6.0,6.0,4.0,3.0,6.0,6.0,6.0,6.0,7.0,6.0,8.0,8.0,9.0,9.0,10.0,8.0,8.0,7.0,7.0,7.0,7.0,7.0,6.0,2.0,5.0,5.0,4.0,4.0,3.0,2.0,2.0,1.0,1.0,1.0,1.0,3.0,3.0,2.0,3.0,4.0,4.0,5.0,5.0,5.0,3.0,3.0,2.0,2.0,3.0,4.0,4.0,5.0,4.0,4.0,4.0,4.0,4.0,4.0,4.0,3.0,3.0,2.0,3.0,3.0,2.0,3.0,4.0,6.0,6.0,6.0,6.0,8.0,11.0,9.0,9.0,9.0,8.0,7.0,7.0,8.0,7.0,7.0,6.0,7.0,7.0,6.0,4.0,3.0,5.0,7.0,7.0,10.0,10.0,12.0,10.0,9.0,12.0,12.0,12.0,12.0,13.0,12.0,12.0,9.0,9.0,9.0,10.0,10.0,12.0,11.0,9.0,8.0,6.0,5.0,5.0,6.0,6.0,6.0,7.0,5.0,5.0,6.0,6.0,6.0,5.0,5.0,6.0,5.0,4.0,4.0,5.0,5.0,5.0,6.0,6.0,5.0,3.0,2.0,4.0,3.0,4.0,6.0,5.0,5.0,7.0,9.0,9.0,9.0,9.0,8.0,7.0,6.0,7.0,6.0,7.0,9.0,10.0,10.0,10.0,9.0,6.0,5.0,7.0,4.0,5.0,5.0,5.0,3.0,4.0,7.0,6.0,5.0,4.0,5.0,6.0,8.0,8.0,10.0,8.0,7.0
Gravesend,Brooklyn,neighborhood,7.0,6.0,9.0,17.0,18.0,18.0,18.0,16.0,21.0,24.0,21.0,19.0,20.0,21.0,25.0,26.0,26.0,34.0,31.0,30.0,32.0,27.0,27.0,26.0,28.0,25.0,24.0,22.0,24.0,23.0,20.0,23.0,19.0,18.0,13.0,13.0,19.0,24.0,25.0,26.0,30.0,36.0,33.0,29.0,28.0,25.0,26.0,26.0,23.0,19.0,17.0,25.0,30.0,34.0,36.0,35.0,34.0,37.0,36.0,41.0,33.0,29.0,26.0,34.0,33.0,34.0,32.0,29.0,25.0,24.0,18.0,19.0,21.0,34.0,40.0,55.0,49.0,66.0,62.0,65.0,66.0,70.0,59.0,51.0,50.0,51.0,49.0,49.0,61.0,76.0,94.0,99.0,99.0,103.0,101.0,94.0,106.0,107.0,110.0,105.0,111.0,125.0,117.0,117.0,113.0,116.0,122.0,123.0,125.0,123.0,122.0,121.0,126.0,125.0,138.0,133.0,123.0,116.0,97.0,82.0,79.0,82.0,69.0,63.0,58.0,62.0,74.0,74.0,78.0,93.0,90.0,88.0,87.0,90.0,85.0,88.0,98.0,95.0,101.0,115.0,118.0,134.0,122.0,107.0,92.0,97.0,94.0,105.0,99.0,98.0,99.0,107.0,121.0,113.0,113.0,107.0,107.0,96.0,105.0,100.0,98.0,91.0,82.0,91.0,96.0,98.0,89.0,76.0,78.0,77.0,88.0,93.0,87.0,92.0,100.0,98.0,119.0,126.0,103.0,101.0,92.0,80.0,89.0,89.0,93.0,90.0,85.0,87.0,77.0,77.0,66.0,63.0,57.0,61.0,68.0,68.0,73.0,84.0,86.0,85.0
Greenpoint,Brooklyn,neighborhood,13.0,13.0,21.0,19.0,20.0,16.0,14.0,13.0,16.0,21.0,20.0,23.0,23.0,25.0,26.0,28.0,22.0,20.0,19.0,21.0,21.0,21.0,22.0,16.0,16.0,16.0,16.0,15.0,14.0,16.0,16.0,13.0,13.0,18.0,17.0,12.0,12.0,13.0,11.0,12.0,12.0,12.0,10.0,15.0,18.0,25.0,24.0,21.0,17.0,17.0,13.0,19.0,17.0,17.0,16.0,20.0,26.0,30.0,23.0,17.0,15.0,20.0,29.0,26.0,29.0,34.0,37.0,37.0,41.0,40.0,35.0,26.0,25.0,25.0,23.0,28.0,26.0,33.0,36.0,33.0,32.0,32.0,31.0,24.0,21.0,18.0,17.0,19.0,24.0,25.0,26.0,30.0,27.0,28.0,24.0,22.0,24.0,26.0,27.0,31.0,41.0,40.0,41.0,40.0,44.0,44.0,34.0,31.0,24.0,26.0,30.0,31.0,28.0,26.0,37.0,35.0,43.0,46.0,40.0,37.0,31.0,24.0,21.0,19.0,19.0,25.0,37.0,42.0,53.0,55.0,43.0,42.0,36.0,32.0,33.0,29.0,32.0,32.0,31.0,31.0,33.0,35.0,27.0,22.0,18.0,25.0,25.0,24.0,24.0,27.0,26.0,19.0,18.0,20.0,20.0,22.0,20.0,22.0,24.0,27.0,27.0,24.0,24.0,24.0,23.0,25.0,26.0,24.0,26.0,28.0,30.0,32.0,34.0,30.0,28.0,28.0,28.0,27.0,23.0,24.0,21.0,20.0,23.0,26.0,26.0,26.0,23.0,19.0,20.0,24.0,20.0,18.0,17.0,18.0,20.0,24.0,33.0,33.0,33.0,27.0
Greenwich Village,Manhattan,neighborhood,13.0,13.0,16.0,12.0,17.0,16.0,15.0,15.0,16.0,16.0,16.0,15.0,13.0,16.0,18.0,15.0,13.0,15.0,13.0,13.0,15.0,12.0,11.0,11.0,10.0,13.0,9.0,10.0,11.0,10.0,11.0,12.0,12.0,14.0,15.0,16.0,15.0,12.0,10.0,13.0,14.0,16.0,14.0,13.0,14.0,16.0,16.0,14.0,14.0,12.0,16.0,14.0,15.0,15.0,15.0,11.0,12.0,13.0,12.0,11.0,9.0,10.0,11.0,10.0,12.0,14.0,15.0,12.0,11.0,18.0,19.0,23.0,19.0,20.0,17.0,22.0,20.0,22.0,17.0,16.0,15.0,15.0,14.0,14.0,17.0,18.0,16.0,19.0,19.0,19.0,17.0,15.0,15.0,15.0,16.0,15.0,12.0,11.0,12.0,18.0,20.0,19.0,18.0,15.0,17.0,17.0,17.0,17.0,19.0,16.0,16.0,17.0,21.0,18.0,13.0,14.0,18.0,18.0,19.0,22.0,19.0,19.0,16.0,14.0,15.0,15.0,16.0,18.0,21.0,22.0,19.0,18.0,16.0,16.0,15.0,14.0,15.0,15.0,15.0,15.0,17.0,19.0,17.0,14.0,16.0,17.0,16.0,13.0,15.0,18.0,21.0,22.0,24.0,30.0,30.0,28.0,29.0,28.0,28.0,30.0,31.0,30.0,31.0,24.0,28.0,27.0,27.0,22.0,16.0,15.0,14.0,20.0,23.0,21.0,20.0,15.0,19.0,21.0,22.0,22.0,19.0,18.0,20.0,23.0,21.0,22.0,22.0,17.0,22.0,19.0,23.0,21.0,20.0,17.0,17.0,23.0,25.0,19.0,18.0,14.0
Greenwood,Brooklyn,neighborhood,15.0,15.0,21.0,22.0,18.0,14.0,14.0,13.0,14.0,13.0,13.0,11.0,13.0,14.0,15.0,13.0,12.0,18.0,18.0,19.0,22.0,19.0,22.0,22.0,23.0,15.0,18.0,19.0,20.0,21.0,22.0,22.0,19.0,20.0,16.0,14.0,15.0,13.0,16.0,13.0,12.0,14.0,18.0,13.0,15.0,15.0,13.0,9.0,14.0,11.0,5.0,7.0,13.0,11.0,8.0,10.0,13.0,21.0,18.0,20.0,13.0,21.0,28.0,27.0,19.0,12.0,10.0,11.0,15.0,19.0,19.0,20.0,18.0,23.0,25.0,31.0,33.0,26.0,27.0,21.0,20.0,20.0,26.0,21.0,20.0,20.0,22.0,17.0,18.0,26.0,24.0,22.0,26.0,28.0,29.0,34.0,30.0,30.0,38.0,32.0,34.0,31.0,28.0,25.0,30.0,33.0,32.0,24.0,19.0,15.0,21.0,21.0,26.0,26.0,27.0,27.0,25.0,29.0,27.0,27.0,21.0,19.0,18.0,16.0,16.0,21.0,29.0,39.0,35.0,33.0,28.0,28.0,26.0,28.0,29.0,32.0,35.0,29.0,32.0,36.0,34.0,30.0,30.0,34.0,29.0,28.0,33.0,35.0,33.0,33.0,32.0,36.0,38.0,38.0,34.0,30.0,28.0,24.0,31.0,29.0,32.0,27.0,29.0,22.0,26.0,22.0,23.0,22.0,21.0,26.0,29.0,29.0,31.0,32.0,29.0,28.0,28.0,24.0,19.0,14.0,18.0,22.0,31.0,32.0,29.0,26.0,26.0,26.0,31.0,27.0,23.0,22.0,23.0,20.0,22.0,30.0,29.0,26.0,22.0,17.0
Hamilton Heights,Manhattan,neighborhood,30.0,27.0,27.0,27.0,30.0,35.0,35.0,30.0,27.0,27.0,28.0,26.0,22.0,22.0,22.0,23.0,24.0,27.0,22.0,17.0,22.0,23.0,25.0,23.0,23.0,19.0,22.0,20.0,23.0,35.0,37.0,34.0,38.0,42.0,39.0,34.0,29.0,25.0,21.0,31.0,35.0,30.0,30.0,22.0,23.0,23.0,21.0,19.0,26.0,19.0,27.0,23.0,25.0,23.0,19.0,14.0,14.0,17.0,16.0,11.0,8.0,10.0,12.0,12.0,13.0,17.0,18.0,16.0,17.0,21.0,20.0,19.0,16.0,15.0,14.0,11.0,15.0,14.0,15.0,13.0,16.0,19.0,18.0,15.0,18.0,15.0,15.0,18.0,14.0,17.0,15.0,13.0,14.0,15.0,20.0,17.0,20.0,20.0,18.0,22.0,22.0,21.0,22.0,20.0,25.0,26.0,25.0,28.0,31.0,29.0,26.0,27.0,30.0,24.0,23.0,20.0,20.0,22.0,22.0,21.0,19.0,17.0,20.0,16.0,16.0,21.0,22.0,24.0,25.0,26.0,20.0,19.0,17.0,15.0,13.0,19.0,20.0,23.0,22.0,23.0,24.0,23.0,22.0,19.0,13.0,14.0,17.0,21.0,27.0,30.0,31.0,30.0,34.0,29.0,25.0,26.0,24.0,22.0,22.0,23.0,27.0,32.0,32.0,32.0,36.0,39.0,38.0,35.0,34.0,29.0,30.0,30.0,33.0,33.0,33.0,29.0,28.0,27.0,23.0,23.0,23.0,21.0,25.0,25.0,32.0,27.0,25.0,23.0,22.0,23.0,26.0,23.0,21.0,21.0,19.0,25.0,27.0,24.0,22.0,17.0
Highbridge,Bronx,neighborhood,1.0,1.0,1.0,0.0,0.0,0.0,0.0,0.0,0.0,1.0,1.0,1.0,1.0,1.0,1.0,2.0,2.0,2.0,2.0,1.0,1.0,1.0,1.0,1.0,1.0,1.0,1.0,1.0,1.0,1.0,1.0,0.0,0.0,0.0,0.0,0.0,0.0,0.0,0.0,0.0,0.0,0.0,0.0,0.0,0.0,1.0,1.0,2.0,2.0,2.0,1.0,1.0,0.0,0.0,0.0,1.0,1.0,1.0,1.0,1.0,1.0,2.0,1.0,1.0,1.0,1.0,1.0,1.0,1.0,2.0,2.0,1.0,3.0,2.0,2.0,2.0,2.0,2.0,1.0,1.0,1.0,1.0,0.0,0.0,0.0,0.0,0.0,1.0,2.0,3.0,4.0,2.0,2.0,2.0,2.0,2.0,2.0,2.0,2.0,3.0,3.0,3.0,2.0,3.0,3.0,3.0,3.0,2.0,3.0,2.0,0.0,4.0,5.0,5.0,6.0,6.0,1.0,0.0,0.0,0.0,1.0,1.0,1.0,1.0,1.0,1.0,1.0,1.0,0.0,0.0,2.0,2.0,2.0,4.0,4.0,4.0,4.0,4.0,2.0,1.0,1.0,1.0,1.0,1.0,1.0,0.0,0.0,0.0,0.0,2.0,2.0,1.0,2.0,2.0,2.0,2.0,2.0,2.0,2.0,2.0,3.0,2.0,2.0,3.0,3.0,2.0,3.0,3.0,2.0,2.0,3.0,3.0,4.0,4.0,3.0,3.0,4.0,4.0,1.0,1.0,1.0,1.0,1.0,2.0,2.0,1.0,3.0,1.0,2.0,2.0,1.0,0.0,1.0,2.0,2.0,3.0,2.0,2.0,2.0,2.0
Hillcrest,Queens,neighborhood,3.0,3.0,3.0,2.0,1.0,2.0,3.0,5.0,4.0,4.0,2.0,1.0,1.0,1.0,1.0,1.0,1.0,1.0,4.0,4.0,5.0,5.0,5.0,5.0,3.0,2.0,2.0,2.0,2.0,1.0,3.0,2.0,1.0,1.0,1.0,1.0,1.0,2.0,2.0,2.0,2.0,2.0,2.0,3.0,2.0,2.0,3.0,3.0,1.0,1.0,2.0,1.0,3.0,3.0,5.0,2.0,0.0,0.0,2.0,4.0,3.0,2.0,1.0,1.0,1.0,3.0,2.0,2.0,1.0,1.0,2.0,2.0,1.0,3.0,3.0,3.0,2.0,3.0,4.0,4.0,4.0,4.0,5.0,2.0,5.0,8.0,10.0,12.0,15.0,17.0,22.0,21.0,15.0,17.0,14.0,16.0,14.0,17.0,16.0,16.0,17.0,24.0,26.0,25.0,25.0,25.0,24.0,23.0,23.0,22.0,21.0,18.0,22.0,29.0,32.0,30.0,24.0,24.0,22.0,18.0,18.0,17.0,19.0,17.0,18.0,18.0,17.0,18.0,19.0,13.0,11.0,13.0,12.0,12.0,13.0,15.0,17.0,18.0,15.0,16.0,13.0,17.0,10.0,6.0,10.0,8.0,11.0,10.0,12.0,18.0,15.0,13.0,10.0,9.0,12.0,13.0,8.0,9.0,9.0,9.0,9.0,12.0,8.0,10.0,8.0,7.0,10.0,9.0,9.0,12.0,14.0,13.0,13.0,14.0,13.0,12.0,15.0,13.0,11.0,5.0,6.0,3.0,3.0,3.0,5.0,5.0,6.0,5.0,3.0,4.0,5.0,8.0,9.0,9.0,10.0,11.0,13.0,11.0,13.0,16.0
Hollis,Queens,neighborhood,0.0,0.0,0.0,0.0,0.0,0.0,0.0,0.0,0.0,0.0,0.0,0.0,0.0,0.0,0.0,0.0,0.0,0.0,0.0,0.0,0.0,1.0,2.0,2.0,2.0,1.0,1.0,3.0,2.0,1.0,1.0,1.0,1.0,0.0,0.0,0.0,0.0,0.0,2.0,4.0,4.0,4.0,3.0,2.0,4.0,5.0,5.0,6.0,4.0,3.0,1.0,3.0,6.0,5.0,4.0,4.0,9.0,10.0,8.0,7.0,7.0,7.0,8.0,6.0,5.0,3.0,3.0,2.0,3.0,5.0,4.0,4.0,3.0,3.0,6.0,9.0,8.0,9.0,11.0,7.0,5.0,6.0,6.0,7.0,7.0,7.0,6.0,6.0,8.0,17.0,28.0,29.0,17.0,20.0,18.0,22.0,19.0,22.0,24.0,19.0,15.0,18.0,22.0,25.0,25.0,25.0,20.0,19.0,18.0,18.0,14.0,15.0,20.0,17.0,13.0,16.0,19.0,16.0,10.0,11.0,12.0,12.0,11.0,10.0,10.0,10.0,12.0,13.0,12.0,8.0,9.0,7.0,8.0,9.0,11.0,11.0,12.0,13.0,10.0,7.0,7.0,7.0,4.0,6.0,9.0,12.0,19.0,19.0,19.0,18.0,16.0,15.0,17.0,16.0,16.0,17.0,19.0,18.0,14.0,15.0,11.0,10.0,10.0,10.0,8.0,7.0,7.0,8.0,6.0,7.0,7.0,7.0,8.0,7.0,9.0,9.0,11.0,11.0,11.0,10.0,10.0,8.0,6.0,1.0,6.0,11.0,12.0,5.0,3.0,6.0,5.0,5.0,5.0,6.0,5.0,6.0,8.0,6.0,5.0,9.0
Howard Beach,Queens,neighborhood,2.0,2.0,1.0,1.0,1.0,2.0,2.0,2.0,3.0,2.0,2.0,2.0,3.0,4.0,4.0,8.0,6.0,5.0,7.0,9.0,8.0,10.0,7.0,7.0,6.0,7.0,6.0,7.0,5.0,8.0,6.0,6.0,6.0,8.0,8.0,9.0,9.0,6.0,7.0,6.0,4.0,3.0,3.0,2.0,3.0,2.0,2.0,1.0,1.0,1.0,2.0,2.0,2.0,3.0,5.0,5.0,5.0,4.0,2.0,1.0,3.0,4.0,5.0,7.0,7.0,8.0,7.0,7.0,5.0,9.0,9.0,7.0,7.0,7.0,3.0,4.0,6.0,7.0,9.0,8.0,8.0,9.0,9.0,10.0,8.0,7.0,9.0,8.0,11.0,35.0,46.0,46.0,34.0,31.0,23.0,17.0,16.0,19.0,21.0,20.0,24.0,24.0,22.0,22.0,23.0,28.0,29.0,26.0,28.0,30.0,31.0,30.0,34.0,37.0,38.0,35.0,31.0,27.0,26.0,23.0,22.0,26.0,25.0,22.0,20.0,18.0,19.0,17.0,15.0,17.0,16.0,16.0,12.0,8.0,6.0,8.0,10.0,18.0,24.0,22.0,30.0,27.0,22.0,23.0,15.0,18.0,24.0,21.0,17.0,23.0,23.0,16.0,12.0,12.0,11.0,16.0,17.0,17.0,20.0,22.0,20.0,24.0,22.0,23.0,23.0,26.0,24.0,21.0,21.0,19.0,14.0,25.0,24.0,23.0,23.0,23.0,31.0,29.0,29.0,28.0,30.0,25.0,30.0,32.0,31.0,32.0,30.0,29.0,32.0,33.0,28.0,27.0,25.0,22.0,25.0,22.0,30.0,25.0,24.0,28.0
Hunts Point,Bronx,neighborhood,0.0,0.0,0.0,0.0,0.0,0.0,0.0,0.0,0.0,0.0,0.0,0.0,0.0,0.0,0.0,0.0,0.0,0.0,0.0,0.0,0.0,0.0,0.0,0.0,0.0,0.0,0.0,0.0,0.0,0.0,0.0,0.0,0.0,0.0,0.0,0.0,1.0,1.0,1.0,2.0,3.0,1.0,1.0,1.0,1.0,1.0,1.0,1.0,0.0,0.0,0.0,1.0,1.0,1.0,2.0,2.0,3.0,2.0,1.0,0.0,0.0,0.0,0.0,1.0,0.0,0.0,0.0,0.0,0.0,0.0,0.0,0.0,0.0,0.0,1.0,1.0,1.0,1.0,0.0,1.0,1.0,0.0,0.0,0.0,0.0,0.0,0.0,0.0,1.0,2.0,4.0,3.0,1.0,1.0,1.0,0.0,0.0,0.0,1.0,2.0,2.0,2.0,2.0,3.0,4.0,4.0,4.0,3.0,3.0,4.0,1.0,2.0,2.0,1.0,1.0,1.0,1.0,2.0,2.0,3.0,4.0,4.0,3.0,4.0,3.0,3.0,3.0,1.0,1.0,1.0,1.0,0.0,0.0,0.0,1.0,1.0,1.0,1.0,2.0,3.0,3.0,3.0,2.0,2.0,3.0,4.0,5.0,5.0,6.0,5.0,4.0,3.0,2.0,2.0,3.0,2.0,2.0,2.0,2.0,3.0,3.0,3.0,3.0,1.0,1.0,1.0,1.0,2.0,3.0,3.0,2.0,2.0,2.0,1.0,2.0,2.0,2.0,3.0,3.0,4.0,3.0,2.0,1.0,1.0,1.0,1.0,1.0,1.0,1.0,1.0,1.0,0.0,0.0,0.0,0.0,0.0,0.0,0.0,0.0,0.0
Inwood,Manhattan,neighborhood,0.0,0.0,0.0,0.0,0.0,0.0,0.0,0.0,1.0,1.0,1.0,1.0,1.0,1.0,1.0,0.0,0.0,0.0,0.0,0.0,0.0,0.0,0.0,0.0,0.0,0.0,0.0,0.0,0.0,0.0,0.0,0.0,0.0,0.0,0.0,0.0,0.0,0.0,2.0,3.0,3.0,2.0,1.0,1.0,1.0,3.0,3.0,3.0,3.0,4.0,3.0,4.0,4.0,2.0,2.0,2.0,2.0,2.0,1.0,1.0,1.0,1.0,1.0,0.0,0.0,0.0,0.0,0.0,0.0,0.0,0.0,0.0,0.0,0.0,0.0,0.0,0.0,0.0,0.0,0.0,0.0,1.0,1.0,1.0,1.0,1.0,0.0,0.0,0.0,0.0,0.0,0.0,1.0,1.0,1.0,1.0,1.0,1.0,1.0,1.0,1.0,0.0,0.0,0.0,0.0,0.0,0.0,0.0,0.0,1.0,1.0,1.0,1.0,1.0,1.0,1.0,0.0,0.0,0.0,0.0,0.0,0.0,0.0,0.0,0.0,0.0,2.0,2.0,2.0,2.0,2.0,2.0,0.0,2.0,1.0,2.0,1.0,0.0,0.0,0.0,0.0,0.0,0.0,0.0,0.0,0.0,2.0,2.0,2.0,3.0,3.0,5.0,4.0,2.0,1.0,1.0,1.0,2.0,2.0,0.0,1.0,1.0,1.0,1.0,1.0,1.0,2.0,1.0,1.0,2.0,1.0,2.0,2.0,2.0,2.0,1.0,0.0,0.0,0.0,0.0,0.0,0.0,0.0,0.0,0.0,0.0,0.0,0.0,0.0,0.0,0.0,0.0,0.0,0.0,0.0,0.0,0.0,0.0,1.0,1.0
Jackson Heights,Queens,neighborhood,24.0,20.0,20.0,18.0,15.0,18.0,20.0,17.0,17.0,17.0,18.0,16.0,18.0,18.0,19.0,16.0,17.0,17.0,22.0,15.0,14.0,16.0,17.0,15.0,16.0,15.0,14.0,10.0,9.0,10.0,12.0,11.0,10.0,8.0,8.0,9.0,10.0,8.0,5.0,6.0,7.0,5.0,9.0,12.0,12.0,9.0,10.0,11.0,10.0,9.0,10.0,13.0,13.0,9.0,11.0,14.0,16.0,15.0,11.0,10.0,11.0,9.0,9.0,10.0,11.0,11.0,14.0,14.0,17.0,16.0,15.0,11.0,6.0,7.0,11.0,14.0,14.0,11.0,11.0,13.0,12.0,17.0,15.0,14.0,16.0,13.0,13.0,17.0,25.0,50.0,63.0,56.0,31.0,32.0,32.0,32.0,32.0,27.0,36.0,33.0,30.0,28.0,29.0,39.0,37.0,43.0,38.0,31.0,31.0,30.0,31.0,32.0,29.0,33.0,30.0,33.0,31.0,30.0,29.0,28.0,27.0,19.0,17.0,13.0,13.0,15.0,20.0,22.0,23.0,31.0,28.0,26.0,23.0,23.0,25.0,25.0,30.0,34.0,37.0,33.0,37.0,37.0,36.0,28.0,26.0,33.0,34.0,34.0,32.0,28.0,27.0,22.0,22.0,26.0,28.0,26.0,26.0,24.0,19.0,23.0,23.0,28.0,29.0,27.0,20.0,20.0,21.0,19.0,20.0,18.0,18.0,20.0,21.0,24.0,22.0,18.0,16.0,17.0,15.0,13.0,18.0,21.0,23.0,27.0,24.0,15.0,19.0,22.0,20.0,21.0,18.0,20.0,17.0,20.0,20.0,22.0,21.0,25.0,27.0,27.0
Jamaica,Queens,neighborhood,4.0,5.0,3.0,3.0,3.0,4.0,4.0,3.0,3.0,2.0,4.0,6.0,6.0,6.0,8.0,7.0,8.0,8.0,8.0,5.0,5.0,6.0,7.0,9.0,7.0,10.0,5.0,6.0,6.0,5.0,5.0,5.0,4.0,5.0,7.0,5.0,3.0,2.0,1.0,2.0,3.0,2.0,3.0,2.0,2.0,5.0,5.0,5.0,5.0,5.0,6.0,5.0,6.0,5.0,9.0,7.0,9.0,9.0,12.0,13.0,13.0,17.0,9.0,9.0,8.0,7.0,13.0,15.0,14.0,15.0,19.0,14.0,12.0,14.0,13.0,12.0,12.0,10.0,14.0,16.0,18.0,20.0,19.0,14.0,18.0,23.0,19.0,17.0,22.0,57.0,68.0,61.0,27.0,25.0,24.0,20.0,24.0,24.0,34.0,40.0,40.0,35.0,34.0,38.0,33.0,36.0,45.0,43.0,55.0,62.0,62.0,54.0,48.0,43.0,48.0,43.0,34.0,42.0,37.0,39.0,43.0,47.0,35.0,32.0,32.0,34.0,36.0,30.0,33.0,38.0,33.0,29.0,32.0,28.0,29.0,27.0,32.0,28.0,28.0,26.0,26.0,27.0,19.0,17.0,17.0,14.0,15.0,16.0,15.0,16.0,17.0,22.0,22.0,23.0,27.0,25.0,33.0,36.0,32.0,32.0,30.0,30.0,30.0,29.0,23.0,24.0,28.0,30.0,23.0,21.0,21.0,23.0,25.0,21.0,18.0,13.0,10.0,10.0,9.0,11.0,10.0,11.0,13.0,12.0,12.0,9.0,9.0,8.0,7.0,9.0,11.0,11.0,17.0,18.0,10.0,12.0,13.0,18.0,18.0,17.0
Jamaica Estates,Queens,neighborhood,4.0,6.0,6.0,6.0,5.0,5.0,6.0,4.0,7.0,9.0,8.0,8.0,9.0,9.0,8.0,8.0,10.0,9.0,10.0,6.0,6.0,6.0,4.0,7.0,8.0,8.0,7.0,6.0,6.0,6.0,5.0,5.0,5.0,4.0,5.0,4.0,3.0,2.0,3.0,2.0,2.0,1.0,1.0,1.0,1.0,1.0,3.0,2.0,3.0,3.0,3.0,3.0,5.0,4.0,4.0,5.0,5.0,6.0,4.0,3.0,3.0,3.0,2.0,2.0,4.0,4.0,4.0,7.0,10.0,11.0,10.0,11.0,9.0,7.0,11.0,11.0,10.0,16.0,17.0,15.0,17.0,16.0,18.0,16.0,18.0,19.0,27.0,27.0,30.0,49.0,51.0,52.0,42.0,45.0,41.0,32.0,27.0,28.0,35.0,30.0,32.0,35.0,31.0,39.0,43.0,41.0,42.0,32.0,28.0,29.0,34.0,36.0,30.0,33.0,36.0,39.0,37.0,36.0,44.0,41.0,37.0,39.0,34.0,24.0,25.0,21.0,31.0,32.0,33.0,30.0,31.0,29.0,38.0,35.0,30.0,30.0,32.0,33.0,33.0,26.0,23.0,18.0,16.0,18.0,17.0,18.0,20.0,20.0,16.0,18.0,16.0,17.0,19.0,24.0,26.0,18.0,15.0,11.0,12.0,16.0,15.0,19.0,22.0,24.0,27.0,27.0,26.0,19.0,17.0,17.0,17.0,14.0,20.0,26.0,22.0,20.0,19.0,17.0,19.0,15.0,17.0,14.0,17.0,18.0,23.0,23.0,18.0,22.0,17.0,22.0,27.0,22.0,18.0,12.0,16.0,15.0,13.0,11.0,11.0,9.0
Jamaica Hills,Queens,neighborhood,2.0,2.0,0.0,0.0,0.0,0.0,0.0,2.0,3.0,2.0,2.0,2.0,1.0,1.0,1.0,1.0,1.0,1.0,1.0,1.0,0.0,0.0,0.0,0.0,0.0,0.0,0.0,0.0,0.0,0.0,0.0,0.0,1.0,1.0,1.0,2.0,1.0,1.0,1.0,0.0,0.0,0.0,1.0,1.0,1.0,1.0,1.0,0.0,0.0,0.0,0.0,0.0,0.0,0.0,0.0,0.0,0.0,0.0,0.0,0.0,1.0,2.0,3.0,2.0,2.0,3.0,3.0,3.0,2.0,3.0,3.0,2.0,3.0,6.0,5.0,5.0,4.0,4.0,5.0,4.0,4.0,3.0,4.0,4.0,5.0,6.0,7.0,9.0,10.0,22.0,22.0,19.0,10.0,17.0,19.0,14.0,10.0,9.0,6.0,8.0,11.0,14.0,16.0,16.0,18.0,21.0,20.0,22.0,19.0,17.0,20.0,20.0,19.0,17.0,18.0,18.0,15.0,14.0,17.0,20.0,23.0,20.0,21.0,15.0,12.0,11.0,12.0,15.0,16.0,18.0,15.0,14.0,13.0,11.0,11.0,8.0,6.0,5.0,6.0,7.0,9.0,7.0,6.0,8.0,9.0,9.0,9.0,7.0,5.0,8.0,6.0,3.0,7.0,7.0,7.0,6.0,8.0,5.0,8.0,11.0,11.0,9.0,8.0,8.0,6.0,3.0,3.0,4.0,9.0,8.0,9.0,8.0,9.0,8.0,10.0,9.0,10.0,10.0,7.0,6.0,7.0,8.0,11.0,10.0,11.0,8.0,4.0,5.0,5.0,3.0,3.0,5.0,7.0,5.0,5.0,3.0,4.0,9.0,10.0,8.0
Kensington,Brooklyn,neighborhood,7.0,9.0,9.0,7.0,6.0,9.0,11.0,8.0,10.0,13.0,14.0,13.0,10.0,10.0,11.0,9.0,8.0,12.0,9.0,8.0,7.0,9.0,9.0,9.0,11.0,8.0,9.0,9.0,9.0,11.0,12.0,14.0,12.0,13.0,12.0,13.0,12.0,11.0,9.0,10.0,13.0,10.0,10.0,11.0,12.0,11.0,14.0,18.0,16.0,11.0,14.0,12.0,11.0,12.0,12.0,11.0,11.0,14.0,11.0,14.0,14.0,15.0,17.0,17.0,19.0,17.0,17.0,13.0,13.0,16.0,16.0,15.0,14.0,12.0,10.0,14.0,15.0,15.0,13.0,14.0,16.0,19.0,21.0,19.0,16.0,15.0,12.0,18.0,25.0,27.0,26.0,25.0,29.0,27.0,29.0,26.0,28.0,32.0,32.0,40.0,52.0,52.0,52.0,39.0,38.0,42.0,40.0,33.0,30.0,34.0,38.0,38.0,39.0,40.0,37.0,31.0,30.0,28.0,33.0,29.0,22.0,20.0,23.0,22.0,22.0,30.0,34.0,27.0,32.0,34.0,41.0,38.0,37.0,36.0,40.0,40.0,35.0,30.0,27.0,25.0,22.0,23.0,20.0,15.0,17.0,19.0,20.0,24.0,25.0,25.0,23.0,23.0,25.0,28.0,20.0,21.0,20.0,16.0,15.0,13.0,16.0,19.0,19.0,25.0,26.0,28.0,27.0,21.0,19.0,17.0,13.0,15.0,15.0,16.0,17.0,18.0,16.0,16.0,13.0,12.0,11.0,12.0,10.0,9.0,14.0,17.0,23.0,20.0,19.0,17.0,15.0,19.0,18.0,17.0,22.0,18.0,18.0,21.0,21.0,19.0
Kew Gardens,Queens,neighborhood,3.0,1.0,2.0,2.0,4.0,4.0,4.0,3.0,2.0,0.0,0.0,1.0,1.0,1.0,2.0,3.0,6.0,7.0,5.0,2.0,2.0,2.0,2.0,2.0,2.0,2.0,2.0,2.0,0.0,0.0,0.0,0.0,0.0,0.0,0.0,0.0,0.0,0.0,0.0,2.0,2.0,2.0,2.0,8.0,7.0,3.0,4.0,4.0,4.0,3.0,3.0,4.0,5.0,6.0,8.0,7.0,7.0,8.0,9.0,8.0,6.0,7.0,8.0,8.0,6.0,7.0,11.0,16.0,14.0,15.0,13.0,10.0,10.0,12.0,10.0,5.0,7.0,7.0,6.0,8.0,10.0,11.0,12.0,10.0,9.0,9.0,10.0,9.0,8.0,12.0,16.0,18.0,16.0,18.0,15.0,16.0,15.0,12.0,11.0,12.0,15.0,17.0,18.0,18.0,16.0,17.0,16.0,18.0,15.0,11.0,14.0,16.0,20.0,17.0,17.0,17.0,19.0,19.0,18.0,17.0,15.0,12.0,11.0,12.0,13.0,14.0,14.0,12.0,20.0,27.0,29.0,29.0,26.0,28.0,30.0,24.0,20.0,20.0,18.0,18.0,15.0,16.0,13.0,14.0,13.0,11.0,11.0,13.0,12.0,14.0,14.0,15.0,7.0,9.0,9.0,8.0,12.0,13.0,11.0,12.0,11.0,9.0,9.0,12.0,9.0,7.0,5.0,6.0,8.0,7.0,8.0,8.0,8.0,8.0,9.0,9.0,11.0,12.0,8.0,7.0,8.0,7.0,10.0,8.0,8.0,6.0,7.0,8.0,11.0,13.0,10.0,13.0,7.0,7.0,9.0,7.0,8.0,10.0,9.0,10.0
Kew Gardens Hills,Queens,neighborhood,4.0,6.0,5.0,4.0,4.0,1.0,0.0,1.0,1.0,0.0,1.0,1.0,1.0,1.0,0.0,0.0,1.0,2.0,4.0,5.0,4.0,4.0,4.0,3.0,4.0,5.0,4.0,4.0,3.0,3.0,6.0,6.0,3.0,2.0,1.0,1.0,1.0,2.0,2.0,3.0,4.0,3.0,4.0,2.0,1.0,1.0,2.0,2.0,1.0,0.0,0.0,0.0,1.0,1.0,0.0,1.0,2.0,3.0,5.0,6.0,5.0,3.0,3.0,7.0,5.0,6.0,5.0,8.0,7.0,6.0,10.0,7.0,8.0,9.0,8.0,7.0,6.0,5.0,6.0,5.0,5.0,4.0,7.0,5.0,7.0,10.0,12.0,10.0,16.0,32.0,40.0,36.0,25.0,21.0,24.0,22.0,23.0,26.0,25.0,23.0,25.0,27.0,30.0,29.0,28.0,24.0,24.0,20.0,19.0,20.0,25.0,34.0,36.0,38.0,43.0,36.0,33.0,31.0,30.0,28.0,34.0,32.0,33.0,30.0,26.0,25.0,33.0,35.0,37.0,41.0,39.0,41.0,42.0,44.0,39.0,39.0,40.0,44.0,46.0,40.0,35.0,37.0,33.0,27.0,23.0,16.0,15.0,15.0,23.0,23.0,27.0,28.0,22.0,20.0,24.0,21.0,18.0,16.0,15.0,17.0,20.0,16.0,12.0,14.0,17.0,18.0,15.0,13.0,14.0,13.0,11.0,7.0,7.0,7.0,7.0,6.0,12.0,10.0,13.0,12.0,12.0,8.0,10.0,9.0,15.0,11.0,9.0,10.0,13.0,10.0,12.0,8.0,8.0,7.0,12.0,14.0,14.0,15.0,14.0,12.0
Kingsbridge,Bronx,neighborhood,2.0,3.0,3.0,5.0,8.0,7.0,8.0,4.0,3.0,2.0,5.0,4.0,4.0,5.0,6.0,8.0,9.0,10.0,10.0,11.0,11.0,9.0,9.0,7.0,4.0,5.0,5.0,7.0,7.0,7.0,6.0,9.0,8.0,5.0,4.0,3.0,2.0,2.0,4.0,4.0,5.0,3.0,4.0,8.0,10.0,7.0,6.0,6.0,7.0,7.0,6.0,7.0,10.0,9.0,10.0,9.0,10.0,10.0,5.0,3.0,4.0,4.0,4.0,5.0,5.0,9.0,7.0,4.0,5.0,5.0,5.0,3.0,2.0,1.0,1.0,2.0,5.0,5.0,4.0,4.0,5.0,5.0,5.0,4.0,2.0,2.0,2.0,3.0,3.0,6.0,7.0,4.0,5.0,6.0,7.0,5.0,4.0,4.0,6.0,6.0,4.0,3.0,3.0,6.0,7.0,9.0,11.0,7.0,9.0,7.0,6.0,8.0,8.0,8.0,7.0,6.0,7.0,8.0,6.0,4.0,7.0,9.0,9.0,3.0,3.0,4.0,5.0,6.0,8.0,12.0,12.0,9.0,8.0,6.0,7.0,7.0,7.0,4.0,9.0,8.0,7.0,6.0,7.0,5.0,7.0,5.0,7.0,8.0,6.0,7.0,12.0,14.0,10.0,10.0,11.0,11.0,10.0,7.0,8.0,8.0,6.0,6.0,6.0,6.0,6.0,6.0,6.0,6.0,3.0,2.0,2.0,3.0,7.0,9.0,10.0,8.0,7.0,7.0,4.0,3.0,3.0,4.0,5.0,6.0,9.0,10.0,6.0,6.0,9.0,6.0,5.0,5.0,4.0,6.0,6.0,5.0,4.0,5.0,3.0,3.0
Laconia,Bronx,neighborhood,4.0,4.0,3.0,4.0,4.0,4.0,4.0,1.0,1.0,0.0,0.0,0.0,0.0,0.0,0.0,2.0,2.0,2.0,2.0,2.0,1.0,1.0,1.0,1.0,1.0,0.0,1.0,1.0,1.0,1.0,1.0,1.0,1.0,0.0,0.0,0.0,0.0,0.0,0.0,0.0,0.0,0.0,0.0,0.0,1.0,2.0,3.0,3.0,6.0,5.0,6.0,5.0,4.0,2.0,3.0,3.0,3.0,3.0,4.0,3.0,3.0,2.0,3.0,3.0,1.0,2.0,1.0,2.0,1.0,2.0,4.0,3.0,3.0,3.0,3.0,3.0,3.0,2.0,5.0,5.0,3.0,3.0,2.0,2.0,4.0,3.0,3.0,3.0,2.0,8.0,19.0,18.0,4.0,4.0,8.0,9.0,9.0,8.0,9.0,7.0,9.0,9.0,11.0,10.0,8.0,11.0,11.0,10.0,6.0,7.0,11.0,9.0,11.0,11.0,15.0,9.0,9.0,7.0,7.0,8.0,14.0,11.0,9.0,8.0,8.0,5.0,6.0,4.0,4.0,4.0,4.0,4.0,7.0,6.0,7.0,5.0,5.0,5.0,7.0,6.0,5.0,3.0,6.0,8.0,8.0,8.0,11.0,12.0,11.0,12.0,15.0,15.0,14.0,13.0,9.0,7.0,6.0,4.0,5.0,4.0,3.0,5.0,7.0,7.0,8.0,10.0,12.0,9.0,10.0,12.0,10.0,10.0,9.0,7.0,9.0,7.0,7.0,4.0,3.0,5.0,3.0,4.0,5.0,4.0,7.0,5.0,3.0,3.0,2.0,4.0,3.0,4.0,5.0,6.0,6.0,6.0,7.0,6.0,10.0,8.0
Laurelton,Queens,neighborhood,6.0,6.0,5.0,4.0,2.0,2.0,2.0,3.0,3.0,3.0,3.0,3.0,3.0,4.0,4.0,4.0,4.0,3.0,5.0,3.0,3.0,3.0,3.0,3.0,5.0,6.0,7.0,7.0,8.0,7.0,6.0,5.0,6.0,7.0,7.0,7.0,6.0,4.0,2.0,4.0,5.0,4.0,4.0,5.0,7.0,6.0,5.0,4.0,3.0,2.0,2.0,2.0,4.0,4.0,4.0,5.0,4.0,4.0,3.0,3.0,2.0,4.0,5.0,6.0,4.0,7.0,8.0,8.0,12.0,11.0,11.0,11.0,8.0,9.0,11.0,11.0,9.0,7.0,9.0,3.0,3.0,6.0,6.0,9.0,12.0,14.0,17.0,15.0,20.0,39.0,41.0,37.0,29.0,34.0,33.0,32.0,32.0,32.0,40.0,41.0,32.0,37.0,42.0,47.0,38.0,43.0,41.0,41.0,47.0,38.0,37.0,34.0,31.0,29.0,33.0,35.0,32.0,28.0,31.0,24.0,30.0,27.0,27.0,22.0,27.0,25.0,25.0,22.0,15.0,12.0,15.0,16.0,17.0,16.0,16.0,17.0,13.0,9.0,8.0,9.0,16.0,19.0,20.0,20.0,20.0,20.0,21.0,23.0,20.0,26.0,24.0,29.0,34.0,32.0,38.0,30.0,30.0,29.0,22.0,22.0,25.0,21.0,22.0,22.0,22.0,26.0,22.0,19.0,23.0,22.0,21.0,17.0,17.0,17.0,12.0,13.0,18.0,20.0,15.0,15.0,13.0,11.0,7.0,16.0,14.0,13.0,13.0,12.0,15.0,13.0,10.0,7.0,5.0,3.0,7.0,9.0,11.0,10.0,13.0,12.0
Little Italy,Manhattan,neighborhood,2.0,0.0,0.0,1.0,2.0,1.0,1.0,1.0,1.0,0.0,0.0,0.0,0.0,0.0,0.0,0.0,1.0,2.0,1.0,1.0,2.0,2.0,3.0,2.0,2.0,2.0,1.0,1.0,1.0,1.0,1.0,1.0,2.0,3.0,2.0,2.0,2.0,2.0,4.0,5.0,4.0,5.0,5.0,5.0,4.0,3.0,3.0,3.0,3.0,2.0,1.0,1.0,1.0,0.0,2.0,2.0,2.0,2.0,2.0,1.0,1.0,1.0,2.0,2.0,3.0,4.0,3.0,3.0,2.0,2.0,3.0,2.0,2.0,2.0,1.0,1.0,3.0,2.0,2.0,2.0,2.0,2.0,1.0,1.0,1.0,0.0,0.0,0.0,0.0,0.0,0.0,0.0,0.0,0.0,0.0,0.0,0.0,0.0,0.0,0.0,0.0,0.0,1.0,1.0,1.0,2.0,1.0,1.0,1.0,1.0,1.0,1.0,1.0,1.0,0.0,1.0,1.0,1.0,1.0,1.0,0.0,0.0,0.0,0.0,0.0,0.0,0.0,0.0,1.0,1.0,1.0,1.0,1.0,1.0,1.0,0.0,0.0,0.0,0.0,0.0,0.0,0.0,0.0,0.0,0.0,0.0,0.0,0.0,0.0,0.0,0.0,0.0,0.0,0.0,0.0,0.0,0.0,0.0,0.0,0.0,0.0,0.0,0.0,0.0,0.0,0.0,0.0,0.0,0.0,0.0,0.0,0.0,0.0,0.0,0.0,0.0,0.0,0.0,0.0,0.0,0.0,0.0,0.0,0.0,0.0,0.0,0.0,0.0,0.0,0.0,0.0,0.0,0.0,0.0,0.0,0.0,0.0,1.0,1.0,1.0
Little Neck,Queens,neighborhood,8.0,8.0,6.0,12.0,11.0,12.0,11.0,7.0,7.0,7.0,8.0,7.0,7.0,7.0,6.0,5.0,5.0,5.0,8.0,4.0,4.0,5.0,4.0,4.0,6.0,7.0,6.0,6.0,6.0,5.0,5.0,6.0,4.0,4.0,4.0,3.0,3.0,2.0,3.0,2.0,2.0,2.0,3.0,2.0,5.0,5.0,6.0,4.0,4.0,3.0,3.0,3.0,5.0,6.0,5.0,4.0,5.0,7.0,6.0,5.0,6.0,5.0,5.0,6.0,5.0,8.0,8.0,9.0,10.0,7.0,5.0,6.0,10.0,7.0,11.0,9.0,11.0,8.0,6.0,4.0,6.0,6.0,7.0,6.0,6.0,8.0,10.0,8.0,8.0,17.0,26.0,24.0,11.0,7.0,7.0,5.0,5.0,5.0,11.0,8.0,11.0,9.0,8.0,10.0,11.0,13.0,15.0,12.0,13.0,11.0,12.0,15.0,24.0,21.0,20.0,17.0,16.0,13.0,10.0,6.0,4.0,7.0,7.0,3.0,2.0,3.0,7.0,8.0,8.0,10.0,8.0,7.0,7.0,5.0,3.0,4.0,8.0,9.0,10.0,9.0,8.0,8.0,8.0,3.0,0.0,1.0,2.0,4.0,5.0,6.0,6.0,5.0,5.0,6.0,6.0,7.0,6.0,5.0,5.0,5.0,6.0,8.0,7.0,4.0,4.0,5.0,3.0,5.0,4.0,3.0,4.0,5.0,6.0,8.0,8.0,10.0,10.0,13.0,10.0,8.0,4.0,5.0,8.0,8.0,10.0,7.0,7.0,5.0,4.0,5.0,5.0,5.0,5.0,4.0,3.0,5.0,5.0,3.0,3.0,4.0
Long Island City,Queens,neighborhood,1.0,0.0,1.0,2.0,4.0,2.0,10.0,9.0,10.0,11.0,11.0,11.0,10.0,10.0,11.0,11.0,13.0,12.0,13.0,5.0,4.0,5.0,4.0,2.0,3.0,4.0,6.0,7.0,6.0,7.0,7.0,7.0,7.0,8.0,8.0,6.0,6.0,4.0,3.0,6.0,6.0,5.0,6.0,4.0,5.0,5.0,5.0,6.0,5.0,4.0,4.0,8.0,10.0,13.0,16.0,11.0,4.0,4.0,7.0,5.0,5.0,2.0,5.0,5.0,6.0,8.0,6.0,5.0,5.0,5.0,8.0,7.0,5.0,6.0,7.0,6.0,5.0,6.0,7.0,7.0,5.0,5.0,5.0,2.0,3.0,6.0,4.0,5.0,5.0,8.0,9.0,9.0,8.0,9.0,9.0,7.0,9.0,9.0,8.0,8.0,12.0,12.0,10.0,9.0,11.0,10.0,6.0,7.0,7.0,6.0,5.0,6.0,5.0,4.0,5.0,4.0,5.0,6.0,6.0,6.0,9.0,10.0,9.0,7.0,6.0,9.0,9.0,10.0,9.0,10.0,10.0,8.0,8.0,10.0,14.0,14.0,13.0,14.0,13.0,15.0,15.0,12.0,12.0,13.0,11.0,5.0,6.0,6.0,7.0,7.0,8.0,7.0,6.0,8.0,5.0,5.0,4.0,8.0,10.0,7.0,9.0,12.0,10.0,11.0,11.0,12.0,12.0,11.0,11.0,10.0,12.0,10.0,10.0,11.0,11.0,9.0,11.0,10.0,9.0,6.0,5.0,8.0,11.0,8.0,6.0,9.0,15.0,14.0,14.0,12.0,9.0,9.0,7.0,7.0,8.0,8.0,10.0,7.0,8.0,7.0
Longwood,Bronx,neighborhood,1.0,1.0,2.0,2.0,1.0,1.0,1.0,1.0,1.0,1.0,1.0,1.0,1.0,1.0,1.0,1.0,1.0,1.0,1.0,1.0,0.0,0.0,0.0,0.0,0.0,0.0,0.0,0.0,0.0,0.0,0.0,0.0,0.0,0.0,0.0,0.0,0.0,0.0,0.0,0.0,0.0,0.0,0.0,0.0,0.0,0.0,0.0,0.0,0.0,0.0,0.0,0.0,0.0,0.0,0.0,0.0,0.0,0.0,0.0,0.0,0.0,0.0,1.0,1.0,1.0,1.0,1.0,2.0,1.0,1.0,1.0,1.0,1.0,2.0,2.0,1.0,0.0,0.0,0.0,0.0,0.0,1.0,1.0,1.0,1.0,2.0,1.0,1.0,2.0,3.0,5.0,5.0,1.0,1.0,2.0,2.0,1.0,0.0,1.0,1.0,0.0,0.0,1.0,2.0,3.0,4.0,4.0,4.0,4.0,4.0,2.0,2.0,2.0,1.0,1.0,1.0,2.0,2.0,2.0,3.0,4.0,1.0,2.0,2.0,2.0,2.0,2.0,1.0,1.0,2.0,2.0,2.0,0.0,0.0,0.0,0.0,0.0,0.0,1.0,1.0,1.0,1.0,0.0,0.0,0.0,0.0,0.0,0.0,1.0,1.0,1.0,1.0,1.0,1.0,1.0,1.0,2.0,2.0,2.0,2.0,1.0,2.0,2.0,2.0,3.0,2.0,2.0,2.0,1.0,1.0,1.0,1.0,1.0,2.0,3.0,1.0,2.0,2.0,1.0,1.0,1.0,0.0,0.0,0.0,0.0,0.0,0.0,0.0,0.0,1.0,1.0,2.0,1.0,0.0,0.0,0.0,0.0,0.0,0.0,0.0
Lower East Side,Manhattan,neighborhood,0.0,0.0,0.0,0.0,0.0,0.0,0.0,0.0,1.0,1.0,2.0,1.0,0.0,0.0,0.0,0.0,0.0,2.0,3.0,1.0,3.0,3.0,3.0,3.0,1.0,2.0,2.0,2.0,2.0,2.0,3.0,5.0,2.0,1.0,1.0,1.0,1.0,1.0,0.0,0.0,0.0,1.0,1.0,1.0,2.0,2.0,1.0,1.0,1.0,1.0,2.0,1.0,4.0,3.0,3.0,2.0,3.0,3.0,3.0,3.0,3.0,3.0,4.0,3.0,3.0,4.0,3.0,3.0,4.0,2.0,3.0,2.0,2.0,2.0,0.0,1.0,1.0,2.0,2.0,2.0,2.0,2.0,2.0,2.0,2.0,1.0,1.0,1.0,1.0,1.0,1.0,1.0,1.0,1.0,1.0,1.0,1.0,1.0,1.0,1.0,2.0,1.0,1.0,1.0,1.0,1.0,1.0,1.0,1.0,1.0,2.0,1.0,1.0,1.0,2.0,2.0,2.0,2.0,2.0,1.0,2.0,2.0,2.0,1.0,1.0,0.0,0.0,0.0,0.0,0.0,0.0,0.0,1.0,1.0,1.0,0.0,0.0,0.0,0.0,0.0,0.0,0.0,0.0,0.0,1.0,1.0,1.0,0.0,1.0,1.0,2.0,2.0,2.0,2.0,2.0,1.0,1.0,2.0,1.0,1.0,1.0,1.0,1.0,1.0,2.0,2.0,2.0,2.0,2.0,3.0,3.0,3.0,3.0,3.0,3.0,3.0,3.0,2.0,2.0,2.0,2.0,2.0,3.0,3.0,3.0,3.0,3.0,3.0,4.0,3.0,3.0,3.0,3.0,4.0,4.0,3.0,4.0,2.0,3.0,3.0
Manhattan,Manhattan,borough,413.0,407.0,436.0,448.0,447.0,445.0,440.0,445.0,416.0,420.0,387.0,372.0,354.0,379.0,401.0,399.0,412.0,436.0,411.0,379.0,404.0,391.0,386.0,364.0,371.0,362.0,373.0,360.0,386.0,379.0,374.0,365.0,374.0,371.0,357.0,348.0,339.0,319.0,317.0,339.0,338.0,350.0,328.0,302.0,321.0,333.0,326.0,297.0,308.0,278.0,320.0,332.0,347.0,342.0,326.0,301.0,319.0,339.0,324.0,311.0,294.0,311.0,317.0,328.0,349.0,354.0,336.0,301.0,331.0,352.0,355.0,355.0,345.0,341.0,374.0,381.0,411.0,402.0,387.0,357.0,362.0,363.0,360.0,340.0,336.0,334.0,350.0,389.0,410.0,418.0,390.0,360.0,379.0,389.0,395.0,361.0,359.0,360.0,380.0,417.0,443.0,451.0,439.0,423.0,450.0,458.0,429.0,409.0,409.0,405.0,409.0,444.0,461.0,446.0,443.0,409.0,419.0,426.0,393.0,381.0,357.0,352.0,349.0,299.0,301.0,316.0,344.0,354.0,395.0,416.0,401.0,383.0,364.0,373.0,378.0,393.0,382.0,397.0,381.0,368.0,391.0,390.0,379.0,346.0,313.0,330.0,362.0,385.0,416.0,430.0,428.0,405.0,435.0,435.0,422.0,397.0,375.0,380.0,414.0,437.0,462.0,468.0,435.0,417.0,443.0,464.0,451.0,407.0,390.0,395.0,403.0,441.0,460.0,465.0,453.0,422.0,438.0,434.0,411.0,383.0,358.0,357.0,396.0,428.0,463.0,437.0,412.0,371.0,393.0,396.0,390.0,348.0,342.0,332.0,328.0,364.0,395.0,407.0,395.0,354.0
Manhattan Beach,Brooklyn,neighborhood,2.0,2.0,2.0,2.0,4.0,4.0,4.0,3.0,3.0,3.0,3.0,3.0,4.0,5.0,6.0,7.0,5.0,4.0,5.0,4.0,4.0,4.0,5.0,5.0,4.0,6.0,6.0,5.0,7.0,7.0,6.0,8.0,11.0,9.0,8.0,10.0,8.0,7.0,7.0,9.0,14.0,14.0,12.0,14.0,12.0,12.0,11.0,9.0,19.0,18.0,17.0,16.0,17.0,20.0,21.0,20.0,18.0,20.0,17.0,10.0,8.0,11.0,12.0,13.0,14.0,14.0,15.0,16.0,16.0,15.0,17.0,14.0,14.0,12.0,13.0,13.0,15.0,14.0,18.0,18.0,20.0,18.0,21.0,13.0,12.0,11.0,15.0,12.0,13.0,16.0,14.0,21.0,22.0,26.0,28.0,22.0,20.0,21.0,25.0,29.0,34.0,33.0,31.0,34.0,37.0,37.0,32.0,27.0,29.0,28.0,31.0,29.0,31.0,33.0,30.0,27.0,21.0,18.0,21.0,20.0,19.0,20.0,23.0,20.0,19.0,16.0,22.0,26.0,25.0,26.0,21.0,20.0,19.0,22.0,20.0,21.0,26.0,25.0,27.0,29.0,28.0,30.0,25.0,20.0,16.0,15.0,16.0,19.0,22.0,22.0,17.0,16.0,17.0,22.0,24.0,19.0,19.0,20.0,21.0,16.0,15.0,18.0,20.0,24.0,23.0,23.0,22.0,24.0,22.0,18.0,18.0,16.0,14.0,13.0,13.0,15.0,16.0,17.0,15.0,16.0,17.0,14.0,15.0,16.0,21.0,20.0,13.0,13.0,11.0,12.0,12.0,11.0,8.0,10.0,12.0,11.0,11.0,11.0,10.0,10.0
Marble Hill,Manhattan,neighborhood,1.0,0.0,0.0,0.0,0.0,0.0,0.0,0.0,0.0,0.0,0.0,1.0,1.0,1.0,0.0,0.0,0.0,0.0,0.0,0.0,0.0,0.0,0.0,0.0,1.0,1.0,1.0,1.0,0.0,0.0,0.0,0.0,0.0,0.0,0.0,0.0,1.0,1.0,1.0,0.0,0.0,0.0,0.0,0.0,0.0,1.0,1.0,1.0,1.0,1.0,1.0,1.0,1.0,1.0,0.0,1.0,1.0,1.0,0.0,0.0,0.0,0.0,0.0,1.0,1.0,1.0,0.0,0.0,0.0,0.0,0.0,0.0,0.0,0.0,0.0,0.0,0.0,0.0,0.0,0.0,0.0,0.0,1.0,1.0,1.0,1.0,1.0,1.0,1.0,0.0,0.0,0.0,0.0,0.0,0.0,0.0,0.0,0.0,0.0,0.0,0.0,1.0,2.0,2.0,1.0,1.0,1.0,1.0,1.0,1.0,1.0,1.0,1.0,1.0,1.0,1.0,1.0,0.0,0.0,0.0,0.0,0.0,0.0,0.0,0.0,0.0,0.0,0.0,0.0,0.0,0.0,0.0,0.0,1.0,1.0,2.0,2.0,3.0,2.0,2.0,2.0,2.0,1.0,1.0,2.0,2.0,2.0,2.0,1.0,2.0,2.0,3.0,3.0,2.0,2.0,2.0,4.0,5.0,5.0,4.0,4.0,3.0,3.0,3.0,3.0,4.0,3.0,2.0,2.0,1.0,1.0,1.0,2.0,3.0,3.0,0.0,2.0,2.0,2.0,2.0,1.0,0.0,1.0,2.0,3.0,3.0,3.0,3.0,2.0,1.0,1.0,0.0,0.0,0.0,0.0,0.0,0.0,0.0,0.0,1.0
Marine Park,Brooklyn,neighborhood,3.0,4.0,4.0,6.0,8.0,8.0,11.0,10.0,11.0,17.0,16.0,11.0,11.0,11.0,15.0,18.0,21.0,21.0,18.0,17.0,19.0,21.0,21.0,20.0,13.0,12.0,12.0,12.0,14.0,16.0,18.0,17.0,20.0,18.0,18.0,14.0,13.0,9.0,10.0,12.0,14.0,19.0,17.0,14.0,11.0,12.0,12.0,10.0,11.0,15.0,22.0,20.0,24.0,24.0,26.0,35.0,34.0,31.0,23.0,26.0,31.0,32.0,31.0,33.0,32.0,32.0,32.0,36.0,37.0,41.0,41.0,35.0,31.0,35.0,38.0,36.0,36.0,40.0,32.0,33.0,39.0,37.0,34.0,26.0,28.0,23.0,27.0,32.0,38.0,40.0,42.0,51.0,50.0,54.0,51.0,42.0,38.0,42.0,37.0,40.0,52.0,60.0,64.0,76.0,59.0,52.0,49.0,45.0,42.0,39.0,49.0,54.0,65.0,76.0,72.0,66.0,64.0,67.0,66.0,59.0,57.0,58.0,59.0,49.0,47.0,51.0,76.0,86.0,91.0,86.0,81.0,80.0,73.0,72.0,73.0,70.0,53.0,69.0,66.0,64.0,53.0,50.0,43.0,37.0,31.0,41.0,46.0,43.0,44.0,44.0,50.0,49.0,50.0,48.0,51.0,47.0,50.0,52.0,53.0,52.0,57.0,54.0,45.0,49.0,45.0,37.0,43.0,36.0,42.0,50.0,45.0,41.0,45.0,42.0,41.0,38.0,37.0,35.0,35.0,35.0,41.0,38.0,40.0,39.0,53.0,44.0,45.0,44.0,50.0,50.0,47.0,42.0,38.0,35.0,37.0,42.0,53.0,55.0,57.0,48.0
Maspeth,Queens,neighborhood,6.0,6.0,7.0,8.0,5.0,5.0,7.0,9.0,10.0,13.0,13.0,13.0,9.0,9.0,10.0,10.0,12.0,11.0,12.0,10.0,9.0,10.0,8.0,8.0,8.0,9.0,12.0,15.0,14.0,11.0,11.0,8.0,7.0,4.0,7.0,7.0,6.0,5.0,5.0,5.0,7.0,5.0,5.0,7.0,6.0,5.0,4.0,4.0,4.0,3.0,7.0,10.0,8.0,11.0,9.0,7.0,7.0,8.0,7.0,11.0,16.0,8.0,11.0,11.0,16.0,16.0,11.0,13.0,13.0,14.0,15.0,10.0,11.0,15.0,12.0,16.0,21.0,19.0,18.0,19.0,17.0,19.0,18.0,16.0,18.0,19.0,14.0,22.0,27.0,46.0,62.0,59.0,38.0,36.0,37.0,32.0,32.0,34.0,50.0,56.0,64.0,63.0,61.0,61.0,56.0,55.0,54.0,49.0,43.0,41.0,47.0,52.0,53.0,57.0,54.0,53.0,51.0,51.0,50.0,45.0,40.0,34.0,27.0,23.0,24.0,34.0,44.0,44.0,39.0,48.0,46.0,47.0,38.0,34.0,37.0,39.0,42.0,48.0,44.0,42.0,38.0,41.0,38.0,37.0,33.0,34.0,38.0,40.0,45.0,44.0,45.0,46.0,49.0,53.0,54.0,51.0,45.0,41.0,37.0,32.0,30.0,30.0,34.0,33.0,41.0,41.0,34.0,28.0,30.0,30.0,32.0,26.0,32.0,36.0,38.0,36.0,41.0,49.0,48.0,39.0,36.0,28.0,31.0,28.0,34.0,37.0,40.0,42.0,39.0,37.0,44.0,37.0,47.0,44.0,42.0,44.0,48.0,51.0,49.0,43.0
Melrose,Bronx,neighborhood,0.0,0.0,0.0,0.0,0.0,0.0,0.0,0.0,0.0,0.0,0.0,0.0,0.0,0.0,1.0,1.0,1.0,1.0,1.0,1.0,1.0,1.0,1.0,0.0,0.0,0.0,0.0,0.0,0.0,0.0,0.0,0.0,0.0,0.0,0.0,0.0,1.0,1.0,1.0,1.0,1.0,2.0,1.0,3.0,3.0,1.0,1.0,1.0,1.0,1.0,1.0,1.0,1.0,1.0,1.0,1.0,1.0,3.0,3.0,2.0,2.0,2.0,5.0,3.0,3.0,3.0,2.0,1.0,1.0,1.0,1.0,1.0,0.0,0.0,0.0,0.0,0.0,0.0,0.0,0.0,2.0,2.0,2.0,1.0,1.0,0.0,0.0,0.0,2.0,2.0,2.0,2.0,2.0,3.0,2.0,3.0,3.0,3.0,3.0,2.0,2.0,2.0,1.0,3.0,2.0,3.0,2.0,2.0,1.0,0.0,1.0,2.0,1.0,1.0,2.0,3.0,3.0,3.0,3.0,2.0,2.0,1.0,1.0,1.0,1.0,1.0,1.0,1.0,1.0,2.0,2.0,2.0,2.0,2.0,2.0,2.0,2.0,2.0,1.0,2.0,3.0,3.0,2.0,4.0,3.0,2.0,2.0,2.0,2.0,3.0,3.0,2.0,2.0,2.0,2.0,2.0,2.0,4.0,4.0,3.0,1.0,2.0,2.0,2.0,2.0,2.0,2.0,2.0,2.0,4.0,4.0,3.0,2.0,2.0,4.0,4.0,2.0,1.0,2.0,1.0,1.0,0.0,0.0,0.0,1.0,2.0,2.0,2.0,2.0,1.0,1.0,2.0,2.0,1.0,1.0,1.0,1.0,1.0,1.0,1.0
Middle Village,Queens,neighborhood,1.0,2.0,5.0,5.0,2.0,3.0,2.0,0.0,1.0,1.0,2.0,2.0,2.0,2.0,3.0,3.0,4.0,6.0,6.0,5.0,6.0,6.0,5.0,5.0,6.0,5.0,6.0,6.0,4.0,4.0,4.0,2.0,2.0,2.0,3.0,3.0,2.0,1.0,1.0,0.0,1.0,2.0,2.0,3.0,2.0,1.0,1.0,3.0,3.0,5.0,6.0,6.0,5.0,4.0,8.0,7.0,7.0,8.0,8.0,9.0,6.0,4.0,9.0,12.0,13.0,15.0,19.0,17.0,12.0,11.0,13.0,12.0,12.0,11.0,13.0,16.0,18.0,16.0,15.0,17.0,21.0,21.0,21.0,20.0,18.0,14.0,14.0,13.0,17.0,26.0,43.0,39.0,27.0,30.0,35.0,33.0,34.0,35.0,38.0,32.0,32.0,33.0,32.0,37.0,40.0,44.0,41.0,38.0,36.0,46.0,49.0,52.0,52.0,49.0,47.0,49.0,62.0,58.0,57.0,49.0,40.0,30.0,29.0,25.0,26.0,37.0,41.0,48.0,52.0,64.0,56.0,44.0,40.0,30.0,22.0,30.0,33.0,36.0,39.0,41.0,45.0,44.0,39.0,36.0,31.0,26.0,24.0,27.0,32.0,34.0,35.0,36.0,44.0,42.0,42.0,35.0,26.0,25.0,29.0,32.0,30.0,32.0,30.0,29.0,33.0,29.0,20.0,17.0,21.0,29.0,23.0,19.0,21.0,16.0,18.0,17.0,20.0,19.0,15.0,14.0,19.0,17.0,22.0,17.0,28.0,33.0,34.0,33.0,30.0,32.0,28.0,27.0,26.0,21.0,23.0,25.0,25.0,25.0,26.0,26.0
Midtown,Manhattan,neighborhood,0.0,0.0,0.0,1.0,1.0,1.0,1.0,1.0,1.0,1.0,1.0,1.0,1.0,1.0,1.0,1.0,0.0,0.0,0.0,0.0,0.0,0.0,0.0,0.0,0.0,0.0,0.0,0.0,1.0,1.0,1.0,1.0,1.0,1.0,1.0,0.0,0.0,0.0,1.0,1.0,1.0,1.0,1.0,1.0,1.0,0.0,0.0,0.0,0.0,0.0,0.0,0.0,0.0,0.0,0.0,0.0,0.0,0.0,0.0,0.0,0.0,0.0,0.0,0.0,0.0,0.0,0.0,0.0,0.0,0.0,0.0,0.0,0.0,0.0,0.0,0.0,0.0,0.0,0.0,0.0,0.0,0.0,0.0,0.0,0.0,0.0,0.0,0.0,0.0,0.0,0.0,0.0,0.0,0.0,0.0,0.0,0.0,0.0,0.0,0.0,0.0,0.0,0.0,0.0,0.0,0.0,0.0,0.0,0.0,0.0,0.0,0.0,0.0,0.0,0.0,0.0,0.0,0.0,0.0,0.0,0.0,0.0,0.0,0.0,0.0,0.0,0.0,0.0,0.0,0.0,0.0,0.0,0.0,0.0,0.0,0.0,0.0,0.0,0.0,0.0,0.0,0.0,0.0,0.0,0.0,0.0,0.0,0.0,1.0,1.0,1.0,1.0,1.0,1.0,1.0,1.0,1.0,0.0,0.0,1.0,1.0,1.0,1.0,1.0,1.0,1.0,1.0,1.0,1.0,1.0,1.0,1.0,1.0,2.0,2.0,2.0,2.0,2.0,2.0,3.0,3.0,2.0,2.0,2.0,2.0,1.0,1.0,1.0,1.0,1.0,1.0,1.0,1.0,1.0,1.0,1.0,1.0,1.0,1.0,1.0
Midtown East,Manhattan,neighborhood,23.0,25.0,29.0,25.0,27.0,28.0,28.0,27.0,29.0,28.0,23.0,24.0,28.0,31.0,36.0,37.0,40.0,44.0,42.0,36.0,35.0,39.0,37.0,36.0,33.0,30.0,35.0,27.0,33.0,33.0,33.0,29.0,27.0,28.0,28.0,32.0,34.0,35.0,35.0,33.0,27.0,35.0,28.0,26.0,23.0,28.0,22.0,22.0,25.0,25.0,29.0,30.0,30.0,30.0,26.0,24.0,23.0,24.0,23.0,19.0,18.0,19.0,24.0,24.0,27.0,25.0,26.0,25.0,22.0,23.0,23.0,26.0,21.0,15.0,21.0,22.0,21.0,23.0,22.0,21.0,22.0,22.0,22.0,21.0,20.0,21.0,22.0,31.0,34.0,35.0,32.0,30.0,27.0,30.0,27.0,22.0,23.0,27.0,24.0,29.0,31.0,31.0,29.0,27.0,27.0,29.0,31.0,27.0,24.0,26.0,31.0,30.0,30.0,31.0,28.0,23.0,25.0,26.0,24.0,21.0,21.0,22.0,21.0,21.0,22.0,19.0,19.0,18.0,18.0,16.0,18.0,19.0,22.0,22.0,27.0,27.0,29.0,27.0,27.0,27.0,23.0,24.0,25.0,26.0,21.0,25.0,24.0,29.0,29.0,26.0,25.0,23.0,24.0,23.0,21.0,19.0,18.0,24.0,25.0,28.0,28.0,30.0,29.0,32.0,33.0,32.0,33.0,32.0,27.0,31.0,29.0,33.0,36.0,35.0,33.0,24.0,23.0,25.0,24.0,23.0,23.0,25.0,27.0,30.0,35.0,36.0,36.0,32.0,32.0,31.0,29.0,25.0,20.0,16.0,18.0,18.0,23.0,24.0,25.0,23.0
Midtown South,Manhattan,neighborhood,0.0,0.0,0.0,0.0,0.0,0.0,0.0,0.0,0.0,0.0,0.0,0.0,0.0,0.0,0.0,0.0,0.0,0.0,0.0,0.0,0.0,0.0,0.0,0.0,0.0,0.0,0.0,0.0,0.0,0.0,0.0,0.0,0.0,0.0,0.0,0.0,0.0,0.0,0.0,0.0,0.0,0.0,0.0,0.0,0.0,0.0,0.0,0.0,0.0,0.0,0.0,1.0,1.0,1.0,1.0,1.0,1.0,1.0,1.0,2.0,1.0,0.0,0.0,0.0,0.0,0.0,0.0,0.0,0.0,0.0,0.0,0.0,0.0,0.0,0.0,0.0,0.0,0.0,0.0,0.0,0.0,0.0,0.0,0.0,0.0,0.0,0.0,0.0,0.0,0.0,0.0,0.0,0.0,0.0,1.0,1.0,1.0,0.0,0.0,0.0,0.0,0.0,0.0,0.0,0.0,0.0,0.0,0.0,0.0,0.0,0.0,0.0,0.0,0.0,0.0,0.0,0.0,0.0,1.0,1.0,0.0,0.0,0.0,0.0,0.0,0.0,0.0,0.0,0.0,0.0,0.0,0.0,0.0,0.0,0.0,0.0,0.0,0.0,0.0,0.0,0.0,0.0,0.0,0.0,0.0,0.0,0.0,0.0,0.0,0.0,0.0,0.0,0.0,0.0,0.0,0.0,0.0,0.0,0.0,0.0,0.0,0.0,0.0,0.0,0.0,0.0,0.0,0.0,0.0,0.0,0.0,0.0,0.0,0.0,0.0,0.0,0.0,0.0,0.0,0.0,0.0,0.0,0.0,0.0,0.0,0.0,0.0,0.0,0.0,0.0,0.0,0.0,0.0,0.0,0.0,0.0,0.0,0.0,0.0,0.0
Midtown West,Manhattan,neighborhood,8.0,8.0,8.0,8.0,6.0,7.0,6.0,6.0,7.0,5.0,4.0,2.0,3.0,3.0,3.0,4.0,8.0,10.0,11.0,10.0,11.0,9.0,9.0,8.0,5.0,4.0,6.0,9.0,13.0,12.0,11.0,11.0,12.0,8.0,7.0,7.0,6.0,2.0,3.0,2.0,0.0,0.0,0.0,0.0,0.0,0.0,1.0,2.0,2.0,2.0,3.0,3.0,1.0,1.0,1.0,2.0,2.0,2.0,2.0,2.0,2.0,2.0,2.0,2.0,3.0,2.0,3.0,5.0,4.0,3.0,3.0,2.0,2.0,1.0,1.0,3.0,3.0,2.0,5.0,5.0,5.0,3.0,3.0,3.0,3.0,3.0,4.0,5.0,5.0,6.0,6.0,6.0,7.0,4.0,3.0,3.0,3.0,3.0,4.0,5.0,5.0,6.0,4.0,4.0,6.0,4.0,5.0,3.0,3.0,3.0,3.0,2.0,2.0,2.0,4.0,7.0,7.0,6.0,7.0,6.0,7.0,8.0,7.0,5.0,6.0,4.0,4.0,4.0,3.0,3.0,2.0,2.0,3.0,4.0,4.0,2.0,2.0,2.0,2.0,2.0,2.0,3.0,3.0,3.0,1.0,2.0,2.0,2.0,2.0,3.0,3.0,3.0,2.0,1.0,1.0,2.0,2.0,2.0,2.0,1.0,1.0,1.0,1.0,1.0,2.0,5.0,5.0,5.0,5.0,6.0,6.0,4.0,2.0,3.0,3.0,4.0,3.0,5.0,5.0,5.0,4.0,2.0,1.0,2.0,2.0,4.0,2.0,1.0,3.0,5.0,5.0,4.0,5.0,6.0,6.0,8.0,9.0,10.0,11.0,11.0
Midwood,Brooklyn,neighborhood,8.0,6.0,7.0,10.0,13.0,14.0,16.0,16.0,15.0,17.0,19.0,21.0,22.0,20.0,21.0,18.0,22.0,26.0,26.0,22.0,24.0,24.0,21.0,26.0,23.0,19.0,18.0,21.0,30.0,31.0,28.0,23.0,22.0,23.0,23.0,22.0,26.0,24.0,14.0,17.0,17.0,19.0,17.0,14.0,13.0,12.0,13.0,12.0,11.0,20.0,23.0,21.0,21.0,25.0,29.0,27.0,28.0,26.0,23.0,22.0,21.0,25.0,25.0,29.0,26.0,29.0,29.0,27.0,23.0,24.0,22.0,22.0,21.0,20.0,21.0,21.0,32.0,35.0,35.0,38.0,35.0,35.0,38.0,36.0,37.0,34.0,34.0,48.0,53.0,60.0,64.0,74.0,73.0,72.0,83.0,77.0,82.0,85.0,90.0,89.0,93.0,93.0,98.0,88.0,82.0,90.0,83.0,86.0,92.0,94.0,102.0,113.0,115.0,107.0,107.0,108.0,124.0,120.0,131.0,125.0,124.0,119.0,113.0,95.0,96.0,103.0,113.0,102.0,100.0,109.0,116.0,112.0,114.0,117.0,108.0,109.0,116.0,137.0,119.0,122.0,122.0,140.0,131.0,120.0,108.0,109.0,119.0,103.0,105.0,105.0,101.0,94.0,88.0,84.0,83.0,85.0,83.0,86.0,84.0,77.0,86.0,86.0,85.0,83.0,74.0,78.0,90.0,82.0,88.0,85.0,86.0,83.0,90.0,87.0,99.0,85.0,81.0,73.0,73.0,76.0,78.0,86.0,82.0,71.0,77.0,74.0,76.0,75.0,78.0,71.0,87.0,86.0,88.0,72.0,76.0,79.0,87.0,82.0,76.0,73.0
Mill Basin,Brooklyn,neighborhood,22.0,23.0,23.0,23.0,1.0,2.0,8.0,9.0,9.0,9.0,9.0,10.0,10.0,12.0,12.0,13.0,12.0,12.0,14.0,15.0,16.0,16.0,15.0,16.0,14.0,12.0,13.0,16.0,14.0,13.0,14.0,14.0,11.0,11.0,10.0,9.0,10.0,12.0,16.0,16.0,16.0,14.0,6.0,5.0,6.0,28.0,29.0,30.0,33.0,41.0,44.0,46.0,50.0,52.0,53.0,55.0,55.0,61.0,63.0,67.0,70.0,68.0,68.0,72.0,70.0,71.0,69.0,68.0,64.0,62.0,62.0,64.0,67.0,68.0,56.0,60.0,58.0,64.0,62.0,57.0,49.0,49.0,49.0,45.0,48.0,40.0,38.0,29.0,39.0,35.0,36.0,40.0,37.0,33.0,49.0,45.0,48.0,47.0,48.0,48.0,49.0,53.0,59.0,53.0,47.0,50.0,45.0,48.0,56.0,51.0,60.0,71.0,73.0,74.0,75.0,66.0,68.0,64.0,57.0,52.0,52.0,44.0,48.0,42.0,42.0,48.0,52.0,53.0,55.0,52.0,53.0,48.0,59.0,55.0,59.0,58.0,54.0,52.0,51.0,45.0,50.0,48.0,47.0,45.0,46.0,47.0,43.0,33.0,36.0,41.0,47.0,45.0,51.0,55.0,54.0,50.0,47.0,42.0,38.0,39.0,45.0,50.0,48.0,40.0,40.0,34.0,34.0,36.0,31.0,37.0,36.0,37.0,42.0,46.0,39.0,38.0,34.0,33.0,40.0,40.0,36.0,31.0,29.0,29.0,27.0,31.0,38.0,37.0,40.0,41.0,39.0,37.0,30.0,27.0,26.0,34.0,49.0,53.0,49.0,50.0
Morningside Heights,Manhattan,neighborhood,0.0,0.0,0.0,0.0,0.0,0.0,0.0,0.0,0.0,0.0,0.0,0.0,0.0,0.0,0.0,0.0,0.0,0.0,0.0,0.0,1.0,1.0,1.0,1.0,2.0,2.0,2.0,1.0,0.0,0.0,0.0,0.0,0.0,0.0,0.0,0.0,0.0,0.0,0.0,0.0,0.0,0.0,0.0,0.0,0.0,0.0,0.0,0.0,0.0,0.0,0.0,0.0,0.0,0.0,0.0,0.0,0.0,0.0,0.0,0.0,0.0,0.0,0.0,0.0,0.0,0.0,0.0,0.0,1.0,0.0,0.0,0.0,0.0,0.0,0.0,0.0,0.0,0.0,0.0,0.0,0.0,0.0,0.0,0.0,0.0,0.0,0.0,0.0,0.0,0.0,0.0,0.0,0.0,1.0,1.0,1.0,1.0,0.0,0.0,0.0,0.0,0.0,0.0,0.0,0.0,0.0,0.0,0.0,0.0,0.0,0.0,0.0,0.0,0.0,0.0,0.0,0.0,0.0,0.0,0.0,0.0,0.0,0.0,0.0,0.0,0.0,0.0,0.0,0.0,0.0,0.0,0.0,0.0,0.0,0.0,0.0,0.0,0.0,0.0,0.0,0.0,0.0,0.0,0.0,0.0,0.0,0.0,0.0,0.0,0.0,0.0,0.0,0.0,0.0,2.0,2.0,2.0,2.0,2.0,2.0,2.0,1.0,1.0,1.0,1.0,1.0,2.0,2.0,2.0,2.0,2.0,2.0,2.0,2.0,2.0,3.0,3.0,1.0,1.0,1.0,1.0,1.0,1.0,1.0,1.0,0.0,0.0,0.0,0.0,0.0,0.0,0.0,0.0,0.0,0.0,0.0,0.0,0.0,0.0,0.0
Morris Heights,Bronx,neighborhood,1.0,1.0,1.0,1.0,1.0,1.0,1.0,1.0,1.0,1.0,1.0,1.0,2.0,2.0,2.0,2.0,3.0,2.0,2.0,2.0,2.0,3.0,3.0,3.0,3.0,3.0,3.0,3.0,2.0,2.0,2.0,2.0,2.0,2.0,2.0,3.0,3.0,3.0,2.0,2.0,1.0,1.0,1.0,1.0,1.0,1.0,1.0,0.0,0.0,1.0,1.0,2.0,1.0,1.0,2.0,3.0,2.0,1.0,3.0,2.0,2.0,2.0,1.0,1.0,1.0,2.0,2.0,2.0,2.0,2.0,2.0,2.0,2.0,3.0,3.0,3.0,2.0,1.0,1.0,1.0,1.0,1.0,2.0,2.0,2.0,1.0,1.0,1.0,0.0,2.0,5.0,5.0,1.0,0.0,1.0,1.0,2.0,2.0,6.0,4.0,3.0,3.0,2.0,2.0,4.0,4.0,3.0,2.0,3.0,3.0,4.0,5.0,3.0,5.0,4.0,3.0,2.0,2.0,1.0,1.0,5.0,5.0,5.0,4.0,4.0,3.0,2.0,2.0,2.0,2.0,2.0,2.0,2.0,1.0,0.0,1.0,3.0,4.0,3.0,3.0,1.0,1.0,1.0,1.0,2.0,3.0,3.0,4.0,3.0,3.0,2.0,2.0,1.0,0.0,1.0,1.0,1.0,2.0,2.0,1.0,0.0,0.0,0.0,1.0,2.0,2.0,2.0,4.0,5.0,5.0,4.0,4.0,5.0,6.0,5.0,4.0,3.0,2.0,2.0,3.0,3.0,3.0,1.0,1.0,1.0,1.0,1.0,1.0,3.0,3.0,3.0,3.0,2.0,2.0,3.0,2.0,2.0,3.0,5.0,4.0
Morris Park,Bronx,neighborhood,5.0,6.0,6.0,6.0,1.0,1.0,1.0,0.0,0.0,0.0,0.0,0.0,0.0,0.0,0.0,1.0,1.0,3.0,2.0,2.0,2.0,3.0,2.0,2.0,2.0,3.0,1.0,1.0,1.0,2.0,1.0,1.0,2.0,2.0,2.0,2.0,2.0,2.0,2.0,1.0,0.0,1.0,2.0,1.0,1.0,2.0,1.0,1.0,1.0,1.0,1.0,0.0,0.0,2.0,2.0,2.0,3.0,3.0,3.0,3.0,2.0,5.0,4.0,5.0,5.0,7.0,5.0,5.0,2.0,2.0,2.0,3.0,4.0,4.0,2.0,2.0,2.0,2.0,0.0,1.0,1.0,2.0,2.0,1.0,3.0,2.0,2.0,4.0,4.0,5.0,5.0,5.0,3.0,4.0,4.0,7.0,5.0,5.0,6.0,9.0,9.0,8.0,7.0,7.0,6.0,6.0,3.0,4.0,3.0,2.0,4.0,6.0,5.0,6.0,5.0,5.0,3.0,4.0,3.0,3.0,3.0,3.0,2.0,1.0,1.0,3.0,5.0,6.0,5.0,4.0,4.0,6.0,5.0,6.0,6.0,8.0,6.0,9.0,9.0,11.0,10.0,11.0,8.0,5.0,3.0,2.0,4.0,5.0,4.0,5.0,6.0,8.0,14.0,17.0,15.0,14.0,11.0,9.0,9.0,6.0,4.0,4.0,5.0,5.0,3.0,5.0,5.0,6.0,6.0,4.0,7.0,7.0,4.0,5.0,3.0,4.0,3.0,5.0,5.0,2.0,3.0,3.0,5.0,4.0,7.0,4.0,4.0,5.0,5.0,3.0,3.0,2.0,1.0,3.0,5.0,5.0,6.0,7.0,9.0,6.0
Morrisania,Bronx,neighborhood,1.0,2.0,2.0,2.0,1.0,1.0,1.0,1.0,1.0,1.0,1.0,1.0,1.0,1.0,0.0,0.0,0.0,0.0,0.0,0.0,0.0,0.0,0.0,0.0,0.0,0.0,0.0,1.0,1.0,2.0,2.0,2.0,1.0,2.0,2.0,1.0,1.0,1.0,0.0,0.0,1.0,2.0,3.0,5.0,5.0,6.0,7.0,6.0,5.0,4.0,1.0,1.0,1.0,1.0,1.0,2.0,2.0,3.0,2.0,4.0,4.0,2.0,5.0,5.0,5.0,7.0,6.0,6.0,6.0,7.0,3.0,1.0,1.0,1.0,1.0,1.0,1.0,2.0,2.0,3.0,4.0,7.0,6.0,6.0,5.0,5.0,5.0,4.0,5.0,5.0,6.0,8.0,7.0,7.0,6.0,5.0,6.0,7.0,6.0,4.0,5.0,5.0,5.0,5.0,8.0,9.0,8.0,8.0,8.0,7.0,8.0,9.0,9.0,10.0,11.0,9.0,6.0,3.0,3.0,3.0,4.0,4.0,4.0,3.0,3.0,1.0,1.0,4.0,3.0,3.0,3.0,5.0,5.0,5.0,5.0,5.0,7.0,5.0,5.0,5.0,4.0,2.0,5.0,5.0,8.0,7.0,7.0,8.0,9.0,11.0,8.0,7.0,7.0,6.0,4.0,3.0,3.0,2.0,2.0,0.0,1.0,1.0,1.0,1.0,1.0,1.0,2.0,2.0,2.0,3.0,2.0,3.0,4.0,2.0,3.0,3.0,3.0,2.0,2.0,2.0,4.0,4.0,5.0,5.0,2.0,1.0,2.0,2.0,2.0,2.0,2.0,2.0,2.0,2.0,1.0,1.0,1.0,3.0,3.0,2.0
Mott Haven,Bronx,neighborhood,3.0,3.0,3.0,3.0,2.0,3.0,3.0,2.0,2.0,2.0,2.0,2.0,1.0,1.0,1.0,1.0,2.0,4.0,4.0,4.0,3.0,4.0,4.0,3.0,2.0,2.0,2.0,4.0,4.0,4.0,3.0,2.0,4.0,4.0,4.0,2.0,2.0,2.0,2.0,1.0,2.0,2.0,2.0,3.0,2.0,4.0,4.0,5.0,5.0,5.0,5.0,3.0,2.0,2.0,1.0,1.0,1.0,1.0,1.0,1.0,2.0,3.0,3.0,3.0,4.0,2.0,3.0,4.0,6.0,6.0,7.0,7.0,4.0,3.0,4.0,6.0,7.0,10.0,11.0,8.0,8.0,5.0,3.0,3.0,3.0,2.0,3.0,4.0,5.0,3.0,2.0,3.0,3.0,3.0,3.0,5.0,5.0,4.0,5.0,3.0,2.0,5.0,7.0,7.0,7.0,5.0,6.0,7.0,10.0,9.0,6.0,7.0,7.0,6.0,7.0,10.0,9.0,11.0,7.0,8.0,10.0,9.0,9.0,7.0,6.0,11.0,11.0,14.0,12.0,11.0,8.0,8.0,7.0,6.0,7.0,7.0,6.0,7.0,6.0,6.0,6.0,5.0,6.0,4.0,8.0,6.0,5.0,7.0,10.0,11.0,12.0,13.0,7.0,6.0,4.0,4.0,6.0,7.0,6.0,5.0,6.0,5.0,4.0,3.0,4.0,3.0,4.0,2.0,1.0,3.0,3.0,6.0,7.0,5.0,5.0,3.0,4.0,5.0,7.0,5.0,7.0,10.0,10.0,10.0,7.0,4.0,6.0,5.0,6.0,9.0,11.0,10.0,10.0,8.0,7.0,8.0,6.0,7.0,9.0,8.0
NYC,,city,1458.0,1462.0,1570.0,1669.0,1578.0,1619.0,1643.0,1531.0,1538.0,1590.0,1516.0,1473.0,1469.0,1563.0,1765.0,1813.0,1885.0,1997.0,1987.0,1872.0,1903.0,1933.0,1909.0,1842.0,1781.0,1725.0,1792.0,1817.0,1870.0,1837.0,1823.0,3284.0,3574.0,3567.0,3321.0,3025.0,3030.0,2805.0,2852.0,3053.0,3177.0,3145.0,3127.0,3090.0,3156.0,3196.0,3454.0,3141.0,3129.0,3085.0,3377.0,3539.0,3865.0,3952.0,3906.0,3899.0,4119.0,4230.0,3998.0,4042.0,3988.0,4014.0,4292.0,4496.0,4319.0,4330.0,3110.0,2972.0,2994.0,3032.0,2919.0,2642.0,2438.0,2543.0,2814.0,2993.0,3124.0,3276.0,3196.0,3128.0,3247.0,3324.0,3260.0,2981.0,2925.0,2873.0,3038.0,3101.0,3509.0,4831.0,5556.0,5468.0,4343.0,4490.0,4448.0,4160.0,4192.0,4290.0,4755.0,4878.0,5278.0,5541.0,5524.0,5569.0,5619.0,5829.0,5534.0,5146.0,5300.0,5176.0,5465.0,5847.0,6198.0,6282.0,6324.0,5985.0,5864.0,5880.0,5525.0,5003.0,4928.0,4696.0,4384.0,3731.0,3707.0,4087.0,4648.0,4704.0,4989.0,5196.0,5013.0,4653.0,4436.0,4249.0,4357.0,4426.0,4451.0,4593.0,4532.0,4435.0,4476.0,4661.0,4284.0,3818.0,3651.0,3642.0,4013.0,4027.0,4186.0,4479.0,4524.0,4437.0,4556.0,4615.0,4449.0,4083.0,3988.0,3890.0,4048.0,4100.0,4236.0,4227.0,4082.0,3961.0,3925.0,4066.0,3972.0,3563.0,3538.0,3573.0,3680.0,3756.0,3977.0,3916.0,3837.0,3629.0,3788.0,3836.0,3534.0,3192.0,3201.0,3148.0,3456.0,3556.0,3801.0,3766.0,3725.0,3582.0,3687.0,3709.0,3420.0,3177.0,3047.0,2913.0,3155.0,3402.0,3648.0,3698.0,3661.0,3461.0
New Hyde Park,Queens,neighborhood,3.0,2.0,2.0,2.0,1.0,1.0,1.0,1.0,1.0,1.0,1.0,1.0,1.0,1.0,1.0,1.0,1.0,1.0,1.0,1.0,1.0,1.0,1.0,1.0,1.0,1.0,1.0,2.0,2.0,2.0,2.0,2.0,1.0,1.0,1.0,1.0,1.0,1.0,1.0,1.0,1.0,1.0,1.0,1.0,1.0,1.0,1.0,0.0,0.0,0.0,0.0,0.0,0.0,0.0,0.0,0.0,0.0,0.0,0.0,0.0,0.0,0.0,0.0,0.0,0.0,0.0,0.0,0.0,0.0,0.0,0.0,1.0,1.0,1.0,1.0,2.0,1.0,0.0,0.0,0.0,0.0,0.0,0.0,0.0,0.0,0.0,1.0,1.0,1.0,2.0,1.0,1.0,0.0,0.0,0.0,0.0,1.0,1.0,1.0,0.0,0.0,0.0,0.0,0.0,1.0,1.0,0.0,0.0,0.0,0.0,1.0,1.0,1.0,1.0,2.0,2.0,2.0,2.0,2.0,1.0,1.0,1.0,1.0,1.0,1.0,1.0,1.0,2.0,1.0,2.0,2.0,2.0,1.0,0.0,0.0,0.0,0.0,1.0,2.0,1.0,0.0,0.0,0.0,0.0,0.0,0.0,0.0,1.0,1.0,0.0,0.0,0.0,0.0,0.0,0.0,0.0,0.0,1.0,1.0,0.0,0.0,0.0,0.0,0.0,0.0,0.0,0.0,0.0,0.0,0.0,0.0,0.0,0.0,0.0,0.0,0.0,0.0,0.0,1.0,1.0,1.0,1.0,0.0,0.0,0.0,0.0,0.0,0.0,0.0,0.0,0.0,0.0,0.0,0.0,0.0,0.0,0.0,0.0,0.0,0.0
Nolita,Manhattan,neighborhood,0.0,1.0,1.0,1.0,1.0,1.0,1.0,1.0,1.0,1.0,1.0,1.0,1.0,1.0,1.0,1.0,1.0,1.0,0.0,1.0,1.0,1.0,1.0,1.0,1.0,0.0,0.0,0.0,0.0,0.0,0.0,0.0,0.0,0.0,0.0,0.0,0.0,0.0,1.0,1.0,1.0,1.0,1.0,1.0,0.0,0.0,0.0,1.0,1.0,1.0,1.0,1.0,1.0,1.0,0.0,0.0,0.0,1.0,1.0,1.0,1.0,1.0,1.0,0.0,0.0,0.0,0.0,0.0,0.0,1.0,1.0,1.0,1.0,1.0,1.0,1.0,1.0,0.0,0.0,0.0,0.0,0.0,0.0,0.0,0.0,0.0,0.0,0.0,0.0,0.0,1.0,1.0,1.0,1.0,1.0,1.0,0.0,0.0,0.0,1.0,1.0,1.0,1.0,0.0,0.0,0.0,0.0,0.0,0.0,0.0,1.0,2.0,2.0,2.0,2.0,2.0,2.0,2.0,2.0,2.0,2.0,1.0,1.0,1.0,1.0,1.0,1.0,1.0,1.0,1.0,1.0,1.0,1.0,1.0,1.0,1.0,2.0,2.0,2.0,2.0,2.0,2.0,3.0,3.0,3.0,3.0,3.0,2.0,2.0,2.0,2.0,1.0,1.0,1.0,0.0,0.0,0.0,0.0,0.0,1.0,1.0,1.0,1.0,1.0,2.0,2.0,2.0,0.0,2.0,2.0,2.0,1.0,3.0,2.0,1.0,1.0,3.0,3.0,3.0,3.0,1.0,1.0,1.0,1.0,0.0,0.0,0.0,0.0,0.0,0.0,0.0,0.0,0.0,0.0,0.0,0.0,0.0,0.0,0.0,0.0
North Corona,Queens,neighborhood,5.0,7.0,8.0,9.0,7.0,7.0,7.0,9.0,5.0,5.0,6.0,6.0,7.0,7.0,6.0,6.0,5.0,5.0,6.0,4.0,4.0,6.0,5.0,4.0,4.0,3.0,4.0,5.0,6.0,5.0,6.0,4.0,4.0,5.0,4.0,1.0,2.0,2.0,3.0,2.0,3.0,5.0,8.0,7.0,7.0,6.0,5.0,4.0,4.0,2.0,2.0,3.0,3.0,2.0,4.0,4.0,3.0,2.0,3.0,2.0,2.0,3.0,3.0,3.0,6.0,5.0,6.0,5.0,6.0,5.0,3.0,3.0,2.0,2.0,7.0,6.0,3.0,5.0,8.0,6.0,6.0,8.0,9.0,5.0,4.0,6.0,6.0,9.0,9.0,19.0,27.0,27.0,10.0,12.0,16.0,15.0,15.0,16.0,17.0,15.0,19.0,16.0,16.0,17.0,19.0,16.0,12.0,11.0,10.0,10.0,10.0,11.0,10.0,11.0,10.0,10.0,14.0,19.0,17.0,15.0,18.0,13.0,10.0,8.0,8.0,12.0,16.0,21.0,20.0,23.0,21.0,19.0,16.0,17.0,15.0,16.0,14.0,17.0,18.0,17.0,17.0,17.0,18.0,18.0,15.0,12.0,12.0,15.0,13.0,14.0,11.0,9.0,8.0,12.0,13.0,11.0,11.0,12.0,8.0,8.0,8.0,7.0,7.0,10.0,12.0,14.0,11.0,9.0,9.0,10.0,8.0,6.0,7.0,7.0,7.0,9.0,9.0,8.0,7.0,9.0,8.0,7.0,4.0,5.0,7.0,7.0,11.0,10.0,11.0,10.0,11.0,11.0,11.0,10.0,12.0,10.0,5.0,7.0,9.0,8.0
Norwood,Bronx,neighborhood,0.0,0.0,0.0,0.0,0.0,0.0,0.0,0.0,0.0,2.0,2.0,2.0,2.0,2.0,2.0,2.0,2.0,2.0,2.0,2.0,1.0,1.0,1.0,1.0,1.0,0.0,0.0,1.0,2.0,1.0,1.0,0.0,0.0,0.0,0.0,0.0,0.0,0.0,0.0,0.0,0.0,0.0,0.0,0.0,0.0,1.0,1.0,1.0,1.0,0.0,0.0,1.0,2.0,3.0,3.0,4.0,4.0,3.0,3.0,5.0,4.0,3.0,3.0,2.0,1.0,3.0,3.0,2.0,2.0,1.0,1.0,1.0,0.0,1.0,1.0,1.0,1.0,2.0,1.0,1.0,1.0,1.0,0.0,0.0,0.0,0.0,1.0,1.0,1.0,1.0,2.0,3.0,2.0,2.0,2.0,2.0,1.0,1.0,1.0,2.0,1.0,1.0,2.0,1.0,1.0,1.0,0.0,2.0,2.0,2.0,2.0,2.0,2.0,2.0,2.0,2.0,3.0,4.0,3.0,2.0,1.0,1.0,1.0,1.0,1.0,0.0,0.0,1.0,1.0,2.0,1.0,1.0,2.0,3.0,3.0,2.0,3.0,3.0,3.0,2.0,1.0,1.0,1.0,1.0,1.0,1.0,2.0,1.0,2.0,2.0,2.0,2.0,2.0,1.0,1.0,1.0,1.0,1.0,0.0,0.0,0.0,0.0,0.0,0.0,0.0,1.0,1.0,0.0,1.0,1.0,1.0,0.0,0.0,1.0,1.0,2.0,2.0,3.0,2.0,2.0,1.0,0.0,0.0,0.0,0.0,0.0,1.0,1.0,1.0,1.0,1.0,1.0,0.0,0.0,0.0,0.0,0.0,0.0,0.0,0.0
Oakland Gardens,Queens,neighborhood,8.0,6.0,3.0,4.0,3.0,4.0,3.0,2.0,1.0,2.0,1.0,0.0,1.0,2.0,1.0,1.0,1.0,1.0,1.0,1.0,0.0,2.0,6.0,4.0,3.0,5.0,6.0,4.0,2.0,2.0,1.0,1.0,1.0,0.0,0.0,0.0,0.0,0.0,0.0,0.0,0.0,0.0,0.0,0.0,0.0,2.0,3.0,2.0,1.0,1.0,0.0,1.0,6.0,8.0,8.0,4.0,5.0,10.0,7.0,9.0,7.0,8.0,8.0,5.0,6.0,11.0,13.0,9.0,11.0,15.0,15.0,15.0,12.0,11.0,14.0,14.0,7.0,9.0,6.0,5.0,7.0,5.0,7.0,6.0,6.0,8.0,12.0,10.0,12.0,22.0,35.0,36.0,17.0,16.0,15.0,14.0,15.0,15.0,19.0,13.0,10.0,13.0,19.0,17.0,19.0,21.0,25.0,22.0,21.0,21.0,17.0,16.0,26.0,32.0,30.0,30.0,31.0,21.0,20.0,19.0,18.0,16.0,12.0,7.0,10.0,11.0,15.0,17.0,15.0,12.0,13.0,12.0,13.0,10.0,12.0,18.0,18.0,14.0,12.0,13.0,10.0,10.0,8.0,11.0,6.0,7.0,9.0,6.0,11.0,14.0,13.0,13.0,14.0,10.0,11.0,9.0,8.0,12.0,11.0,16.0,12.0,5.0,8.0,6.0,5.0,6.0,10.0,6.0,6.0,7.0,8.0,10.0,10.0,10.0,9.0,11.0,9.0,9.0,7.0,3.0,4.0,7.0,7.0,8.0,9.0,12.0,15.0,9.0,8.0,10.0,7.0,5.0,6.0,4.0,7.0,10.0,11.0,11.0,14.0,14.0
Old Mill Basin,Brooklyn,neighborhood,1.0,1.0,2.0,3.0,4.0,4.0,5.0,5.0,6.0,6.0,5.0,3.0,3.0,3.0,2.0,2.0,3.0,3.0,3.0,3.0,3.0,3.0,2.0,2.0,2.0,2.0,1.0,0.0,1.0,2.0,3.0,5.0,4.0,4.0,3.0,2.0,1.0,0.0,0.0,1.0,3.0,3.0,4.0,3.0,2.0,3.0,3.0,4.0,5.0,4.0,4.0,4.0,4.0,5.0,5.0,5.0,7.0,8.0,5.0,6.0,6.0,7.0,9.0,12.0,9.0,10.0,11.0,11.0,7.0,3.0,3.0,5.0,5.0,6.0,6.0,4.0,3.0,3.0,1.0,2.0,2.0,2.0,2.0,1.0,1.0,3.0,3.0,5.0,3.0,4.0,6.0,7.0,4.0,6.0,7.0,4.0,4.0,5.0,4.0,2.0,4.0,7.0,6.0,9.0,8.0,9.0,8.0,9.0,9.0,8.0,6.0,6.0,5.0,5.0,6.0,8.0,7.0,8.0,8.0,7.0,6.0,6.0,5.0,4.0,5.0,4.0,7.0,7.0,6.0,7.0,5.0,6.0,8.0,10.0,10.0,13.0,13.0,11.0,9.0,6.0,5.0,5.0,4.0,3.0,3.0,2.0,3.0,3.0,4.0,4.0,5.0,4.0,3.0,4.0,7.0,8.0,9.0,6.0,7.0,8.0,6.0,6.0,8.0,7.0,8.0,8.0,8.0,7.0,5.0,7.0,6.0,3.0,2.0,3.0,4.0,3.0,4.0,5.0,7.0,8.0,6.0,9.0,7.0,7.0,7.0,7.0,6.0,7.0,7.0,9.0,6.0,6.0,7.0,10.0,10.0,10.0,10.0,11.0,12.0,13.0
Ozone Park,Queens,neighborhood,2.0,2.0,2.0,2.0,1.0,1.0,0.0,0.0,0.0,3.0,3.0,3.0,3.0,3.0,6.0,5.0,3.0,3.0,3.0,3.0,3.0,3.0,3.0,2.0,1.0,1.0,0.0,0.0,1.0,2.0,3.0,4.0,4.0,4.0,3.0,3.0,3.0,3.0,4.0,3.0,2.0,2.0,2.0,1.0,1.0,2.0,2.0,2.0,1.0,1.0,2.0,1.0,2.0,2.0,1.0,1.0,1.0,1.0,1.0,1.0,2.0,2.0,8.0,10.0,9.0,6.0,5.0,4.0,4.0,4.0,3.0,4.0,3.0,2.0,3.0,4.0,5.0,3.0,2.0,1.0,3.0,3.0,5.0,6.0,6.0,10.0,8.0,9.0,9.0,19.0,31.0,27.0,13.0,14.0,12.0,8.0,9.0,8.0,8.0,11.0,13.0,15.0,12.0,11.0,13.0,16.0,18.0,13.0,20.0,18.0,21.0,18.0,22.0,23.0,19.0,20.0,16.0,18.0,17.0,12.0,11.0,14.0,12.0,9.0,9.0,11.0,13.0,11.0,11.0,9.0,11.0,15.0,16.0,16.0,18.0,13.0,8.0,7.0,8.0,8.0,11.0,11.0,7.0,10.0,13.0,14.0,14.0,15.0,17.0,19.0,20.0,19.0,13.0,8.0,9.0,10.0,10.0,7.0,4.0,4.0,5.0,4.0,5.0,7.0,7.0,6.0,4.0,4.0,6.0,9.0,8.0,13.0,13.0,9.0,7.0,3.0,5.0,7.0,4.0,7.0,9.0,6.0,9.0,12.0,12.0,12.0,9.0,10.0,9.0,11.0,10.0,11.0,11.0,9.0,12.0,9.0,11.0,13.0,8.0,7.0
Park Slope,Brooklyn,neighborhood,69.0,68.0,68.0,67.0,69.0,65.0,65.0,51.0,56.0,56.0,50.0,40.0,39.0,43.0,65.0,69.0,72.0,71.0,67.0,45.0,53.0,48.0,53.0,43.0,41.0,37.0,48.0,51.0,60.0,58.0,49.0,40.0,50.0,52.0,47.0,35.0,34.0,39.0,34.0,47.0,48.0,44.0,43.0,40.0,51.0,57.0,61.0,50.0,51.0,49.0,41.0,48.0,57.0,53.0,42.0,41.0,51.0,55.0,48.0,41.0,42.0,49.0,50.0,43.0,53.0,56.0,51.0,36.0,56.0,62.0,59.0,48.0,45.0,37.0,49.0,63.0,71.0,78.0,73.0,63.0,82.0,89.0,74.0,65.0,62.0,57.0,62.0,71.0,78.0,78.0,67.0,54.0,69.0,71.0,62.0,51.0,43.0,55.0,66.0,71.0,74.0,73.0,66.0,55.0,72.0,76.0,66.0,56.0,61.0,57.0,73.0,87.0,93.0,87.0,78.0,72.0,78.0,76.0,68.0,53.0,55.0,55.0,56.0,41.0,48.0,56.0,71.0,69.0,83.0,90.0,92.0,81.0,69.0,59.0,68.0,82.0,88.0,83.0,68.0,55.0,61.0,66.0,59.0,44.0,38.0,36.0,48.0,57.0,60.0,72.0,55.0,45.0,49.0,55.0,49.0,34.0,31.0,38.0,50.0,63.0,60.0,51.0,45.0,39.0,40.0,48.0,43.0,36.0,43.0,48.0,57.0,63.0,60.0,56.0,42.0,34.0,51.0,58.0,48.0,36.0,38.0,37.0,50.0,61.0,55.0,54.0,45.0,42.0,44.0,49.0,47.0,42.0,37.0,35.0,38.0,56.0,60.0,56.0,42.0,25.0
Parkchester,Bronx,neighborhood,1.0,1.0,1.0,2.0,1.0,1.0,2.0,1.0,1.0,1.0,1.0,3.0,3.0,4.0,4.0,4.0,4.0,4.0,5.0,3.0,3.0,3.0,4.0,4.0,4.0,4.0,3.0,3.0,3.0,2.0,2.0,2.0,2.0,2.0,1.0,2.0,2.0,2.0,2.0,2.0,2.0,2.0,1.0,1.0,2.0,5.0,5.0,4.0,5.0,5.0,5.0,3.0,3.0,2.0,2.0,2.0,3.0,2.0,2.0,3.0,2.0,2.0,2.0,2.0,1.0,1.0,1.0,1.0,0.0,0.0,0.0,0.0,0.0,0.0,0.0,0.0,0.0,0.0,0.0,0.0,0.0,0.0,0.0,0.0,0.0,1.0,1.0,1.0,1.0,2.0,3.0,3.0,3.0,2.0,0.0,0.0,1.0,1.0,1.0,0.0,0.0,0.0,0.0,0.0,0.0,0.0,1.0,1.0,2.0,3.0,4.0,3.0,2.0,3.0,2.0,1.0,1.0,1.0,3.0,2.0,3.0,3.0,3.0,2.0,2.0,4.0,5.0,6.0,7.0,8.0,6.0,4.0,4.0,3.0,4.0,4.0,4.0,3.0,4.0,5.0,3.0,3.0,2.0,3.0,2.0,1.0,0.0,0.0,1.0,1.0,1.0,2.0,4.0,2.0,1.0,1.0,0.0,0.0,0.0,0.0,1.0,1.0,0.0,1.0,0.0,1.0,2.0,2.0,1.0,1.0,1.0,1.0,3.0,3.0,1.0,1.0,0.0,1.0,1.0,1.0,2.0,2.0,3.0,3.0,3.0,1.0,3.0,5.0,5.0,4.0,4.0,4.0,1.0,2.0,2.0,1.0,1.0,1.0,1.0,1.0
Pelham Bay,Bronx,neighborhood,0.0,0.0,0.0,0.0,0.0,2.0,2.0,3.0,1.0,1.0,1.0,1.0,0.0,0.0,0.0,2.0,2.0,2.0,2.0,2.0,1.0,1.0,1.0,0.0,0.0,0.0,1.0,2.0,2.0,1.0,0.0,0.0,0.0,1.0,1.0,1.0,1.0,1.0,2.0,2.0,2.0,2.0,3.0,2.0,2.0,1.0,1.0,4.0,4.0,3.0,3.0,3.0,1.0,1.0,2.0,2.0,2.0,3.0,2.0,1.0,0.0,0.0,3.0,4.0,5.0,4.0,5.0,7.0,6.0,4.0,3.0,2.0,1.0,1.0,1.0,1.0,0.0,0.0,0.0,0.0,0.0,0.0,0.0,0.0,0.0,0.0,0.0,1.0,1.0,0.0,0.0,3.0,1.0,1.0,1.0,1.0,1.0,2.0,3.0,3.0,2.0,1.0,3.0,5.0,5.0,5.0,4.0,3.0,3.0,5.0,6.0,5.0,4.0,4.0,3.0,3.0,5.0,4.0,4.0,3.0,5.0,6.0,6.0,3.0,3.0,4.0,2.0,2.0,1.0,0.0,2.0,4.0,3.0,3.0,3.0,4.0,4.0,3.0,5.0,5.0,4.0,6.0,3.0,2.0,2.0,3.0,5.0,6.0,6.0,4.0,3.0,2.0,3.0,3.0,1.0,0.0,1.0,2.0,2.0,1.0,0.0,0.0,1.0,2.0,1.0,1.0,2.0,3.0,4.0,3.0,2.0,2.0,0.0,0.0,0.0,1.0,1.0,1.0,1.0,1.0,1.0,1.0,2.0,2.0,2.0,1.0,1.0,3.0,3.0,2.0,3.0,2.0,3.0,2.0,2.0,1.0,2.0,1.0,1.0,1.0
Pelham Gardens,Bronx,neighborhood,1.0,2.0,3.0,4.0,3.0,3.0,3.0,2.0,2.0,2.0,2.0,2.0,1.0,1.0,2.0,2.0,2.0,4.0,3.0,3.0,2.0,2.0,1.0,0.0,0.0,0.0,0.0,0.0,0.0,2.0,1.0,2.0,2.0,2.0,2.0,2.0,2.0,2.0,2.0,2.0,3.0,4.0,2.0,3.0,2.0,4.0,5.0,4.0,4.0,3.0,1.0,1.0,1.0,0.0,0.0,0.0,0.0,0.0,0.0,0.0,0.0,0.0,0.0,0.0,1.0,2.0,2.0,3.0,1.0,2.0,1.0,1.0,2.0,2.0,2.0,2.0,2.0,0.0,1.0,1.0,1.0,1.0,1.0,2.0,2.0,2.0,1.0,0.0,1.0,6.0,9.0,11.0,7.0,5.0,4.0,3.0,4.0,4.0,5.0,7.0,7.0,10.0,11.0,11.0,8.0,8.0,6.0,4.0,3.0,2.0,4.0,5.0,5.0,6.0,11.0,11.0,10.0,8.0,9.0,9.0,11.0,8.0,7.0,6.0,7.0,10.0,9.0,11.0,12.0,10.0,9.0,10.0,9.0,8.0,6.0,8.0,8.0,9.0,11.0,10.0,6.0,7.0,4.0,5.0,5.0,5.0,10.0,9.0,8.0,8.0,14.0,10.0,12.0,8.0,3.0,3.0,5.0,5.0,4.0,3.0,3.0,5.0,5.0,6.0,7.0,9.0,6.0,4.0,2.0,1.0,0.0,0.0,2.0,1.0,1.0,1.0,1.0,4.0,3.0,4.0,3.0,5.0,7.0,6.0,6.0,6.0,4.0,3.0,2.0,2.0,1.0,0.0,2.0,1.0,1.0,3.0,3.0,5.0,9.0,8.0
Pelham Parkway,Bronx,neighborhood,0.0,0.0,0.0,0.0,0.0,0.0,0.0,0.0,0.0,0.0,0.0,0.0,0.0,0.0,0.0,0.0,0.0,0.0,0.0,0.0,0.0,0.0,0.0,0.0,0.0,0.0,0.0,0.0,0.0,0.0,0.0,0.0,0.0,0.0,0.0,0.0,0.0,0.0,0.0,0.0,0.0,0.0,0.0,0.0,0.0,0.0,0.0,0.0,0.0,0.0,0.0,0.0,0.0,0.0,0.0,0.0,0.0,0.0,1.0,1.0,1.0,1.0,0.0,0.0,0.0,0.0,0.0,0.0,0.0,0.0,0.0,0.0,0.0,0.0,0.0,0.0,0.0,0.0,0.0,0.0,0.0,0.0,0.0,0.0,0.0,0.0,0.0,0.0,0.0,0.0,0.0,0.0,0.0,0.0,0.0,0.0,0.0,0.0,0.0,0.0,0.0,0.0,0.0,0.0,0.0,0.0,0.0,0.0,0.0,0.0,0.0,0.0,0.0,0.0,0.0,0.0,0.0,0.0,0.0,0.0,0.0,0.0,0.0,0.0,0.0,0.0,0.0,0.0,0.0,0.0,0.0,0.0,0.0,0.0,0.0,0.0,0.0,0.0,0.0,0.0,0.0,0.0,0.0,0.0,0.0,0.0,0.0,0.0,0.0,0.0,0.0,0.0,0.0,0.0,0.0,0.0,0.0,0.0,0.0,0.0,0.0,0.0,0.0,0.0,0.0,0.0,0.0,0.0,0.0,0.0,0.0,0.0,0.0,0.0,0.0,0.0,0.0,0.0,0.0,0.0,1.0,1.0,2.0,1.0,1.0,1.0,1.0,1.0,0.0,0.0,0.0,0.0,0.0,0.0,0.0,0.0,0.0,0.0,0.0,0.0
Pomonok,Queens,neighborhood,3.0,3.0,3.0,2.0,3.0,1.0,2.0,2.0,3.0,2.0,2.0,1.0,1.0,1.0,0.0,0.0,0.0,0.0,0.0,0.0,0.0,0.0,0.0,0.0,0.0,1.0,1.0,1.0,1.0,1.0,1.0,1.0,1.0,1.0,1.0,1.0,1.0,1.0,1.0,2.0,2.0,2.0,2.0,2.0,1.0,1.0,1.0,1.0,2.0,2.0,2.0,3.0,4.0,3.0,2.0,2.0,3.0,1.0,0.0,0.0,0.0,0.0,0.0,0.0,0.0,2.0,1.0,2.0,2.0,1.0,0.0,0.0,1.0,2.0,2.0,1.0,2.0,1.0,0.0,0.0,6.0,6.0,6.0,6.0,2.0,1.0,1.0,1.0,0.0,5.0,8.0,10.0,3.0,2.0,2.0,3.0,5.0,4.0,6.0,6.0,6.0,5.0,4.0,4.0,4.0,6.0,5.0,5.0,6.0,7.0,7.0,5.0,7.0,8.0,8.0,10.0,8.0,9.0,9.0,9.0,8.0,6.0,7.0,7.0,5.0,4.0,6.0,7.0,6.0,5.0,5.0,2.0,2.0,3.0,4.0,6.0,5.0,5.0,6.0,6.0,5.0,4.0,3.0,3.0,3.0,3.0,3.0,2.0,2.0,4.0,6.0,8.0,9.0,8.0,7.0,3.0,3.0,4.0,5.0,5.0,3.0,2.0,1.0,1.0,1.0,1.0,2.0,1.0,1.0,2.0,2.0,1.0,2.0,3.0,2.0,2.0,1.0,3.0,3.0,4.0,3.0,6.0,7.0,6.0,6.0,6.0,6.0,4.0,4.0,1.0,2.0,2.0,3.0,3.0,3.0,3.0,3.0,0.0,1.0,1.0
Port Morris,Bronx,neighborhood,0.0,0.0,0.0,0.0,0.0,0.0,0.0,0.0,0.0,0.0,0.0,0.0,0.0,0.0,0.0,0.0,0.0,0.0,0.0,0.0,0.0,1.0,1.0,2.0,2.0,2.0,2.0,1.0,0.0,0.0,0.0,0.0,0.0,0.0,0.0,0.0,0.0,0.0,0.0,0.0,0.0,0.0,0.0,0.0,0.0,0.0,0.0,0.0,0.0,0.0,0.0,0.0,0.0,0.0,0.0,0.0,0.0,0.0,0.0,0.0,0.0,0.0,0.0,0.0,0.0,0.0,0.0,0.0,0.0,0.0,0.0,0.0,0.0,0.0,0.0,0.0,0.0,0.0,0.0,0.0,0.0,1.0,1.0,1.0,1.0,1.0,1.0,0.0,0.0,0.0,0.0,0.0,0.0,0.0,0.0,0.0,0.0,1.0,1.0,1.0,1.0,0.0,1.0,1.0,1.0,1.0,0.0,0.0,0.0,0.0,0.0,0.0,0.0,0.0,0.0,0.0,0.0,0.0,0.0,0.0,0.0,0.0,0.0,0.0,0.0,0.0,0.0,0.0,0.0,0.0,0.0,0.0,0.0,0.0,0.0,0.0,0.0,0.0,0.0,0.0,0.0,0.0,0.0,0.0,0.0,0.0,1.0,1.0,1.0,1.0,0.0,0.0,0.0,1.0,0.0,0.0,0.0,0.0,0.0,0.0,0.0,0.0,0.0,1.0,1.0,1.0,1.0,1.0,0.0,0.0,0.0,0.0,0.0,0.0,0.0,0.0,0.0,0.0,0.0,0.0,0.0,0.0,0.0,0.0,0.0,0.0,0.0,0.0,0.0,0.0,0.0,0.0,0.0,0.0,1.0,1.0,1.0,0.0,1.0,1.0
Prospect Heights,Brooklyn,neighborhood,14.0,16.0,15.0,20.0,17.0,14.0,14.0,11.0,8.0,11.0,11.0,8.0,10.0,11.0,12.0,8.0,7.0,5.0,4.0,4.0,3.0,3.0,2.0,2.0,4.0,5.0,7.0,8.0,9.0,11.0,12.0,11.0,11.0,7.0,8.0,7.0,10.0,13.0,13.0,13.0,13.0,12.0,13.0,10.0,7.0,10.0,13.0,11.0,6.0,6.0,8.0,9.0,13.0,11.0,8.0,8.0,9.0,11.0,9.0,8.0,7.0,11.0,6.0,6.0,8.0,9.0,9.0,6.0,10.0,13.0,13.0,13.0,13.0,7.0,7.0,8.0,12.0,11.0,10.0,8.0,7.0,11.0,10.0,7.0,6.0,5.0,8.0,10.0,9.0,11.0,14.0,12.0,10.0,11.0,12.0,9.0,6.0,5.0,7.0,10.0,11.0,16.0,15.0,10.0,11.0,12.0,10.0,8.0,9.0,9.0,10.0,11.0,10.0,15.0,14.0,12.0,13.0,16.0,14.0,11.0,12.0,11.0,9.0,6.0,6.0,6.0,5.0,12.0,16.0,21.0,15.0,12.0,13.0,10.0,8.0,7.0,9.0,9.0,10.0,9.0,7.0,4.0,3.0,2.0,1.0,5.0,6.0,3.0,7.0,10.0,9.0,8.0,10.0,11.0,10.0,10.0,6.0,6.0,7.0,7.0,7.0,5.0,5.0,3.0,5.0,5.0,4.0,3.0,4.0,4.0,3.0,4.0,6.0,6.0,9.0,6.0,6.0,4.0,7.0,4.0,1.0,2.0,5.0,4.0,3.0,5.0,5.0,3.0,5.0,7.0,7.0,6.0,7.0,8.0,8.0,8.0,9.0,6.0,4.0,5.0
Prospect Lefferts Gardens,Brooklyn,neighborhood,16.0,14.0,13.0,14.0,14.0,15.0,15.0,13.0,13.0,13.0,15.0,9.0,9.0,9.0,11.0,10.0,16.0,16.0,14.0,14.0,13.0,14.0,13.0,15.0,10.0,11.0,14.0,14.0,10.0,10.0,13.0,8.0,12.0,13.0,14.0,13.0,13.0,11.0,12.0,12.0,15.0,19.0,15.0,10.0,14.0,22.0,21.0,18.0,15.0,17.0,17.0,16.0,22.0,20.0,26.0,19.0,20.0,16.0,17.0,17.0,11.0,13.0,13.0,17.0,19.0,20.0,17.0,15.0,14.0,15.0,19.0,15.0,17.0,23.0,26.0,21.0,24.0,24.0,22.0,20.0,23.0,23.0,23.0,18.0,17.0,20.0,18.0,17.0,19.0,25.0,28.0,30.0,29.0,23.0,15.0,13.0,15.0,18.0,20.0,25.0,28.0,30.0,22.0,22.0,21.0,19.0,22.0,23.0,24.0,24.0,20.0,25.0,24.0,26.0,26.0,21.0,27.0,31.0,26.0,25.0,24.0,21.0,25.0,20.0,24.0,27.0,36.0,36.0,43.0,40.0,35.0,31.0,29.0,19.0,22.0,18.0,17.0,22.0,18.0,17.0,16.0,16.0,18.0,13.0,13.0,15.0,20.0,20.0,20.0,26.0,24.0,20.0,18.0,18.0,17.0,18.0,17.0,20.0,22.0,18.0,22.0,21.0,17.0,15.0,21.0,20.0,17.0,13.0,13.0,19.0,21.0,25.0,24.0,15.0,15.0,14.0,17.0,24.0,18.0,17.0,15.0,16.0,21.0,25.0,31.0,27.0,22.0,19.0,28.0,28.0,24.0,19.0,19.0,18.0,21.0,26.0,26.0,20.0,17.0,14.0
Prospect Park South,Brooklyn,neighborhood,0.0,0.0,0.0,1.0,3.0,3.0,5.0,4.0,5.0,4.0,4.0,3.0,4.0,4.0,3.0,2.0,2.0,3.0,3.0,2.0,4.0,5.0,2.0,3.0,3.0,3.0,3.0,2.0,2.0,1.0,2.0,3.0,3.0,1.0,0.0,0.0,0.0,0.0,0.0,1.0,2.0,2.0,2.0,1.0,0.0,0.0,0.0,1.0,1.0,0.0,1.0,2.0,4.0,4.0,5.0,7.0,7.0,7.0,5.0,6.0,3.0,3.0,3.0,4.0,3.0,6.0,5.0,3.0,7.0,5.0,4.0,3.0,3.0,4.0,4.0,3.0,3.0,3.0,6.0,5.0,5.0,6.0,4.0,5.0,4.0,5.0,7.0,3.0,5.0,5.0,4.0,1.0,5.0,5.0,4.0,4.0,5.0,5.0,5.0,7.0,10.0,10.0,11.0,9.0,9.0,7.0,8.0,8.0,10.0,8.0,5.0,5.0,5.0,4.0,6.0,7.0,6.0,5.0,6.0,6.0,6.0,4.0,7.0,6.0,8.0,9.0,10.0,11.0,9.0,13.0,11.0,11.0,11.0,8.0,8.0,9.0,9.0,7.0,8.0,8.0,7.0,5.0,3.0,2.0,2.0,3.0,6.0,7.0,8.0,8.0,7.0,7.0,5.0,3.0,4.0,3.0,4.0,3.0,3.0,1.0,5.0,5.0,3.0,2.0,2.0,1.0,1.0,1.0,0.0,2.0,3.0,5.0,6.0,6.0,7.0,4.0,4.0,5.0,5.0,4.0,4.0,4.0,4.0,3.0,5.0,5.0,4.0,4.0,6.0,7.0,4.0,5.0,3.0,4.0,5.0,3.0,3.0,3.0,4.0,4.0
Queens,Queens,borough,299.0,292.0,272.0,266.0,243.0,260.0,280.0,249.0,241.0,250.0,238.0,261.0,259.0,258.0,294.0,307.0,333.0,348.0,384.0,327.0,322.0,348.0,341.0,331.0,323.0,330.0,321.0,325.0,338.0,341.0,352.0,324.0,312.0,316.0,314.0,290.0,280.0,236.0,240.0,246.0,258.0,222.0,240.0,279.0,294.0,290.0,292.0,274.0,263.0,273.0,309.0,346.0,382.0,417.0,448.0,448.0,483.0,462.0,428.0,419.0,422.0,424.0,488.0,527.0,583.0,623.0,667.0,677.0,651.0,641.0,604.0,520.0,490.0,510.0,579.0,625.0,659.0,697.0,706.0,679.0,712.0,745.0,757.0,686.0,691.0,711.0,784.0,772.0,916.0,1794.0,2305.0,2134.0,1215.0,1244.0,1205.0,1169.0,1160.0,1213.0,1372.0,1395.0,1499.0,1603.0,1608.0,1687.0,1689.0,1805.0,1701.0,1558.0,1551.0,1518.0,1611.0,1708.0,1801.0,1835.0,1853.0,1736.0,1654.0,1643.0,1595.0,1471.0,1494.0,1419.0,1311.0,1124.0,1116.0,1179.0,1370.0,1380.0,1442.0,1509.0,1448.0,1306.0,1272.0,1202.0,1243.0,1228.0,1242.0,1272.0,1271.0,1233.0,1228.0,1260.0,1122.0,1007.0,993.0,1000.0,1126.0,1135.0,1170.0,1296.0,1306.0,1317.0,1338.0,1333.0,1317.0,1182.0,1165.0,1135.0,1106.0,1114.0,1147.0,1116.0,1110.0,1103.0,1073.0,1100.0,1068.0,948.0,942.0,962.0,974.0,978.0,1059.0,1030.0,968.0,905.0,912.0,943.0,882.0,762.0,787.0,774.0,876.0,901.0,939.0,958.0,973.0,931.0,953.0,942.0,884.0,840.0,829.0,783.0,845.0,919.0,981.0,1019.0,1001.0,962.0
Queens Village,Queens,neighborhood,3.0,3.0,3.0,3.0,2.0,2.0,2.0,2.0,2.0,3.0,3.0,3.0,3.0,3.0,3.0,3.0,3.0,2.0,2.0,3.0,1.0,2.0,2.0,2.0,2.0,2.0,2.0,2.0,2.0,1.0,1.0,2.0,2.0,2.0,2.0,3.0,3.0,3.0,2.0,2.0,2.0,2.0,3.0,3.0,4.0,6.0,8.0,7.0,8.0,9.0,10.0,7.0,10.0,13.0,14.0,13.0,12.0,9.0,7.0,8.0,12.0,19.0,23.0,21.0,18.0,17.0,18.0,19.0,15.0,15.0,12.0,14.0,11.0,11.0,10.0,9.0,12.0,10.0,14.0,13.0,15.0,15.0,22.0,21.0,20.0,18.0,17.0,17.0,20.0,48.0,69.0,61.0,35.0,37.0,33.0,38.0,36.0,40.0,46.0,45.0,49.0,53.0,53.0,47.0,43.0,51.0,40.0,37.0,37.0,43.0,47.0,55.0,63.0,65.0,69.0,68.0,61.0,55.0,54.0,50.0,60.0,55.0,39.0,27.0,25.0,22.0,20.0,26.0,27.0,29.0,34.0,30.0,29.0,32.0,29.0,24.0,25.0,23.0,29.0,23.0,19.0,18.0,15.0,15.0,21.0,23.0,23.0,22.0,24.0,37.0,37.0,42.0,47.0,40.0,42.0,39.0,33.0,34.0,27.0,21.0,19.0,22.0,25.0,22.0,17.0,24.0,24.0,21.0,23.0,21.0,21.0,24.0,25.0,23.0,20.0,16.0,16.0,17.0,23.0,22.0,20.0,17.0,20.0,20.0,14.0,12.0,17.0,17.0,16.0,16.0,17.0,16.0,12.0,12.0,7.0,13.0,15.0,18.0,14.0,17.0
Red Hook,Brooklyn,neighborhood,8.0,10.0,9.0,7.0,6.0,6.0,4.0,2.0,5.0,5.0,4.0,4.0,4.0,5.0,7.0,5.0,9.0,9.0,9.0,6.0,6.0,6.0,7.0,8.0,11.0,10.0,13.0,11.0,10.0,11.0,11.0,8.0,5.0,7.0,5.0,7.0,10.0,10.0,8.0,11.0,14.0,14.0,18.0,18.0,20.0,17.0,16.0,14.0,15.0,13.0,11.0,11.0,11.0,11.0,9.0,11.0,14.0,11.0,8.0,8.0,8.0,7.0,4.0,3.0,7.0,7.0,9.0,8.0,13.0,12.0,14.0,12.0,14.0,12.0,8.0,10.0,9.0,9.0,9.0,10.0,13.0,15.0,13.0,11.0,10.0,13.0,11.0,10.0,8.0,9.0,9.0,12.0,15.0,19.0,21.0,20.0,19.0,16.0,17.0,20.0,15.0,16.0,17.0,15.0,14.0,17.0,16.0,13.0,14.0,13.0,20.0,24.0,29.0,27.0,28.0,23.0,24.0,22.0,16.0,13.0,12.0,17.0,13.0,9.0,11.0,10.0,12.0,18.0,15.0,15.0,12.0,13.0,11.0,8.0,10.0,10.0,9.0,7.0,7.0,6.0,10.0,12.0,12.0,11.0,8.0,10.0,15.0,12.0,15.0,18.0,19.0,16.0,19.0,19.0,18.0,16.0,12.0,15.0,13.0,10.0,13.0,13.0,14.0,14.0,14.0,18.0,17.0,15.0,17.0,16.0,15.0,18.0,19.0,17.0,15.0,17.0,16.0,16.0,17.0,11.0,11.0,10.0,12.0,15.0,14.0,14.0,14.0,13.0,14.0,15.0,13.0,12.0,10.0,9.0,10.0,8.0,6.0,7.0,8.0,5.0
Rego Park,Queens,neighborhood,6.0,4.0,3.0,3.0,4.0,5.0,6.0,6.0,4.0,5.0,6.0,8.0,9.0,8.0,12.0,12.0,11.0,12.0,11.0,8.0,6.0,7.0,9.0,6.0,5.0,6.0,7.0,6.0,6.0,9.0,12.0,7.0,6.0,6.0,6.0,4.0,5.0,4.0,3.0,4.0,2.0,1.0,3.0,4.0,5.0,4.0,5.0,5.0,1.0,2.0,5.0,5.0,3.0,5.0,4.0,5.0,10.0,13.0,9.0,7.0,5.0,5.0,6.0,9.0,10.0,10.0,14.0,15.0,18.0,16.0,13.0,9.0,8.0,7.0,8.0,7.0,14.0,18.0,13.0,12.0,14.0,14.0,15.0,15.0,14.0,13.0,13.0,9.0,16.0,25.0,22.0,19.0,21.0,15.0,14.0,12.0,13.0,15.0,17.0,16.0,16.0,20.0,20.0,24.0,28.0,23.0,19.0,16.0,15.0,16.0,21.0,20.0,23.0,20.0,21.0,21.0,21.0,18.0,17.0,17.0,20.0,21.0,18.0,15.0,15.0,14.0,21.0,25.0,32.0,33.0,31.0,30.0,32.0,34.0,31.0,28.0,23.0,27.0,26.0,31.0,25.0,27.0,26.0,22.0,19.0,16.0,17.0,21.0,23.0,25.0,25.0,25.0,21.0,21.0,20.0,22.0,21.0,23.0,20.0,14.0,16.0,15.0,12.0,11.0,8.0,10.0,8.0,6.0,6.0,11.0,10.0,11.0,19.0,17.0,19.0,17.0,13.0,13.0,12.0,14.0,14.0,15.0,15.0,15.0,14.0,13.0,12.0,15.0,16.0,14.0,15.0,15.0,18.0,19.0,20.0,18.0,23.0,23.0,23.0,26.0
Richmond Hill,Queens,neighborhood,0.0,0.0,0.0,0.0,0.0,0.0,0.0,0.0,0.0,0.0,0.0,0.0,0.0,1.0,1.0,2.0,2.0,1.0,1.0,1.0,0.0,0.0,0.0,0.0,0.0,1.0,1.0,1.0,2.0,2.0,1.0,1.0,1.0,1.0,1.0,1.0,2.0,2.0,3.0,3.0,3.0,2.0,1.0,1.0,2.0,2.0,2.0,1.0,1.0,0.0,2.0,3.0,2.0,3.0,4.0,5.0,4.0,2.0,3.0,4.0,5.0,6.0,11.0,12.0,15.0,11.0,11.0,9.0,8.0,9.0,9.0,8.0,4.0,6.0,8.0,3.0,4.0,3.0,3.0,1.0,1.0,2.0,5.0,5.0,6.0,11.0,15.0,15.0,17.0,35.0,51.0,43.0,26.0,21.0,23.0,24.0,18.0,18.0,16.0,20.0,25.0,27.0,25.0,23.0,21.0,24.0,19.0,19.0,16.0,13.0,13.0,15.0,16.0,22.0,22.0,26.0,20.0,22.0,26.0,28.0,30.0,26.0,24.0,28.0,33.0,33.0,36.0,24.0,22.0,22.0,24.0,27.0,19.0,14.0,15.0,14.0,14.0,12.0,11.0,14.0,13.0,12.0,16.0,16.0,15.0,17.0,18.0,16.0,16.0,15.0,22.0,22.0,18.0,20.0,19.0,17.0,16.0,12.0,14.0,14.0,20.0,18.0,16.0,13.0,14.0,12.0,15.0,11.0,9.0,10.0,11.0,13.0,11.0,11.0,9.0,10.0,11.0,13.0,11.0,12.0,14.0,18.0,18.0,17.0,14.0,11.0,14.0,13.0,11.0,10.0,11.0,13.0,16.0,13.0,11.0,8.0,9.0,9.0,9.0,11.0
Ridgewood,Queens,neighborhood,8.0,8.0,8.0,10.0,9.0,8.0,10.0,10.0,7.0,5.0,5.0,5.0,5.0,5.0,5.0,5.0,6.0,6.0,6.0,8.0,7.0,7.0,8.0,8.0,7.0,6.0,5.0,8.0,9.0,14.0,13.0,11.0,8.0,7.0,4.0,2.0,3.0,4.0,5.0,5.0,5.0,2.0,3.0,4.0,7.0,7.0,7.0,7.0,7.0,6.0,5.0,6.0,7.0,7.0,9.0,6.0,10.0,10.0,10.0,10.0,9.0,7.0,10.0,13.0,11.0,9.0,14.0,18.0,15.0,18.0,15.0,17.0,15.0,18.0,22.0,20.0,19.0,21.0,22.0,21.0,22.0,26.0,25.0,27.0,25.0,24.0,30.0,34.0,36.0,43.0,54.0,48.0,24.0,32.0,36.0,38.0,36.0,41.0,33.0,31.0,40.0,42.0,48.0,53.0,48.0,55.0,50.0,46.0,47.0,41.0,51.0,55.0,62.0,70.0,61.0,61.0,57.0,49.0,54.0,44.0,47.0,41.0,39.0,34.0,39.0,43.0,44.0,45.0,47.0,43.0,46.0,42.0,46.0,45.0,45.0,45.0,48.0,40.0,41.0,44.0,50.0,51.0,45.0,39.0,35.0,34.0,39.0,37.0,37.0,44.0,43.0,44.0,43.0,41.0,41.0,39.0,37.0,38.0,31.0,34.0,34.0,34.0,34.0,28.0,31.0,34.0,33.0,31.0,34.0,33.0,38.0,45.0,51.0,43.0,39.0,36.0,31.0,34.0,31.0,24.0,29.0,31.0,32.0,35.0,40.0,42.0,44.0,44.0,46.0,46.0,39.0,37.0,36.0,36.0,33.0,35.0,40.0,41.0,38.0,32.0
Riverdale,Bronx,neighborhood,42.0,40.0,41.0,43.0,40.0,44.0,46.0,38.0,39.0,41.0,38.0,39.0,51.0,50.0,64.0,66.0,74.0,79.0,79.0,87.0,87.0,85.0,89.0,88.0,83.0,81.0,80.0,87.0,97.0,89.0,94.0,86.0,90.0,86.0,79.0,80.0,83.0,79.0,81.0,84.0,84.0,93.0,89.0,88.0,87.0,92.0,85.0,73.0,71.0,68.0,74.0,75.0,79.0,76.0,81.0,86.0,81.0,81.0,73.0,68.0,70.0,70.0,70.0,74.0,93.0,95.0,103.0,95.0,101.0,105.0,102.0,89.0,88.0,93.0,90.0,91.0,95.0,93.0,91.0,90.0,88.0,83.0,82.0,80.0,74.0,61.0,64.0,61.0,76.0,89.0,84.0,84.0,68.0,72.0,66.0,60.0,60.0,55.0,57.0,57.0,63.0,67.0,65.0,63.0,57.0,62.0,62.0,63.0,65.0,64.0,64.0,71.0,74.0,70.0,74.0,73.0,66.0,62.0,60.0,57.0,55.0,55.0,54.0,42.0,44.0,60.0,69.0,61.0,71.0,75.0,71.0,68.0,69.0,66.0,59.0,69.0,79.0,88.0,86.0,78.0,74.0,76.0,62.0,58.0,55.0,50.0,47.0,56.0,65.0,60.0,66.0,64.0,56.0,55.0,50.0,45.0,43.0,42.0,42.0,38.0,45.0,47.0,42.0,41.0,44.0,49.0,47.0,44.0,39.0,43.0,42.0,42.0,42.0,41.0,46.0,45.0,48.0,48.0,47.0,37.0,36.0,35.0,43.0,46.0,45.0,50.0,50.0,49.0,44.0,46.0,43.0,41.0,40.0,35.0,33.0,36.0,41.0,40.0,37.0,31.0
Rockaway All,Queens,neighborhood,13.0,16.0,13.0,16.0,12.0,11.0,11.0,9.0,8.0,10.0,8.0,7.0,8.0,10.0,10.0,11.0,12.0,13.0,12.0,10.0,7.0,8.0,9.0,9.0,10.0,8.0,9.0,8.0,7.0,6.0,9.0,9.0,11.0,13.0,12.0,10.0,8.0,8.0,10.0,10.0,10.0,9.0,14.0,19.0,19.0,18.0,20.0,12.0,13.0,14.0,18.0,20.0,22.0,27.0,21.0,19.0,23.0,30.0,33.0,33.0,30.0,30.0,32.0,35.0,50.0,52.0,55.0,56.0,51.0,42.0,37.0,30.0,28.0,24.0,42.0,49.0,52.0,54.0,73.0,68.0,63.0,56.0,54.0,53.0,59.0,59.0,67.0,63.0,87.0,104.0,112.0,107.0,80.0,82.0,81.0,79.0,76.0,80.0,81.0,75.0,88.0,99.0,88.0,92.0,95.0,103.0,92.0,89.0,89.0,81.0,77.0,76.0,85.0,95.0,96.0,78.0,67.0,72.0,81.0,77.0,72.0,74.0,72.0,58.0,60.0,62.0,65.0,54.0,58.0,72.0,64.0,59.0,52.0,45.0,52.0,52.0,52.0,55.0,55.0,60.0,61.0,59.0,57.0,49.0,40.0,43.0,63.0,65.0,60.0,73.0,70.0,66.0,53.0,59.0,62.0,54.0,59.0,57.0,58.0,62.0,62.0,62.0,69.0,71.0,57.0,60.0,61.0,55.0,60.0,64.0,64.0,64.0,72.0,68.0,62.0,54.0,49.0,51.0,36.0,34.0,33.0,34.0,39.0,40.0,49.0,51.0,52.0,48.0,52.0,53.0,55.0,52.0,51.0,48.0,51.0,48.0,59.0,58.0,52.0,48.0
Roosevelt Island,Manhattan,neighborhood,0.0,0.0,0.0,0.0,0.0,0.0,0.0,0.0,0.0,0.0,0.0,0.0,0.0,0.0,0.0,0.0,0.0,0.0,0.0,0.0,0.0,0.0,0.0,0.0,0.0,0.0,0.0,0.0,0.0,0.0,0.0,0.0,0.0,0.0,0.0,0.0,0.0,0.0,0.0,0.0,0.0,0.0,0.0,0.0,0.0,0.0,0.0,0.0,0.0,0.0,0.0,0.0,0.0,0.0,0.0,0.0,0.0,0.0,0.0,0.0,0.0,0.0,0.0,0.0,0.0,0.0,0.0,0.0,0.0,0.0,0.0,0.0,0.0,0.0,0.0,0.0,0.0,0.0,0.0,0.0,0.0,0.0,0.0,0.0,0.0,0.0,0.0,0.0,0.0,0.0,0.0,0.0,0.0,0.0,0.0,0.0,0.0,0.0,0.0,0.0,0.0,0.0,0.0,0.0,0.0,0.0,0.0,0.0,0.0,0.0,0.0,0.0,0.0,0.0,0.0,0.0,0.0,0.0,0.0,0.0,0.0,0.0,0.0,0.0,0.0,0.0,0.0,0.0,0.0,0.0,0.0,0.0,0.0,0.0,0.0,0.0,0.0,0.0,0.0,0.0,0.0,0.0,0.0,0.0,0.0,0.0,0.0,0.0,0.0,0.0,0.0,0.0,0.0,0.0,0.0,0.0,0.0,0.0,0.0,0.0,0.0,0.0,0.0,0.0,0.0,0.0,0.0,0.0,0.0,0.0,0.0,0.0,0.0,0.0,0.0,0.0,0.0,0.0,0.0,0.0,0.0,0.0,0.0,0.0,0.0,0.0,0.0,0.0,0.0,0.0,0.0,0.0,0.0,0.0,0.0,0.0,0.0,0.0,0.0,0.0
Rosedale,Queens,neighborhood,0.0,0.0,0.0,0.0,0.0,0.0,0.0,0.0,0.0,0.0,0.0,0.0,0.0,0.0,0.0,0.0,0.0,0.0,0.0,1.0,1.0,1.0,1.0,1.0,0.0,1.0,2.0,2.0,2.0,2.0,2.0,2.0,2.0,2.0,2.0,2.0,2.0,1.0,1.0,1.0,2.0,2.0,2.0,2.0,2.0,2.0,3.0,5.0,6.0,6.0,6.0,9.0,7.0,8.0,8.0,8.0,8.0,8.0,8.0,7.0,7.0,8.0,11.0,10.0,12.0,10.0,10.0,11.0,11.0,9.0,8.0,6.0,6.0,5.0,6.0,9.0,9.0,10.0,13.0,12.0,10.0,12.0,11.0,13.0,13.0,12.0,17.0,9.0,14.0,17.0,33.0,28.0,11.0,7.0,3.0,5.0,2.0,5.0,11.0,12.0,15.0,14.0,16.0,21.0,22.0,23.0,23.0,18.0,18.0,23.0,20.0,21.0,22.0,17.0,16.0,13.0,15.0,20.0,22.0,21.0,21.0,20.0,20.0,14.0,15.0,14.0,15.0,9.0,10.0,12.0,13.0,13.0,10.0,11.0,11.0,12.0,11.0,7.0,7.0,2.0,3.0,6.0,8.0,6.0,6.0,6.0,5.0,3.0,7.0,10.0,8.0,5.0,9.0,12.0,10.0,9.0,9.0,8.0,8.0,8.0,9.0,5.0,5.0,6.0,9.0,10.0,9.0,7.0,6.0,7.0,9.0,9.0,7.0,7.0,10.0,9.0,6.0,6.0,7.0,7.0,12.0,10.0,13.0,12.0,8.0,9.0,5.0,5.0,4.0,6.0,5.0,5.0,7.0,10.0,7.0,8.0,6.0,7.0,10.0,10.0
Schuylerville,Bronx,neighborhood,1.0,2.0,3.0,3.0,2.0,2.0,2.0,0.0,0.0,0.0,0.0,0.0,0.0,0.0,0.0,2.0,2.0,2.0,4.0,5.0,3.0,3.0,3.0,2.0,2.0,3.0,2.0,2.0,4.0,4.0,6.0,6.0,5.0,3.0,3.0,1.0,2.0,2.0,2.0,2.0,2.0,1.0,0.0,0.0,0.0,0.0,0.0,1.0,1.0,1.0,1.0,1.0,1.0,1.0,1.0,1.0,2.0,2.0,1.0,1.0,1.0,2.0,3.0,3.0,2.0,2.0,1.0,1.0,1.0,1.0,1.0,0.0,0.0,2.0,2.0,2.0,4.0,4.0,3.0,3.0,3.0,2.0,3.0,5.0,5.0,6.0,7.0,4.0,4.0,9.0,12.0,12.0,9.0,7.0,9.0,8.0,6.0,6.0,7.0,10.0,10.0,10.0,8.0,7.0,6.0,5.0,3.0,4.0,6.0,4.0,3.0,7.0,7.0,7.0,10.0,8.0,8.0,8.0,9.0,8.0,8.0,8.0,5.0,4.0,3.0,3.0,6.0,3.0,5.0,4.0,5.0,4.0,4.0,5.0,6.0,7.0,8.0,9.0,11.0,9.0,7.0,7.0,7.0,5.0,9.0,8.0,10.0,8.0,9.0,10.0,10.0,10.0,10.0,10.0,7.0,6.0,8.0,7.0,10.0,7.0,6.0,7.0,7.0,6.0,4.0,5.0,3.0,3.0,3.0,4.0,3.0,4.0,3.0,3.0,4.0,4.0,3.0,3.0,2.0,2.0,3.0,3.0,3.0,3.0,5.0,4.0,6.0,4.0,0.0,0.0,1.0,2.0,2.0,2.0,1.0,0.0,0.0,0.0,1.0,1.0
Seagate,Brooklyn,neighborhood,3.0,3.0,4.0,4.0,3.0,4.0,4.0,3.0,3.0,2.0,2.0,3.0,2.0,2.0,2.0,3.0,5.0,5.0,6.0,6.0,7.0,7.0,8.0,7.0,6.0,6.0,7.0,6.0,6.0,5.0,4.0,3.0,3.0,1.0,1.0,1.0,1.0,1.0,2.0,2.0,4.0,4.0,8.0,8.0,9.0,11.0,9.0,9.0,10.0,10.0,13.0,13.0,13.0,12.0,13.0,12.0,10.0,13.0,12.0,14.0,14.0,13.0,15.0,15.0,14.0,16.0,19.0,20.0,20.0,18.0,15.0,11.0,6.0,6.0,12.0,15.0,23.0,28.0,29.0,29.0,32.0,28.0,24.0,20.0,17.0,16.0,17.0,14.0,16.0,21.0,23.0,24.0,23.0,20.0,22.0,22.0,21.0,16.0,17.0,19.0,22.0,29.0,29.0,27.0,26.0,19.0,20.0,17.0,16.0,17.0,15.0,15.0,20.0,22.0,30.0,35.0,34.0,32.0,31.0,29.0,30.0,22.0,20.0,18.0,18.0,18.0,19.0,17.0,12.0,14.0,12.0,14.0,16.0,12.0,16.0,17.0,18.0,14.0,15.0,17.0,20.0,19.0,17.0,18.0,17.0,15.0,20.0,19.0,16.0,20.0,25.0,22.0,21.0,25.0,25.0,24.0,23.0,22.0,24.0,25.0,18.0,19.0,20.0,20.0,19.0,22.0,21.0,18.0,16.0,14.0,19.0,20.0,24.0,20.0,18.0,17.0,21.0,20.0,18.0,16.0,19.0,19.0,20.0,22.0,20.0,23.0,20.0,24.0,24.0,23.0,20.0,20.0,19.0,15.0,17.0,19.0,21.0,26.0,24.0,23.0
Sheepshead Bay,Brooklyn,neighborhood,25.0,27.0,29.0,35.0,31.0,38.0,35.0,27.0,25.0,30.0,28.0,33.0,33.0,48.0,48.0,51.0,52.0,53.0,52.0,52.0,47.0,52.0,54.0,54.0,42.0,39.0,49.0,48.0,49.0,50.0,48.0,45.0,46.0,42.0,36.0,34.0,35.0,39.0,47.0,45.0,53.0,49.0,46.0,47.0,43.0,48.0,44.0,38.0,42.0,55.0,56.0,62.0,75.0,70.0,67.0,70.0,61.0,66.0,64.0,56.0,57.0,51.0,49.0,58.0,45.0,56.0,53.0,52.0,55.0,59.0,64.0,59.0,54.0,65.0,67.0,72.0,68.0,75.0,76.0,73.0,78.0,84.0,90.0,76.0,67.0,62.0,68.0,72.0,87.0,98.0,101.0,117.0,113.0,127.0,124.0,117.0,112.0,114.0,126.0,122.0,126.0,132.0,136.0,153.0,152.0,150.0,150.0,139.0,150.0,145.0,154.0,166.0,175.0,179.0,170.0,162.0,172.0,173.0,148.0,142.0,126.0,120.0,106.0,90.0,94.0,116.0,126.0,149.0,156.0,168.0,168.0,160.0,147.0,130.0,131.0,136.0,128.0,123.0,127.0,134.0,124.0,141.0,137.0,124.0,103.0,95.0,108.0,110.0,106.0,115.0,119.0,109.0,103.0,115.0,114.0,101.0,97.0,105.0,103.0,90.0,110.0,113.0,109.0,110.0,101.0,109.0,113.0,108.0,102.0,109.0,111.0,108.0,120.0,107.0,119.0,119.0,124.0,128.0,119.0,113.0,103.0,111.0,113.0,108.0,124.0,125.0,136.0,126.0,114.0,117.0,114.0,106.0,99.0,92.0,113.0,116.0,122.0,120.0,118.0,106.0
Soho,Manhattan,neighborhood,5.0,6.0,5.0,4.0,6.0,6.0,5.0,5.0,6.0,6.0,5.0,5.0,5.0,5.0,6.0,6.0,6.0,4.0,4.0,2.0,3.0,2.0,3.0,3.0,4.0,4.0,4.0,2.0,5.0,3.0,3.0,3.0,2.0,2.0,1.0,1.0,2.0,3.0,3.0,3.0,3.0,3.0,3.0,3.0,2.0,3.0,4.0,4.0,5.0,3.0,3.0,2.0,4.0,3.0,3.0,3.0,3.0,3.0,3.0,2.0,1.0,2.0,3.0,7.0,7.0,7.0,7.0,7.0,6.0,7.0,5.0,8.0,3.0,3.0,5.0,5.0,5.0,5.0,3.0,2.0,2.0,1.0,3.0,3.0,3.0,3.0,6.0,6.0,6.0,7.0,4.0,4.0,5.0,7.0,7.0,7.0,7.0,7.0,7.0,6.0,6.0,7.0,5.0,7.0,7.0,7.0,6.0,5.0,5.0,5.0,6.0,7.0,7.0,7.0,7.0,6.0,6.0,5.0,4.0,3.0,3.0,2.0,4.0,3.0,2.0,4.0,3.0,3.0,3.0,5.0,5.0,5.0,4.0,4.0,4.0,5.0,5.0,5.0,5.0,5.0,7.0,7.0,5.0,5.0,4.0,4.0,4.0,3.0,5.0,5.0,6.0,5.0,6.0,6.0,5.0,3.0,2.0,1.0,1.0,2.0,3.0,3.0,3.0,3.0,5.0,5.0,2.0,2.0,3.0,2.0,4.0,4.0,4.0,4.0,3.0,2.0,3.0,3.0,3.0,3.0,2.0,2.0,4.0,4.0,8.0,7.0,7.0,5.0,8.0,8.0,7.0,6.0,6.0,5.0,3.0,2.0,3.0,3.0,2.0,4.0
Soundview,Bronx,neighborhood,2.0,3.0,3.0,3.0,2.0,3.0,3.0,2.0,3.0,3.0,4.0,2.0,1.0,0.0,0.0,0.0,0.0,1.0,1.0,1.0,1.0,1.0,3.0,3.0,3.0,1.0,2.0,2.0,2.0,3.0,4.0,4.0,2.0,2.0,2.0,2.0,1.0,1.0,2.0,4.0,2.0,2.0,2.0,5.0,4.0,8.0,6.0,6.0,6.0,5.0,4.0,3.0,5.0,4.0,3.0,3.0,3.0,5.0,5.0,5.0,3.0,7.0,5.0,7.0,10.0,9.0,10.0,9.0,8.0,5.0,7.0,6.0,7.0,7.0,10.0,8.0,8.0,9.0,10.0,10.0,9.0,9.0,9.0,11.0,15.0,17.0,16.0,12.0,15.0,29.0,37.0,36.0,19.0,18.0,16.0,15.0,12.0,9.0,13.0,13.0,13.0,12.0,15.0,15.0,16.0,16.0,15.0,18.0,21.0,22.0,23.0,17.0,18.0,19.0,16.0,18.0,14.0,12.0,14.0,16.0,22.0,18.0,12.0,13.0,14.0,13.0,10.0,12.0,16.0,12.0,13.0,12.0,17.0,15.0,15.0,17.0,16.0,15.0,13.0,16.0,16.0,13.0,13.0,10.0,9.0,12.0,13.0,12.0,20.0,22.0,19.0,13.0,14.0,16.0,18.0,16.0,14.0,14.0,16.0,11.0,13.0,11.0,11.0,8.0,7.0,7.0,6.0,8.0,10.0,9.0,8.0,8.0,9.0,12.0,14.0,10.0,11.0,7.0,9.0,9.0,6.0,7.0,7.0,5.0,6.0,4.0,3.0,5.0,5.0,6.0,5.0,6.0,4.0,3.0,3.0,4.0,2.0,3.0,5.0,3.0
South Jamaica,Queens,neighborhood,6.0,7.0,7.0,5.0,5.0,9.0,11.0,9.0,7.0,8.0,8.0,9.0,8.0,8.0,7.0,8.0,7.0,11.0,14.0,12.0,15.0,14.0,13.0,16.0,13.0,13.0,12.0,12.0,12.0,11.0,10.0,9.0,6.0,8.0,10.0,10.0,10.0,7.0,8.0,6.0,9.0,10.0,8.0,8.0,9.0,7.0,8.0,6.0,6.0,9.0,7.0,10.0,6.0,9.0,12.0,12.0,12.0,8.0,9.0,9.0,15.0,16.0,18.0,14.0,10.0,11.0,15.0,16.0,8.0,11.0,14.0,14.0,14.0,17.0,21.0,18.0,12.0,11.0,13.0,9.0,14.0,18.0,17.0,17.0,19.0,20.0,19.0,13.0,17.0,54.0,83.0,76.0,43.0,50.0,44.0,45.0,53.0,58.0,63.0,60.0,67.0,72.0,72.0,66.0,70.0,76.0,70.0,60.0,56.0,56.0,68.0,65.0,68.0,60.0,67.0,67.0,67.0,70.0,72.0,64.0,71.0,60.0,53.0,54.0,55.0,58.0,58.0,59.0,51.0,50.0,54.0,52.0,46.0,46.0,45.0,41.0,40.0,47.0,48.0,42.0,42.0,47.0,43.0,42.0,47.0,52.0,54.0,50.0,50.0,52.0,50.0,53.0,59.0,63.0,61.0,63.0,67.0,63.0,60.0,56.0,58.0,57.0,48.0,45.0,39.0,41.0,45.0,47.0,49.0,50.0,50.0,48.0,49.0,43.0,26.0,23.0,25.0,20.0,20.0,19.0,22.0,23.0,23.0,18.0,17.0,25.0,19.0,14.0,17.0,16.0,13.0,18.0,18.0,16.0,16.0,21.0,27.0,30.0,24.0,19.0
South Ozone Park,Queens,neighborhood,1.0,1.0,1.0,1.0,3.0,3.0,3.0,1.0,1.0,0.0,0.0,0.0,0.0,0.0,0.0,0.0,1.0,2.0,3.0,3.0,3.0,1.0,1.0,1.0,1.0,1.0,1.0,1.0,0.0,0.0,0.0,0.0,0.0,0.0,0.0,0.0,1.0,1.0,1.0,1.0,1.0,2.0,3.0,3.0,5.0,6.0,4.0,4.0,4.0,6.0,6.0,5.0,7.0,7.0,6.0,4.0,5.0,5.0,3.0,4.0,4.0,4.0,11.0,9.0,10.0,7.0,11.0,11.0,8.0,7.0,10.0,10.0,11.0,9.0,10.0,12.0,12.0,12.0,11.0,14.0,17.0,13.0,13.0,17.0,16.0,11.0,11.0,15.0,13.0,35.0,42.0,32.0,11.0,10.0,10.0,12.0,11.0,12.0,14.0,13.0,14.0,15.0,16.0,18.0,18.0,15.0,17.0,18.0,22.0,19.0,26.0,25.0,23.0,25.0,28.0,31.0,32.0,34.0,31.0,28.0,23.0,22.0,22.0,20.0,18.0,19.0,14.0,11.0,15.0,20.0,21.0,20.0,21.0,18.0,17.0,18.0,14.0,10.0,14.0,14.0,13.0,13.0,5.0,4.0,12.0,15.0,17.0,17.0,17.0,19.0,19.0,16.0,18.0,18.0,19.0,18.0,16.0,16.0,16.0,17.0,16.0,18.0,18.0,22.0,18.0,16.0,16.0,13.0,13.0,13.0,15.0,13.0,13.0,12.0,10.0,10.0,7.0,8.0,11.0,14.0,11.0,9.0,12.0,14.0,9.0,7.0,6.0,5.0,13.0,15.0,13.0,10.0,8.0,6.0,10.0,11.0,12.0,11.0,13.0,13.0
South Richmond Hill,Queens,neighborhood,1.0,2.0,2.0,2.0,2.0,2.0,2.0,1.0,1.0,0.0,0.0,0.0,0.0,0.0,0.0,0.0,0.0,0.0,1.0,2.0,2.0,2.0,2.0,2.0,2.0,2.0,2.0,2.0,2.0,2.0,2.0,2.0,3.0,3.0,3.0,3.0,3.0,3.0,5.0,5.0,6.0,5.0,3.0,4.0,4.0,5.0,6.0,5.0,5.0,5.0,6.0,4.0,3.0,4.0,4.0,4.0,3.0,3.0,4.0,6.0,5.0,5.0,5.0,6.0,6.0,7.0,8.0,9.0,11.0,11.0,9.0,7.0,4.0,8.0,8.0,7.0,6.0,8.0,9.0,8.0,10.0,10.0,8.0,8.0,9.0,8.0,10.0,8.0,10.0,37.0,41.0,44.0,12.0,10.0,6.0,8.0,7.0,14.0,16.0,14.0,16.0,13.0,12.0,15.0,24.0,27.0,26.0,27.0,26.0,21.0,19.0,16.0,14.0,16.0,21.0,23.0,24.0,17.0,21.0,16.0,23.0,21.0,22.0,21.0,19.0,22.0,20.0,17.0,17.0,15.0,15.0,12.0,9.0,8.0,9.0,8.0,6.0,6.0,8.0,14.0,11.0,13.0,12.0,11.0,9.0,7.0,10.0,8.0,11.0,18.0,15.0,10.0,12.0,15.0,14.0,10.0,10.0,12.0,12.0,13.0,11.0,8.0,12.0,13.0,8.0,11.0,15.0,12.0,10.0,7.0,6.0,6.0,5.0,6.0,7.0,9.0,8.0,10.0,11.0,8.0,8.0,10.0,8.0,11.0,10.0,13.0,15.0,12.0,12.0,11.0,13.0,10.0,11.0,12.0,17.0,18.0,18.0,18.0,15.0,15.0
Springfield Gardens,Queens,neighborhood,2.0,2.0,2.0,3.0,3.0,2.0,2.0,2.0,2.0,3.0,4.0,4.0,4.0,5.0,5.0,4.0,5.0,6.0,8.0,6.0,7.0,7.0,8.0,7.0,9.0,8.0,7.0,6.0,6.0,6.0,7.0,8.0,8.0,10.0,10.0,9.0,10.0,7.0,8.0,8.0,5.0,4.0,3.0,3.0,3.0,3.0,3.0,4.0,6.0,5.0,5.0,5.0,7.0,7.0,7.0,8.0,11.0,9.0,10.0,12.0,14.0,12.0,14.0,14.0,16.0,18.0,16.0,14.0,9.0,11.0,9.0,12.0,11.0,15.0,14.0,15.0,13.0,13.0,11.0,16.0,15.0,20.0,18.0,12.0,13.0,15.0,18.0,18.0,15.0,45.0,52.0,45.0,21.0,19.0,20.0,26.0,29.0,33.0,45.0,45.0,41.0,42.0,42.0,52.0,57.0,65.0,70.0,68.0,73.0,68.0,62.0,64.0,52.0,51.0,47.0,42.0,34.0,41.0,42.0,47.0,47.0,48.0,47.0,40.0,34.0,37.0,41.0,36.0,38.0,42.0,44.0,35.0,34.0,32.0,40.0,35.0,32.0,28.0,31.0,32.0,31.0,30.0,26.0,23.0,24.0,26.0,29.0,35.0,34.0,33.0,33.0,36.0,36.0,40.0,45.0,45.0,46.0,53.0,57.0,53.0,52.0,45.0,43.0,37.0,38.0,42.0,46.0,44.0,39.0,38.0,38.0,32.0,32.0,24.0,18.0,20.0,21.0,18.0,18.0,16.0,17.0,21.0,28.0,26.0,25.0,24.0,23.0,20.0,16.0,10.0,13.0,12.0,14.0,15.0,17.0,18.0,18.0,20.0,14.0,12.0
St. Albans,Queens,neighborhood,9.0,12.0,12.0,12.0,8.0,9.0,11.0,11.0,7.0,9.0,6.0,7.0,6.0,7.0,8.0,5.0,5.0,7.0,11.0,10.0,10.0,12.0,11.0,11.0,11.0,12.0,8.0,7.0,10.0,7.0,6.0,8.0,8.0,7.0,6.0,7.0,8.0,9.0,9.0,10.0,13.0,11.0,14.0,14.0,11.0,11.0,11.0,11.0,10.0,10.0,12.0,10.0,8.0,10.0,11.0,15.0,19.0,19.0,21.0,23.0,24.0,27.0,26.0,28.0,28.0,26.0,29.0,29.0,28.0,33.0,31.0,27.0,29.0,28.0,28.0,25.0,23.0,27.0,25.0,34.0,38.0,37.0,35.0,33.0,26.0,24.0,28.0,27.0,30.0,75.0,94.0,93.0,55.0,54.0,54.0,67.0,80.0,86.0,80.0,81.0,83.0,92.0,109.0,123.0,113.0,127.0,117.0,117.0,122.0,126.0,118.0,114.0,108.0,96.0,95.0,89.0,87.0,85.0,95.0,90.0,91.0,82.0,82.0,69.0,63.0,73.0,68.0,56.0,54.0,58.0,56.0,59.0,56.0,56.0,58.0,54.0,51.0,38.0,42.0,34.0,41.0,49.0,50.0,47.0,54.0,52.0,52.0,48.0,43.0,49.0,49.0,55.0,57.0,55.0,50.0,56.0,56.0,58.0,57.0,43.0,43.0,40.0,40.0,41.0,40.0,34.0,39.0,37.0,38.0,34.0,42.0,43.0,45.0,41.0,30.0,30.0,26.0,27.0,31.0,28.0,34.0,30.0,36.0,36.0,33.0,33.0,32.0,24.0,18.0,19.0,21.0,24.0,24.0,23.0,22.0,15.0,16.0,16.0,18.0,18.0
Staten Island,Staten Island,borough,23.0,23.0,29.0,34.0,31.0,28.0,28.0,29.0,39.0,37.0,39.0,38.0,37.0,30.0,49.0,58.0,56.0,74.0,73.0,51.0,49.0,47.0,39.0,38.0,34.0,32.0,37.0,39.0,44.0,44.0,38.0,1583.0,1846.0,1852.0,1704.0,1506.0,1512.0,1388.0,1388.0,1493.0,1522.0,1520.0,1494.0,1453.0,1460.0,1287.0,1546.0,1356.0,1322.0,1289.0,1419.0,1511.0,1632.0,1667.0,1574.0,1568.0,1612.0,1594.0,1481.0,1628.0,1618.0,1557.0,1691.0,1786.0,1509.0,1377.0,178.0,172.0,160.0,154.0,146.0,120.0,98.0,91.0,100.0,106.0,108.0,111.0,107.0,101.0,108.0,105.0,98.0,95.0,83.0,79.0,98.0,110.0,147.0,257.0,319.0,383.0,382.0,429.0,428.0,402.0,407.0,425.0,447.0,434.0,496.0,559.0,564.0,571.0,562.0,576.0,544.0,481.0,550.0,531.0,578.0,602.0,690.0,713.0,717.0,667.0,625.0,609.0,537.0,455.0,445.0,425.0,401.0,344.0,310.0,330.0,377.0,367.0,368.0,396.0,371.0,334.0,309.0,295.0,318.0,333.0,340.0,351.0,347.0,339.0,334.0,351.0,332.0,280.0,274.0,264.0,295.0,281.0,280.0,312.0,334.0,362.0,371.0,362.0,334.0,315.0,311.0,289.0,305.0,322.0,331.0,332.0,307.0,287.0,271.0,276.0,248.0,225.0,229.0,239.0,250.0,251.0,272.0,243.0,251.0,253.0,266.0,248.0,233.0,202.0,213.0,211.0,245.0,236.0,252.0,265.0,263.0,280.0,293.0,288.0,233.0,213.0,196.0,169.0,192.0,206.0,214.0,210.0,222.0,241.0
Stuyvesant Town/PCV,Manhattan,neighborhood,0.0,0.0,0.0,0.0,0.0,0.0,0.0,0.0,0.0,0.0,0.0,0.0,0.0,0.0,0.0,0.0,0.0,0.0,0.0,0.0,0.0,0.0,0.0,0.0,0.0,0.0,0.0,0.0,0.0,0.0,0.0,0.0,0.0,0.0,0.0,0.0,0.0,0.0,0.0,0.0,0.0,0.0,0.0,0.0,0.0,0.0,0.0,0.0,0.0,0.0,0.0,0.0,0.0,0.0,0.0,0.0,0.0,0.0,0.0,0.0,0.0,0.0,0.0,0.0,0.0,0.0,0.0,0.0,0.0,0.0,0.0,0.0,0.0,0.0,0.0,0.0,0.0,0.0,0.0,0.0,0.0,0.0,0.0,0.0,0.0,0.0,0.0,0.0,0.0,0.0,0.0,0.0,0.0,0.0,0.0,0.0,0.0,0.0,0.0,0.0,0.0,0.0,0.0,0.0,0.0,0.0,0.0,0.0,0.0,0.0,0.0,0.0,0.0,0.0,0.0,0.0,0.0,0.0,0.0,0.0,0.0,0.0,0.0,0.0,0.0,0.0,0.0,0.0,0.0,0.0,0.0,0.0,0.0,0.0,0.0,0.0,0.0,0.0,0.0,0.0,0.0,0.0,0.0,0.0,0.0,0.0,0.0,0.0,0.0,0.0,0.0,0.0,0.0,0.0,0.0,0.0,0.0,0.0,0.0,0.0,0.0,0.0,0.0,0.0,0.0,0.0,0.0,0.0,0.0,0.0,0.0,0.0,0.0,0.0,0.0,0.0,0.0,0.0,0.0,0.0,0.0,0.0,0.0,0.0,0.0,0.0,0.0,0.0,0.0,0.0,0.0,0.0,0.0,0.0,0.0,0.0,0.0,0.0,0.0,0.0
Sunnyside,Queens,neighborhood,0.0,1.0,1.0,2.0,2.0,2.0,1.0,1.0,3.0,4.0,4.0,4.0,4.0,4.0,4.0,3.0,4.0,4.0,4.0,4.0,4.0,2.0,2.0,2.0,2.0,2.0,4.0,4.0,3.0,4.0,3.0,1.0,3.0,3.0,2.0,3.0,1.0,0.0,0.0,1.0,4.0,4.0,3.0,3.0,3.0,3.0,5.0,4.0,2.0,2.0,2.0,1.0,4.0,7.0,6.0,6.0,6.0,6.0,5.0,5.0,3.0,4.0,5.0,6.0,8.0,7.0,7.0,6.0,7.0,10.0,6.0,5.0,3.0,2.0,4.0,5.0,3.0,6.0,6.0,5.0,5.0,5.0,5.0,3.0,4.0,6.0,11.0,10.0,10.0,19.0,18.0,17.0,16.0,15.0,13.0,7.0,11.0,13.0,13.0,13.0,14.0,16.0,18.0,18.0,15.0,19.0,17.0,12.0,9.0,7.0,7.0,9.0,14.0,15.0,13.0,11.0,9.0,9.0,10.0,10.0,11.0,11.0,9.0,9.0,10.0,12.0,15.0,13.0,16.0,16.0,15.0,11.0,11.0,7.0,8.0,11.0,9.0,11.0,10.0,13.0,11.0,13.0,11.0,8.0,6.0,4.0,5.0,11.0,9.0,10.0,13.0,12.0,13.0,12.0,11.0,7.0,8.0,12.0,9.0,10.0,10.0,6.0,9.0,9.0,11.0,13.0,13.0,8.0,8.0,8.0,11.0,9.0,14.0,14.0,13.0,14.0,14.0,16.0,12.0,10.0,11.0,16.0,16.0,20.0,20.0,16.0,16.0,12.0,12.0,13.0,15.0,10.0,8.0,10.0,13.0,13.0,14.0,16.0,15.0,14.0
Sunset Park,Brooklyn,neighborhood,7.0,8.0,10.0,16.0,14.0,15.0,13.0,12.0,14.0,15.0,16.0,15.0,14.0,12.0,12.0,10.0,18.0,17.0,15.0,17.0,17.0,19.0,15.0,17.0,11.0,10.0,12.0,10.0,13.0,13.0,16.0,16.0,13.0,15.0,11.0,10.0,9.0,8.0,9.0,8.0,6.0,7.0,7.0,7.0,6.0,9.0,13.0,10.0,14.0,14.0,17.0,15.0,19.0,17.0,16.0,13.0,16.0,17.0,20.0,20.0,20.0,14.0,12.0,12.0,15.0,20.0,17.0,17.0,19.0,18.0,15.0,16.0,16.0,18.0,20.0,25.0,20.0,25.0,25.0,28.0,28.0,23.0,22.0,22.0,20.0,18.0,25.0,28.0,34.0,42.0,51.0,52.0,51.0,43.0,49.0,47.0,45.0,44.0,52.0,41.0,50.0,52.0,48.0,51.0,44.0,42.0,38.0,39.0,44.0,44.0,56.0,58.0,72.0,76.0,81.0,91.0,81.0,79.0,68.0,59.0,56.0,63.0,61.0,50.0,46.0,51.0,50.0,40.0,48.0,47.0,47.0,49.0,47.0,42.0,45.0,45.0,50.0,52.0,61.0,67.0,70.0,68.0,60.0,63.0,63.0,63.0,73.0,67.0,66.0,64.0,62.0,59.0,59.0,75.0,72.0,73.0,72.0,69.0,81.0,81.0,81.0,88.0,89.0,80.0,74.0,74.0,77.0,72.0,69.0,65.0,65.0,64.0,64.0,67.0,72.0,69.0,65.0,64.0,63.0,60.0,55.0,54.0,62.0,60.0,62.0,55.0,53.0,57.0,56.0,54.0,45.0,42.0,42.0,44.0,48.0,43.0,45.0,50.0,53.0,49.0
Throgs Neck,Bronx,neighborhood,5.0,4.0,5.0,5.0,4.0,2.0,3.0,3.0,3.0,3.0,3.0,1.0,1.0,1.0,2.0,4.0,3.0,3.0,3.0,3.0,1.0,1.0,1.0,1.0,2.0,2.0,3.0,2.0,2.0,1.0,5.0,5.0,4.0,6.0,5.0,6.0,4.0,4.0,2.0,2.0,3.0,3.0,4.0,5.0,5.0,6.0,9.0,9.0,9.0,7.0,9.0,8.0,9.0,10.0,11.0,11.0,6.0,6.0,6.0,6.0,6.0,7.0,8.0,9.0,7.0,8.0,9.0,9.0,5.0,9.0,9.0,7.0,7.0,7.0,6.0,7.0,5.0,12.0,10.0,8.0,14.0,14.0,19.0,20.0,17.0,17.0,14.0,14.0,14.0,38.0,47.0,43.0,13.0,15.0,18.0,20.0,19.0,14.0,13.0,16.0,29.0,29.0,30.0,32.0,32.0,30.0,28.0,28.0,28.0,25.0,19.0,26.0,27.0,30.0,25.0,30.0,31.0,29.0,26.0,25.0,19.0,20.0,18.0,17.0,16.0,20.0,24.0,18.0,20.0,20.0,21.0,18.0,16.0,15.0,23.0,29.0,28.0,26.0,30.0,28.0,24.0,26.0,20.0,17.0,20.0,24.0,31.0,24.0,26.0,32.0,35.0,35.0,39.0,38.0,33.0,28.0,23.0,21.0,15.0,13.0,11.0,10.0,13.0,13.0,15.0,15.0,15.0,16.0,18.0,15.0,13.0,12.0,12.0,13.0,13.0,13.0,21.0,23.0,21.0,21.0,17.0,13.0,14.0,10.0,12.0,12.0,15.0,17.0,16.0,15.0,10.0,12.0,13.0,18.0,14.0,13.0,16.0,12.0,16.0,13.0
Tremont,Bronx,neighborhood,1.0,2.0,2.0,2.0,1.0,1.0,1.0,1.0,1.0,1.0,1.0,1.0,2.0,2.0,2.0,3.0,4.0,2.0,2.0,2.0,1.0,1.0,1.0,1.0,1.0,1.0,1.0,0.0,0.0,0.0,0.0,0.0,1.0,1.0,2.0,2.0,3.0,4.0,4.0,3.0,3.0,3.0,2.0,1.0,1.0,1.0,1.0,1.0,0.0,0.0,0.0,1.0,1.0,0.0,2.0,2.0,3.0,3.0,3.0,1.0,0.0,1.0,1.0,1.0,0.0,2.0,2.0,2.0,2.0,2.0,2.0,0.0,0.0,0.0,1.0,3.0,3.0,5.0,4.0,5.0,5.0,5.0,6.0,6.0,5.0,5.0,7.0,3.0,3.0,5.0,7.0,12.0,12.0,13.0,12.0,12.0,10.0,9.0,9.0,9.0,7.0,6.0,6.0,5.0,3.0,0.0,2.0,2.0,3.0,3.0,4.0,5.0,5.0,4.0,4.0,3.0,2.0,1.0,1.0,2.0,3.0,4.0,4.0,4.0,4.0,3.0,2.0,2.0,2.0,2.0,2.0,3.0,3.0,3.0,5.0,6.0,4.0,5.0,4.0,3.0,3.0,3.0,4.0,4.0,3.0,2.0,1.0,1.0,4.0,6.0,6.0,5.0,6.0,8.0,5.0,5.0,5.0,5.0,3.0,2.0,1.0,3.0,3.0,3.0,3.0,4.0,4.0,5.0,6.0,6.0,5.0,4.0,2.0,3.0,3.0,4.0,6.0,6.0,5.0,4.0,6.0,5.0,6.0,6.0,8.0,5.0,5.0,4.0,5.0,6.0,4.0,6.0,3.0,2.0,2.0,3.0,5.0,3.0,4.0,3.0
Tribeca,Manhattan,neighborhood,9.0,9.0,9.0,10.0,10.0,7.0,8.0,8.0,7.0,7.0,7.0,7.0,9.0,7.0,9.0,8.0,9.0,12.0,14.0,15.0,14.0,11.0,10.0,11.0,10.0,10.0,8.0,9.0,10.0,11.0,11.0,10.0,9.0,8.0,8.0,7.0,5.0,2.0,3.0,5.0,6.0,6.0,9.0,9.0,7.0,8.0,8.0,7.0,8.0,5.0,5.0,7.0,5.0,2.0,2.0,2.0,3.0,6.0,8.0,9.0,8.0,9.0,8.0,10.0,12.0,11.0,9.0,7.0,7.0,10.0,9.0,7.0,10.0,9.0,9.0,10.0,11.0,11.0,12.0,11.0,12.0,11.0,12.0,9.0,7.0,6.0,7.0,6.0,10.0,8.0,7.0,7.0,7.0,7.0,7.0,6.0,7.0,8.0,10.0,10.0,8.0,9.0,7.0,6.0,4.0,4.0,5.0,6.0,6.0,5.0,4.0,5.0,6.0,5.0,2.0,2.0,4.0,3.0,3.0,3.0,3.0,3.0,3.0,2.0,2.0,3.0,4.0,4.0,4.0,3.0,5.0,4.0,6.0,5.0,5.0,6.0,6.0,6.0,5.0,6.0,7.0,8.0,10.0,7.0,8.0,8.0,8.0,7.0,7.0,6.0,5.0,7.0,9.0,11.0,11.0,9.0,8.0,8.0,8.0,6.0,9.0,10.0,10.0,9.0,7.0,8.0,9.0,11.0,10.0,10.0,9.0,10.0,7.0,8.0,9.0,8.0,8.0,7.0,6.0,7.0,6.0,6.0,6.0,5.0,6.0,5.0,3.0,2.0,1.0,5.0,7.0,7.0,6.0,4.0,3.0,3.0,5.0,6.0,7.0,4.0
University Heights,Bronx,neighborhood,0.0,0.0,0.0,0.0,0.0,0.0,0.0,0.0,0.0,0.0,1.0,1.0,1.0,1.0,2.0,2.0,2.0,3.0,3.0,3.0,3.0,2.0,2.0,3.0,3.0,3.0,3.0,4.0,5.0,2.0,2.0,1.0,0.0,1.0,1.0,1.0,1.0,1.0,2.0,2.0,2.0,2.0,2.0,2.0,2.0,1.0,1.0,1.0,1.0,1.0,1.0,2.0,3.0,3.0,0.0,0.0,2.0,3.0,3.0,2.0,3.0,1.0,1.0,1.0,1.0,1.0,1.0,1.0,1.0,2.0,4.0,3.0,2.0,4.0,5.0,6.0,6.0,5.0,4.0,4.0,4.0,3.0,3.0,3.0,3.0,2.0,3.0,3.0,0.0,3.0,6.0,6.0,3.0,3.0,3.0,2.0,2.0,2.0,2.0,4.0,6.0,7.0,7.0,8.0,6.0,5.0,6.0,6.0,6.0,5.0,5.0,5.0,6.0,4.0,4.0,6.0,6.0,5.0,4.0,6.0,4.0,6.0,4.0,4.0,4.0,2.0,1.0,1.0,1.0,1.0,1.0,1.0,1.0,2.0,2.0,2.0,1.0,1.0,1.0,3.0,4.0,4.0,5.0,4.0,3.0,3.0,2.0,3.0,5.0,4.0,3.0,6.0,6.0,6.0,2.0,3.0,5.0,5.0,5.0,5.0,5.0,5.0,4.0,4.0,4.0,4.0,4.0,3.0,3.0,2.0,3.0,3.0,3.0,3.0,2.0,2.0,2.0,1.0,1.0,0.0,2.0,2.0,3.0,4.0,6.0,5.0,4.0,4.0,2.0,3.0,3.0,1.0,0.0,0.0,2.0,3.0,4.0,3.0,5.0,5.0
Upper East Side,Manhattan,neighborhood,92.0,96.0,107.0,106.0,108.0,110.0,106.0,113.0,96.0,99.0,91.0,88.0,78.0,83.0,84.0,80.0,82.0,84.0,80.0,78.0,86.0,80.0,85.0,82.0,82.0,80.0,83.0,83.0,87.0,85.0,86.0,80.0,80.0,85.0,82.0,74.0,74.0,68.0,71.0,78.0,76.0,75.0,69.0,64.0,69.0,76.0,77.0,74.0,77.0,74.0,84.0,87.0,92.0,90.0,87.0,88.0,91.0,97.0,94.0,94.0,93.0,101.0,101.0,107.0,109.0,109.0,104.0,94.0,103.0,107.0,103.0,101.0,95.0,99.0,100.0,106.0,116.0,107.0,100.0,89.0,91.0,100.0,101.0,99.0,93.0,94.0,101.0,113.0,122.0,119.0,112.0,102.0,106.0,105.0,105.0,98.0,97.0,95.0,101.0,108.0,110.0,107.0,103.0,100.0,107.0,118.0,114.0,110.0,110.0,100.0,103.0,110.0,113.0,106.0,109.0,101.0,100.0,106.0,98.0,87.0,87.0,86.0,83.0,77.0,74.0,80.0,92.0,93.0,108.0,110.0,109.0,105.0,92.0,97.0,100.0,110.0,102.0,107.0,100.0,93.0,100.0,99.0,102.0,90.0,80.0,83.0,93.0,94.0,103.0,103.0,104.0,94.0,105.0,115.0,116.0,109.0,117.0,106.0,114.0,122.0,118.0,117.0,104.0,107.0,123.0,121.0,112.0,104.0,104.0,103.0,106.0,121.0,117.0,118.0,113.0,104.0,109.0,99.0,90.0,86.0,88.0,81.0,91.0,109.0,113.0,105.0,96.0,93.0,94.0,92.0,85.0,81.0,83.0,77.0,75.0,79.0,94.0,96.0,92.0,82.0
Upper West Side,Manhattan,neighborhood,61.0,54.0,62.0,60.0,55.0,57.0,56.0,56.0,50.0,45.0,39.0,38.0,39.0,43.0,46.0,46.0,48.0,47.0,40.0,40.0,44.0,45.0,44.0,40.0,42.0,40.0,39.0,37.0,37.0,37.0,36.0,33.0,32.0,32.0,32.0,34.0,41.0,39.0,37.0,39.0,46.0,51.0,46.0,43.0,46.0,44.0,48.0,42.0,45.0,38.0,41.0,44.0,43.0,45.0,41.0,40.0,40.0,42.0,43.0,45.0,41.0,45.0,44.0,45.0,43.0,45.0,45.0,41.0,47.0,47.0,48.0,51.0,55.0,56.0,76.0,66.0,69.0,68.0,63.0,63.0,66.0,62.0,58.0,55.0,55.0,55.0,56.0,57.0,57.0,60.0,54.0,54.0,54.0,56.0,55.0,50.0,50.0,51.0,56.0,60.0,62.0,72.0,69.0,78.0,79.0,77.0,66.0,64.0,68.0,73.0,73.0,83.0,90.0,90.0,94.0,83.0,83.0,77.0,66.0,73.0,53.0,56.0,49.0,44.0,48.0,45.0,48.0,48.0,51.0,61.0,59.0,56.0,61.0,59.0,57.0,55.0,53.0,65.0,60.0,60.0,61.0,62.0,57.0,56.0,53.0,55.0,59.0,72.0,77.0,76.0,71.0,63.0,63.0,60.0,58.0,58.0,49.0,59.0,65.0,68.0,76.0,73.0,70.0,68.0,62.0,58.0,59.0,51.0,50.0,46.0,51.0,48.0,54.0,56.0,58.0,59.0,62.0,66.0,64.0,61.0,59.0,57.0,61.0,62.0,66.0,64.0,58.0,53.0,51.0,57.0,59.0,54.0,62.0,55.0,56.0,58.0,58.0,61.0,61.0,51.0
Utopia,Queens,neighborhood,4.0,3.0,1.0,1.0,0.0,0.0,0.0,0.0,0.0,2.0,1.0,1.0,1.0,1.0,1.0,1.0,1.0,1.0,1.0,0.0,0.0,0.0,0.0,0.0,1.0,0.0,0.0,0.0,1.0,1.0,2.0,2.0,2.0,3.0,3.0,2.0,1.0,2.0,2.0,1.0,2.0,2.0,1.0,0.0,0.0,0.0,0.0,0.0,0.0,0.0,0.0,0.0,0.0,0.0,0.0,0.0,2.0,1.0,0.0,1.0,2.0,1.0,1.0,1.0,1.0,0.0,0.0,0.0,0.0,0.0,1.0,1.0,2.0,2.0,1.0,1.0,1.0,0.0,1.0,2.0,0.0,0.0,0.0,0.0,0.0,1.0,2.0,3.0,6.0,9.0,11.0,8.0,8.0,7.0,6.0,7.0,5.0,6.0,7.0,6.0,6.0,6.0,5.0,5.0,4.0,3.0,3.0,4.0,4.0,3.0,4.0,2.0,4.0,6.0,7.0,7.0,7.0,9.0,10.0,9.0,11.0,14.0,12.0,7.0,6.0,6.0,7.0,7.0,6.0,8.0,6.0,2.0,2.0,6.0,6.0,3.0,4.0,8.0,7.0,7.0,5.0,5.0,2.0,3.0,3.0,3.0,6.0,5.0,3.0,4.0,4.0,3.0,1.0,1.0,2.0,2.0,1.0,1.0,1.0,2.0,2.0,2.0,0.0,1.0,1.0,2.0,3.0,3.0,2.0,3.0,3.0,2.0,2.0,2.0,4.0,3.0,4.0,4.0,2.0,2.0,2.0,3.0,2.0,1.0,2.0,1.0,1.0,1.0,2.0,1.0,1.0,1.0,1.0,1.0,1.0,1.0,1.0,1.0,1.0,0.0
Van Nest,Bronx,neighborhood,1.0,1.0,0.0,1.0,1.0,1.0,1.0,1.0,1.0,1.0,1.0,1.0,1.0,1.0,1.0,1.0,1.0,1.0,0.0,0.0,0.0,0.0,1.0,1.0,1.0,1.0,1.0,1.0,1.0,1.0,1.0,1.0,1.0,1.0,1.0,1.0,1.0,1.0,2.0,2.0,3.0,3.0,2.0,2.0,2.0,5.0,6.0,5.0,5.0,5.0,6.0,6.0,4.0,3.0,3.0,5.0,7.0,6.0,4.0,5.0,5.0,4.0,3.0,2.0,2.0,4.0,5.0,6.0,5.0,5.0,7.0,7.0,4.0,4.0,5.0,6.0,4.0,6.0,3.0,4.0,6.0,8.0,8.0,8.0,8.0,9.0,7.0,5.0,5.0,9.0,13.0,12.0,5.0,6.0,10.0,9.0,9.0,10.0,8.0,8.0,9.0,7.0,5.0,4.0,4.0,3.0,5.0,5.0,4.0,4.0,6.0,8.0,9.0,10.0,9.0,9.0,6.0,8.0,5.0,6.0,7.0,6.0,3.0,2.0,3.0,3.0,3.0,2.0,3.0,6.0,6.0,5.0,5.0,4.0,4.0,3.0,4.0,5.0,8.0,7.0,4.0,4.0,4.0,4.0,4.0,2.0,4.0,2.0,3.0,2.0,3.0,3.0,3.0,5.0,3.0,3.0,4.0,2.0,4.0,4.0,2.0,3.0,4.0,3.0,3.0,2.0,2.0,2.0,3.0,3.0,3.0,2.0,4.0,4.0,4.0,2.0,3.0,2.0,3.0,2.0,4.0,4.0,4.0,3.0,3.0,1.0,2.0,3.0,4.0,3.0,3.0,4.0,4.0,2.0,2.0,1.0,1.0,3.0,7.0,8.0
Wakefield,Bronx,neighborhood,2.0,3.0,2.0,4.0,3.0,2.0,2.0,1.0,1.0,1.0,2.0,1.0,1.0,1.0,6.0,5.0,2.0,3.0,3.0,3.0,3.0,5.0,5.0,5.0,4.0,5.0,4.0,5.0,6.0,5.0,6.0,6.0,5.0,6.0,4.0,5.0,5.0,4.0,4.0,4.0,3.0,2.0,3.0,4.0,5.0,6.0,6.0,6.0,7.0,6.0,6.0,7.0,7.0,4.0,6.0,5.0,10.0,11.0,11.0,11.0,13.0,19.0,22.0,20.0,20.0,23.0,23.0,20.0,19.0,23.0,22.0,15.0,12.0,14.0,14.0,17.0,21.0,18.0,12.0,8.0,10.0,14.0,14.0,16.0,17.0,21.0,19.0,19.0,13.0,27.0,33.0,28.0,14.0,9.0,10.0,10.0,12.0,14.0,16.0,14.0,16.0,19.0,18.0,15.0,19.0,25.0,24.0,30.0,23.0,30.0,36.0,34.0,36.0,38.0,28.0,26.0,25.0,25.0,21.0,21.0,28.0,24.0,20.0,16.0,15.0,13.0,8.0,8.0,5.0,8.0,9.0,7.0,7.0,12.0,15.0,15.0,15.0,17.0,16.0,14.0,17.0,15.0,12.0,14.0,15.0,14.0,15.0,11.0,15.0,17.0,22.0,20.0,18.0,20.0,17.0,17.0,12.0,9.0,7.0,12.0,15.0,15.0,14.0,11.0,7.0,8.0,10.0,12.0,11.0,14.0,15.0,14.0,14.0,17.0,18.0,12.0,9.0,10.0,9.0,11.0,11.0,7.0,8.0,9.0,9.0,8.0,10.0,9.0,10.0,13.0,15.0,10.0,8.0,8.0,9.0,11.0,13.0,8.0,9.0,10.0
Washington Heights,Manhattan,neighborhood,6.0,8.0,9.0,12.0,11.0,12.0,15.0,12.0,12.0,14.0,15.0,12.0,13.0,14.0,18.0,17.0,15.0,19.0,18.0,16.0,17.0,15.0,16.0,15.0,15.0,17.0,17.0,16.0,15.0,14.0,10.0,8.0,9.0,6.0,6.0,5.0,7.0,13.0,16.0,13.0,14.0,12.0,9.0,8.0,8.0,8.0,9.0,7.0,6.0,6.0,7.0,7.0,7.0,6.0,5.0,9.0,10.0,11.0,11.0,11.0,13.0,13.0,10.0,10.0,11.0,8.0,8.0,6.0,5.0,5.0,7.0,5.0,3.0,6.0,10.0,8.0,9.0,9.0,9.0,8.0,8.0,6.0,7.0,7.0,6.0,5.0,7.0,8.0,11.0,13.0,12.0,11.0,11.0,10.0,12.0,10.0,9.0,10.0,11.0,9.0,8.0,9.0,12.0,14.0,12.0,12.0,10.0,8.0,7.0,10.0,11.0,12.0,10.0,9.0,10.0,8.0,9.0,7.0,8.0,8.0,5.0,6.0,6.0,6.0,8.0,9.0,7.0,7.0,7.0,9.0,10.0,9.0,7.0,7.0,9.0,7.0,9.0,9.0,9.0,13.0,18.0,20.0,19.0,16.0,14.0,11.0,12.0,13.0,19.0,17.0,19.0,21.0,17.0,16.0,14.0,11.0,8.0,11.0,13.0,17.0,16.0,12.0,9.0,9.0,11.0,9.0,8.0,8.0,8.0,10.0,9.0,11.0,12.0,15.0,16.0,15.0,15.0,15.0,13.0,9.0,6.0,6.0,8.0,11.0,14.0,11.0,9.0,10.0,12.0,12.0,13.0,13.0,14.0,14.0,15.0,16.0,15.0,16.0,15.0,14.0
West Harlem,Manhattan,neighborhood,0.0,0.0,1.0,1.0,1.0,1.0,3.0,3.0,2.0,2.0,2.0,2.0,2.0,2.0,1.0,2.0,0.0,0.0,0.0,0.0,0.0,0.0,0.0,0.0,0.0,0.0,0.0,0.0,0.0,0.0,0.0,0.0,0.0,0.0,0.0,0.0,0.0,0.0,0.0,0.0,0.0,0.0,0.0,0.0,0.0,0.0,0.0,0.0,0.0,0.0,0.0,0.0,1.0,2.0,2.0,1.0,1.0,0.0,0.0,0.0,0.0,0.0,0.0,0.0,0.0,0.0,0.0,0.0,0.0,0.0,0.0,0.0,0.0,0.0,0.0,0.0,0.0,0.0,0.0,0.0,0.0,0.0,0.0,0.0,0.0,0.0,0.0,0.0,0.0,0.0,0.0,0.0,0.0,0.0,0.0,0.0,0.0,0.0,0.0,0.0,0.0,0.0,0.0,0.0,0.0,0.0,0.0,0.0,0.0,0.0,0.0,0.0,0.0,0.0,0.0,0.0,0.0,0.0,0.0,0.0,0.0,0.0,0.0,0.0,0.0,0.0,0.0,0.0,0.0,0.0,0.0,0.0,0.0,0.0,0.0,0.0,0.0,0.0,0.0,0.0,0.0,0.0,0.0,0.0,0.0,2.0,2.0,2.0,2.0,2.0,2.0,2.0,2.0,2.0,2.0,0.0,0.0,0.0,0.0,0.0,0.0,0.0,0.0,0.0,0.0,0.0,0.0,0.0,0.0,0.0,0.0,0.0,0.0,0.0,0.0,0.0,0.0,0.0,0.0,0.0,0.0,0.0,0.0,0.0,0.0,0.0,0.0,0.0,0.0,0.0,0.0,0.0,0.0,0.0,0.0,0.0,0.0,0.0,0.0,0.0
West Village,Manhattan,neighborhood,33.0,32.0,31.0,37.0,38.0,41.0,38.0,39.0,40.0,36.0,31.0,29.0,28.0,34.0,35.0,34.0,39.0,44.0,47.0,41.0,47.0,51.0,50.0,46.0,44.0,46.0,49.0,46.0,47.0,42.0,39.0,43.0,49.0,42.0,38.0,33.0,30.0,32.0,30.0,33.0,38.0,43.0,40.0,35.0,42.0,37.0,36.0,28.0,23.0,23.0,31.0,33.0,36.0,41.0,38.0,32.0,36.0,39.0,35.0,32.0,32.0,27.0,23.0,27.0,28.0,24.0,24.0,21.0,25.0,24.0,24.0,27.0,25.0,23.0,23.0,24.0,28.0,27.0,28.0,26.0,23.0,30.0,29.0,26.0,28.0,31.0,30.0,32.0,34.0,36.0,34.0,28.0,34.0,36.0,38.0,33.0,30.0,28.0,32.0,35.0,40.0,41.0,41.0,36.0,47.0,46.0,40.0,38.0,37.0,34.0,29.0,31.0,32.0,29.0,29.0,28.0,29.0,32.0,30.0,30.0,31.0,35.0,37.0,31.0,29.0,31.0,33.0,33.0,38.0,35.0,35.0,32.0,35.0,38.0,41.0,38.0,36.0,36.0,38.0,33.0,34.0,29.0,27.0,25.0,24.0,29.0,29.0,29.0,31.0,30.0,23.0,20.0,32.0,30.0,26.0,26.0,22.0,23.0,30.0,35.0,36.0,36.0,31.0,27.0,29.0,39.0,33.0,33.0,33.0,33.0,37.0,39.0,40.0,36.0,33.0,31.0,35.0,36.0,37.0,30.0,24.0,34.0,36.0,36.0,34.0,31.0,26.0,20.0,26.0,29.0,23.0,19.0,14.0,18.0,18.0,24.0,22.0,23.0,21.0,15.0
Westchester Village,Bronx,neighborhood,0.0,1.0,1.0,1.0,1.0,1.0,1.0,0.0,0.0,0.0,0.0,0.0,0.0,0.0,0.0,0.0,0.0,0.0,0.0,0.0,0.0,0.0,0.0,0.0,0.0,0.0,0.0,0.0,0.0,0.0,0.0,0.0,0.0,0.0,0.0,0.0,0.0,0.0,0.0,0.0,0.0,0.0,3.0,3.0,3.0,4.0,4.0,4.0,2.0,1.0,1.0,0.0,0.0,0.0,0.0,0.0,1.0,1.0,1.0,1.0,0.0,1.0,1.0,1.0,1.0,1.0,0.0,1.0,2.0,2.0,2.0,2.0,3.0,3.0,2.0,1.0,1.0,1.0,1.0,1.0,2.0,2.0,2.0,2.0,1.0,1.0,0.0,1.0,1.0,8.0,8.0,6.0,2.0,2.0,2.0,0.0,1.0,2.0,4.0,2.0,1.0,2.0,4.0,4.0,3.0,3.0,3.0,2.0,2.0,5.0,5.0,6.0,7.0,5.0,4.0,5.0,5.0,6.0,4.0,3.0,5.0,5.0,6.0,5.0,6.0,5.0,6.0,5.0,2.0,1.0,0.0,0.0,0.0,0.0,0.0,0.0,1.0,1.0,1.0,2.0,3.0,3.0,1.0,2.0,1.0,1.0,1.0,1.0,0.0,0.0,0.0,0.0,0.0,0.0,0.0,1.0,2.0,2.0,2.0,3.0,3.0,0.0,0.0,0.0,1.0,1.0,1.0,1.0,1.0,1.0,2.0,1.0,1.0,1.0,1.0,1.0,1.0,2.0,2.0,2.0,3.0,2.0,3.0,4.0,4.0,3.0,3.0,4.0,4.0,3.0,2.0,2.0,2.0,1.0,1.0,3.0,1.0,1.0,1.0,1.0
Whitestone,Queens,neighborhood,12.0,11.0,11.0,8.0,7.0,10.0,13.0,10.0,10.0,10.0,9.0,15.0,15.0,14.0,12.0,15.0,19.0,21.0,21.0,18.0,20.0,25.0,26.0,26.0,26.0,24.0,21.0,23.0,23.0,21.0,22.0,22.0,22.0,22.0,23.0,23.0,20.0,17.0,13.0,13.0,16.0,12.0,13.0,16.0,16.0,14.0,16.0,14.0,14.0,20.0,27.0,34.0,42.0,36.0,38.0,37.0,39.0,34.0,23.0,21.0,24.0,25.0,21.0,29.0,34.0,29.0,32.0,32.0,34.0,33.0,28.0,28.0,28.0,30.0,37.0,48.0,45.0,48.0,47.0,46.0,45.0,49.0,49.0,29.0,28.0,27.0,30.0,27.0,32.0,62.0,78.0,78.0,52.0,50.0,43.0,40.0,39.0,40.0,40.0,47.0,52.0,51.0,51.0,46.0,45.0,50.0,42.0,40.0,36.0,39.0,48.0,63.0,57.0,58.0,63.0,56.0,53.0,58.0,43.0,42.0,44.0,46.0,55.0,52.0,49.0,42.0,60.0,56.0,52.0,55.0,47.0,44.0,45.0,40.0,40.0,34.0,36.0,40.0,38.0,35.0,34.0,28.0,29.0,23.0,24.0,25.0,27.0,24.0,30.0,35.0,41.0,41.0,43.0,39.0,41.0,32.0,33.0,29.0,35.0,29.0,27.0,26.0,31.0,36.0,37.0,41.0,43.0,32.0,27.0,32.0,30.0,35.0,38.0,34.0,28.0,31.0,33.0,39.0,38.0,31.0,30.0,25.0,33.0,30.0,31.0,32.0,40.0,38.0,38.0,33.0,24.0,27.0,28.0,28.0,35.0,42.0,41.0,41.0,43.0,43.0
Williamsbridge,Bronx,neighborhood,1.0,1.0,2.0,2.0,2.0,1.0,0.0,0.0,0.0,0.0,0.0,1.0,0.0,1.0,1.0,2.0,3.0,3.0,3.0,3.0,3.0,5.0,8.0,8.0,8.0,7.0,9.0,9.0,7.0,7.0,10.0,8.0,7.0,4.0,4.0,4.0,3.0,3.0,3.0,3.0,3.0,2.0,1.0,2.0,2.0,5.0,5.0,6.0,5.0,5.0,3.0,1.0,2.0,1.0,4.0,6.0,10.0,10.0,12.0,8.0,7.0,10.0,10.0,9.0,10.0,11.0,11.0,10.0,13.0,12.0,15.0,11.0,11.0,12.0,11.0,11.0,9.0,9.0,9.0,13.0,19.0,21.0,23.0,23.0,20.0,18.0,17.0,13.0,14.0,30.0,33.0,34.0,18.0,18.0,14.0,12.0,12.0,11.0,13.0,15.0,18.0,23.0,26.0,30.0,29.0,35.0,33.0,33.0,29.0,28.0,27.0,20.0,24.0,22.0,23.0,29.0,28.0,25.0,19.0,17.0,18.0,21.0,22.0,19.0,17.0,16.0,17.0,13.0,19.0,22.0,25.0,29.0,30.0,31.0,31.0,23.0,19.0,19.0,18.0,17.0,19.0,17.0,21.0,19.0,16.0,17.0,16.0,14.0,13.0,18.0,14.0,14.0,11.0,11.0,9.0,12.0,14.0,12.0,12.0,9.0,9.0,10.0,11.0,9.0,10.0,12.0,11.0,9.0,9.0,9.0,8.0,8.0,12.0,12.0,13.0,12.0,8.0,7.0,8.0,7.0,10.0,13.0,13.0,12.0,13.0,13.0,18.0,13.0,15.0,15.0,13.0,15.0,12.0,13.0,11.0,5.0,8.0,11.0,12.0,11.0
Williamsburg,Brooklyn,neighborhood,23.0,22.0,23.0,26.0,17.0,19.0,23.0,21.0,23.0,25.0,24.0,27.0,30.0,35.0,38.0,40.0,37.0,35.0,35.0,33.0,27.0,21.0,23.0,26.0,20.0,21.0,21.0,26.0,27.0,28.0,26.0,24.0,23.0,22.0,16.0,16.0,15.0,12.0,13.0,18.0,21.0,18.0,22.0,28.0,32.0,36.0,35.0,33.0,29.0,24.0,31.0,29.0,31.0,32.0,35.0,34.0,37.0,35.0,35.0,32.0,38.0,44.0,56.0,54.0,54.0,52.0,49.0,38.0,41.0,41.0,40.0,35.0,31.0,38.0,49.0,46.0,47.0,46.0,53.0,53.0,59.0,56.0,52.0,59.0,58.0,51.0,50.0,49.0,46.0,51.0,62.0,59.0,58.0,53.0,55.0,47.0,55.0,55.0,59.0,56.0,49.0,58.0,52.0,49.0,54.0,54.0,56.0,52.0,60.0,55.0,52.0,54.0,53.0,53.0,52.0,48.0,53.0,61.0,65.0,59.0,53.0,43.0,35.0,31.0,31.0,42.0,45.0,45.0,52.0,61.0,59.0,60.0,49.0,50.0,44.0,45.0,50.0,47.0,43.0,47.0,52.0,49.0,47.0,39.0,29.0,24.0,30.0,32.0,42.0,43.0,41.0,40.0,40.0,42.0,40.0,34.0,31.0,26.0,25.0,28.0,34.0,32.0,30.0,30.0,28.0,34.0,38.0,32.0,32.0,33.0,39.0,39.0,41.0,41.0,41.0,41.0,47.0,46.0,38.0,31.0,30.0,28.0,36.0,37.0,38.0,43.0,44.0,43.0,41.0,40.0,40.0,33.0,36.0,33.0,33.0,39.0,39.0,39.0,35.0,28.0
Windsor Terrace,Brooklyn,neighborhood,13.0,19.0,16.0,18.0,20.0,22.0,21.0,18.0,20.0,16.0,15.0,12.0,10.0,10.0,15.0,13.0,10.0,11.0,10.0,9.0,13.0,13.0,16.0,15.0,15.0,17.0,17.0,16.0,15.0,11.0,12.0,13.0,16.0,18.0,12.0,9.0,4.0,6.0,6.0,5.0,8.0,6.0,5.0,6.0,7.0,10.0,8.0,9.0,8.0,7.0,7.0,9.0,10.0,13.0,10.0,8.0,12.0,14.0,12.0,10.0,10.0,12.0,16.0,15.0,12.0,13.0,15.0,15.0,16.0,16.0,12.0,9.0,9.0,7.0,8.0,12.0,20.0,21.0,19.0,17.0,17.0,21.0,20.0,17.0,17.0,16.0,18.0,16.0,27.0,25.0,17.0,13.0,17.0,19.0,18.0,14.0,14.0,15.0,21.0,29.0,29.0,25.0,24.0,21.0,27.0,30.0,26.0,19.0,18.0,14.0,12.0,23.0,24.0,21.0,19.0,19.0,26.0,27.0,22.0,22.0,17.0,15.0,12.0,9.0,9.0,16.0,21.0,23.0,27.0,20.0,22.0,18.0,15.0,17.0,14.0,18.0,14.0,13.0,12.0,15.0,22.0,23.0,18.0,15.0,12.0,14.0,20.0,23.0,27.0,32.0,32.0,28.0,27.0,32.0,28.0,17.0,16.0,16.0,20.0,25.0,24.0,22.0,18.0,14.0,17.0,23.0,19.0,15.0,12.0,11.0,11.0,11.0,13.0,15.0,14.0,14.0,26.0,28.0,22.0,16.0,18.0,19.0,21.0,17.0,16.0,14.0,15.0,15.0,23.0,27.0,19.0,13.0,10.0,8.0,13.0,19.0,19.0,16.0,14.0,12.0
Woodhaven,Queens,neighborhood,8.0,8.0,9.0,8.0,7.0,7.0,4.0,5.0,4.0,4.0,5.0,6.0,4.0,4.0,4.0,6.0,7.0,7.0,8.0,6.0,5.0,6.0,7.0,8.0,8.0,8.0,7.0,7.0,6.0,6.0,7.0,6.0,5.0,5.0,5.0,4.0,4.0,4.0,6.0,4.0,4.0,2.0,2.0,3.0,3.0,4.0,3.0,3.0,3.0,5.0,4.0,2.0,4.0,2.0,2.0,4.0,9.0,7.0,9.0,6.0,6.0,4.0,5.0,6.0,8.0,6.0,10.0,11.0,13.0,13.0,12.0,8.0,12.0,13.0,12.0,13.0,12.0,14.0,13.0,14.0,16.0,14.0,12.0,14.0,13.0,15.0,16.0,17.0,20.0,46.0,65.0,68.0,32.0,27.0,24.0,23.0,26.0,27.0,35.0,34.0,40.0,35.0,41.0,42.0,46.0,46.0,50.0,44.0,46.0,39.0,33.0,41.0,41.0,48.0,43.0,39.0,35.0,36.0,31.0,25.0,35.0,37.0,31.0,25.0,30.0,28.0,30.0,31.0,35.0,41.0,34.0,29.0,27.0,25.0,25.0,27.0,28.0,27.0,29.0,26.0,28.0,30.0,24.0,21.0,22.0,19.0,17.0,22.0,31.0,31.0,33.0,35.0,39.0,43.0,40.0,36.0,32.0,34.0,27.0,29.0,31.0,30.0,24.0,25.0,25.0,30.0,26.0,22.0,20.0,24.0,24.0,28.0,34.0,30.0,34.0,26.0,26.0,25.0,19.0,15.0,18.0,19.0,24.0,31.0,32.0,28.0,29.0,21.0,25.0,27.0,20.0,14.0,15.0,13.0,15.0,16.0,12.0,12.0,15.0,17.0
Woodlawn,Bronx,neighborhood,0.0,0.0,0.0,0.0,0.0,0.0,0.0,0.0,0.0,0.0,0.0,0.0,1.0,1.0,1.0,1.0,1.0,1.0,2.0,1.0,1.0,1.0,1.0,0.0,0.0,0.0,1.0,1.0,1.0,1.0,2.0,1.0,0.0,0.0,0.0,0.0,0.0,0.0,0.0,0.0,1.0,1.0,1.0,1.0,0.0,0.0,0.0,0.0,0.0,1.0,1.0,0.0,0.0,0.0,0.0,0.0,0.0,0.0,0.0,0.0,0.0,0.0,0.0,0.0,0.0,1.0,1.0,1.0,1.0,1.0,1.0,1.0,1.0,1.0,1.0,0.0,0.0,0.0,0.0,0.0,0.0,0.0,0.0,0.0,0.0,0.0,0.0,1.0,2.0,4.0,8.0,7.0,1.0,1.0,1.0,0.0,0.0,1.0,1.0,0.0,0.0,0.0,1.0,1.0,2.0,2.0,0.0,0.0,0.0,0.0,1.0,1.0,2.0,1.0,2.0,2.0,1.0,1.0,1.0,0.0,1.0,0.0,0.0,0.0,0.0,1.0,1.0,1.0,1.0,1.0,1.0,1.0,2.0,1.0,0.0,1.0,1.0,1.0,1.0,0.0,1.0,1.0,2.0,3.0,2.0,2.0,3.0,3.0,4.0,3.0,4.0,4.0,4.0,1.0,2.0,2.0,2.0,1.0,2.0,0.0,0.0,2.0,1.0,0.0,0.0,2.0,1.0,1.0,1.0,1.0,4.0,2.0,1.0,1.0,1.0,0.0,0.0,0.0,0.0,0.0,0.0,0.0,0.0,0.0,1.0,3.0,3.0,1.0,3.0,2.0,2.0,1.0,0.0,0.0,0.0,2.0,4.0,2.0,6.0,5.0
Woodside,Queens,neighborhood,0.0,0.0,0.0,0.0,2.0,4.0,3.0,3.0,3.0,2.0,2.0,1.0,1.0,1.0,1.0,3.0,5.0,5.0,3.0,4.0,5.0,5.0,5.0,5.0,4.0,4.0,3.0,3.0,3.0,5.0,4.0,2.0,1.0,1.0,1.0,1.0,1.0,1.0,0.0,1.0,3.0,3.0,3.0,3.0,1.0,1.0,2.0,3.0,4.0,6.0,6.0,7.0,7.0,6.0,5.0,4.0,2.0,3.0,2.0,3.0,4.0,5.0,4.0,2.0,1.0,1.0,1.0,1.0,2.0,2.0,2.0,0.0,1.0,2.0,3.0,3.0,7.0,5.0,7.0,7.0,6.0,5.0,5.0,2.0,3.0,2.0,3.0,3.0,5.0,23.0,35.0,35.0,20.0,21.0,19.0,19.0,16.0,12.0,19.0,21.0,20.0,30.0,34.0,29.0,30.0,33.0,31.0,25.0,21.0,15.0,16.0,22.0,25.0,26.0,23.0,23.0,23.0,27.0,26.0,21.0,22.0,20.0,15.0,11.0,13.0,11.0,12.0,13.0,15.0,20.0,19.0,18.0,20.0,20.0,19.0,20.0,18.0,17.0,18.0,16.0,19.0,22.0,23.0,25.0,26.0,22.0,23.0,22.0,22.0,23.0,24.0,26.0,31.0,28.0,22.0,20.0,16.0,17.0,20.0,19.0,14.0,19.0,28.0,27.0,27.0,25.0,22.0,19.0,21.0,21.0,19.0,20.0,24.0,25.0,25.0,30.0,34.0,32.0,30.0,29.0,33.0,25.0,28.0,32.0,37.0,36.0,27.0,29.0,29.0,26.0,23.0,21.0,26.0,26.0,27.0,25.0,26.0,23.0,21.0,14.0
Woodstock,Bronx,neighborhood,1.0,1.0,1.0,1.0,1.0,1.0,0.0,0.0,0.0,0.0,1.0,1.0,1.0,1.0,2.0,2.0,2.0,2.0,4.0,2.0,3.0,3.0,5.0,5.0,4.0,3.0,2.0,3.0,2.0,2.0,2.0,3.0,6.0,4.0,3.0,3.0,2.0,2.0,2.0,1.0,1.0,1.0,2.0,2.0,2.0,2.0,1.0,1.0,1.0,1.0,1.0,1.0,1.0,1.0,1.0,1.0,1.0,1.0,0.0,0.0,0.0,2.0,3.0,0.0,0.0,0.0,0.0,0.0,1.0,1.0,2.0,1.0,0.0,2.0,5.0,6.0,4.0,4.0,5.0,5.0,2.0,1.0,1.0,2.0,2.0,2.0,3.0,3.0,1.0,2.0,1.0,2.0,3.0,4.0,3.0,3.0,3.0,2.0,3.0,2.0,2.0,1.0,1.0,2.0,2.0,3.0,4.0,4.0,4.0,5.0,3.0,7.0,9.0,8.0,6.0,6.0,4.0,2.0,2.0,1.0,0.0,0.0,0.0,0.0,0.0,0.0,0.0,0.0,2.0,2.0,2.0,4.0,4.0,4.0,3.0,4.0,3.0,2.0,3.0,2.0,2.0,3.0,4.0,3.0,4.0,4.0,3.0,3.0,4.0,5.0,5.0,4.0,6.0,8.0,7.0,5.0,6.0,4.0,2.0,3.0,4.0,3.0,4.0,6.0,5.0,4.0,6.0,5.0,7.0,4.0,7.0,7.0,6.0,5.0,6.0,7.0,7.0,4.0,4.0,2.0,2.0,2.0,4.0,4.0,4.0,3.0,2.0,2.0,1.0,0.0,0.0,2.0,3.0,3.0,3.0,4.0,4.0,4.0,3.0,2.0
