bbl,borough,zipcode,pairs,influence,absolute_outcome_weight,absolute_influence
3013940005,3,11213,1,0.001445370592122552,0.0009187278237508978,0.001445370592122552
4135730003,4,11422,1,-0.0012643705628946485,0.001273739336619842,0.0012643705628946485
4161100062,4,11693,1,-0.0012573569716475036,0.0008599548786492074,0.0012573569716475036
2046510071,2,10467,1,-0.0011805515780115173,0.0008857313480575344,0.0011805515780115173
4033820049,4,11385,1,-0.001084086180690432,0.001135737986411949,0.001084086180690432
4032660043,4,11375,1,0.001014435361655151,0.0007500276440864229,0.001014435361655151
4054890048,4,11358,1,0.0009924379632193084,0.0009649515123619958,0.0009924379632193084
3030440033,3,11206,1,-0.0009672586339631594,0.0011227154010355206,0.0009672586339631594
3057060054,3,11219,1,-0.0009471041406234771,0.0008281911094664592,0.0009471041406234771
3059680019,3,11209,1,-0.0009316947411903251,0.0008288713374888804,0.0009316947411903251
4094370008,4,11419,1,-0.0009191209076418619,0.0010206275463812958,0.0009191209076418619
3085350002,3,11234,1,-0.0009105582934852738,0.0010509690461844579,0.0009105582934852738
4014950025,4,11373,1,0.0009030247243617241,0.0012126480559756599,0.0009030247243617241
2054390049,2,10465,1,0.000871742009357155,0.0009860986089402469,0.000871742009357155
4140700082,4,11414,1,0.0008050749197079317,0.0008917255255010521,0.0008050749197079317
4075230034,4,11364,1,-0.0008027635703266187,0.0011165511695888754,0.0008027635703266187
4051090130,4,11355,1,0.0008026516418332512,0.0007642678394073352,0.0008026516418332512
4027490009,4,11378,1,0.0007874929912516995,0.000864659423137165,0.0007874929912516995
4048260031,4,11354,1,0.0007512507061484059,0.001136953609021182,0.0007512507061484059
3010180067,3,11215,1,0.0007479226894241791,0.0007363990444974787,0.0007479226894241791
4068470009,4,11366,1,-0.0007391901106505383,0.0008516160512169465,0.0007391901106505383
4031820022,4,11375,1,0.000737185802621105,0.0009424153863342901,0.000737185802621105
3018350036,3,11221,1,0.0007290185763924555,0.0009950182533224644,0.0007290185763924555
2058261666,2,10471,1,-0.0007283470120576935,0.0008677880623105638,0.0007283470120576935
3012600129,3,11216,1,-0.0007246147856176491,0.000630634218944045,0.0007246147856176491
4088500058,4,11421,1,0.0007228553545861082,0.0009752974146558736,0.0007228553545861082
4048690011,4,11354,1,0.0007100857425292781,0.0006312105163019589,0.0007100857425292781
3050110029,3,11210,1,-0.0007004200301319021,0.0008293146820317205,0.0007004200301319021
4099400086,4,11432,1,-0.0006744425027369,0.0006281877496871055,0.0006744425027369
4052820015,4,11358,1,0.0006736178796802803,0.0007420954369309206,0.0006736178796802803
3063920052,3,11228,1,0.0006677167371858613,0.0006633701152112241,0.0006677167371858613
4072360033,4,11432,1,-0.0006583476691893281,0.0007055829495404979,0.0006583476691893281
4039160002,4,11356,1,0.000653281881785378,0.0007357558531512407,0.000653281881785378
4056620033,4,11365,1,0.0006513722290005818,0.001030864216815499,0.0006513722290005818
3062440014,3,11228,1,0.0006509254264390296,0.0009523746090507756,0.0006509254264390296
4130990037,4,11413,1,-0.0006502748024469413,0.0009526501523836495,0.0006502748024469413
4060990001,4,11361,1,0.0006392750976814925,0.0007387160740315642,0.0006392750976814925
4040830005,4,11356,1,0.0006377757231086906,0.0007643831395850259,0.0006377757231086906
4064150012,4,11355,1,0.0006360989539421262,0.000934601210604644,0.0006360989539421262
4117910095,4,11420,1,-0.0006330260814717965,0.0006193672438659925,0.0006330260814717965
4060270038,4,11361,1,-0.0006308717080601158,0.0009840512425604469,0.0006308717080601158
3018270087,3,11216,1,0.000626124398647241,0.0009416568154587517,0.000626124398647241
3060290025,3,11228,1,0.0006206722100039547,0.0007174761856960389,0.0006206722100039547
4024040217,4,11378,1,-0.0006160787525359439,0.0005311672885834212,0.0006160787525359439
3059700014,3,11209,1,0.000604740491750396,0.0007633443314149285,0.000604740491750396
4047420047,4,11357,1,0.0006043247483361342,0.0010151992631179348,0.0006043247483361342
3032530040,3,11221,1,0.0005973730368830913,0.0008411767555891179,0.0005973730368830913
3003790016,3,11231,1,0.0005959122781553262,0.0007540731662376906,0.0005959122781553262
3034720020,3,11207,1,-0.0005929021194043978,0.0006887973771853241,0.0005929021194043978
4074560030,4,11364,1,0.0005911901292834407,0.000920574618701319,0.0005911901292834407
4070730048,4,11365,1,0.0005902530304529357,0.0008502896689467508,0.0005902530304529357
3018560060,3,11216,1,-0.0005869996718154736,0.0008815655671406846,0.0005869996718154736
4092780079,4,11418,1,0.0005867932156503617,0.0008486909756478554,0.0005867932156503617
3034380037,3,11207,1,-0.0005821416819463766,0.0008640094507636687,0.0005821416819463766
3062890030,3,11214,1,0.0005812847275747694,0.0006324808243246697,0.0005812847275747694
4024910029,4,11378,1,0.0005723680199718075,0.0007041777179233675,0.0005723680199718075
3035540029,3,11212,1,-0.0005709279959068864,0.0007396997303882098,0.0005709279959068864
4075240032,4,11364,1,0.0005695821426641246,0.0008984916027234549,0.0005695821426641246
3012170077,3,11216,1,0.0005689462100223765,0.0009076442174528352,0.0005689462100223765
4035280063,4,11385,1,0.000565118524989408,0.0006369866518414319,0.000565118524989408
4093000099,4,11418,1,0.0005556982918085564,0.0005911019375298073,0.0005556982918085564
2031710018,2,10453,1,0.0005528035984045431,0.0005474926590105567,0.0005528035984045431
3073720065,3,11229,1,0.0005300783143110844,0.0009938497646089781,0.0005300783143110844
3008730019,3,11215,1,0.0005255755377702768,0.0010435057901777777,0.0005255755377702768
4073060029,4,11361,1,0.0005216768094703978,0.0013305015334318837,0.0005216768094703978
3071080026,3,11223,1,-0.0005181853152738478,0.000711467089072181,0.0005181853152738478
4091290057,4,11417,1,0.0005136650621622359,0.0007485509457001513,0.0005136650621622359
2055010020,2,10465,1,0.000510342543165527,0.0010095432714938683,0.000510342543165527
4038440037,4,11385,1,0.0005075571702692647,0.0006751976007184402,0.0005075571702692647
2028920008,2,10457,1,-0.000506411758489,0.0008285499921791095,0.000506411758489
4056910061,4,11365,1,0.0005054344350532175,0.0005446095713232136,0.0005054344350532175
2058750928,2,10471,1,-0.0004948125830869289,0.001126581427319476,0.0004948125830869289
4048410022,4,11354,1,0.0004920064505636802,0.0007270856149386018,0.0004920064505636802
2058570356,2,10471,1,0.0004909942863444398,0.000821873365827068,0.0004909942863444398
4040060012,4,11356,1,0.00048193429102222156,0.0007323330235951099,0.00048193429102222156
4055410031,4,11358,1,0.000477819512568742,0.0007716598638951936,0.000477819512568742
3042050025,3,11208,1,0.0004760371313333373,0.0008194697815949959,0.0004760371313333373
3017760038,3,11206,1,-0.00047447484616074494,0.0005774323045704408,0.00047447484616074494
4100750110,4,11435,1,0.0004703817769042635,0.000888700525868877,0.0004703817769042635
2028920016,2,10457,1,-0.00046960337376140206,0.0005931435641016137,0.00046960337376140206
3088160035,3,11229,1,0.00046930473227605027,0.0006820161549952361,0.00046930473227605027
3010530035,3,11215,1,0.00046512284339138624,0.0008311604882142513,0.00046512284339138624
3012490034,3,11213,1,-0.00045882729565332347,0.0006916655981967342,0.00045882729565332347
4048370020,4,11354,1,0.00045630959146030457,0.000669140614314548,0.00045630959146030457
4141830004,4,11414,1,0.0004556810923046417,0.0007489450620898257,0.0004556810923046417
3078010010,3,11234,1,0.000452655689223227,0.0008270566107466918,0.000452655689223227
3066100065,3,11230,1,-0.00045016396156345533,0.0005105076525496906,0.00045016396156345533
3010550144,3,11215,1,-0.00044798164235374286,0.001141193434860364,0.00044798164235374286
2047730043,2,10469,1,0.0004450756853970195,0.0006627747989901424,0.0004450756853970195
4062520012,4,11361,1,0.0004431393245740463,0.0007160128193970816,0.0004431393245740463
4058930017,4,11360,1,0.0004359048984457931,0.0005942066690984651,0.0004359048984457931
3077040064,3,11234,1,0.0004341600146963684,0.0006286377061822827,0.0004341600146963684
3018170029,3,11216,1,-0.00043376289750413457,0.0008397894959834938,0.00043376289750413457
4054230060,4,11358,1,0.00042997515247920404,0.0007393693023682216,0.00042997515247920404
3084480063,3,11234,1,0.00042494372674387835,0.0007656279325644318,0.00042494372674387835
3072010026,3,11235,1,0.0004236987620101533,0.0008544556827403512,0.0004236987620101533
3077940054,3,11234,1,0.000420884160268677,0.0006073857305472982,0.000420884160268677
3056960063,3,11219,1,0.00041961321433780813,0.0008156218283958221,0.00041961321433780813
2028670137,2,10453,1,0.00041945150621179887,0.0006694353860271537,0.00041945150621179887
4132380009,4,11422,1,-0.00041918034365768934,0.00044842518129008626,0.00041918034365768934
2041630002,2,10461,1,0.000418473040261229,0.0006099758405777292,0.000418473040261229
4106920053,4,11427,2,0.0004164546715407138,0.0012625692379505163,0.0004164546715407138
3026180023,3,11222,1,-0.0004158402078955282,0.000669614629433916,0.0004158402078955282
4105010015,4,11423,1,-0.00041001575411540284,0.0005961120591732521,0.00041001575411540284
4031870026,4,11375,1,0.00040865263032550725,0.0007394018681813367,0.00040865263032550725
4121870049,4,11434,1,0.0004086149227498859,0.0009827517518276284,0.0004086149227498859
4031810010,4,11375,1,-0.0004083215726920263,0.00035717137017038185,0.0004083215726920263
4011220045,4,11370,1,0.00040794750197199324,0.0008384696809210041,0.00040794750197199324
3013990018,3,11233,1,-0.0004053746411568178,0.001084436095805793,0.0004053746411568178
4023660005,4,11378,1,0.0004014681618466461,0.0007549657394144902,0.0004014681618466461
4027740029,4,11378,1,0.00040091996324452387,0.0006682086316529357,0.00040091996324452387
3009820073,3,11215,1,-0.00039776141721749834,0.0009282115441533959,0.00039776141721749834
3062020034,3,11228,1,0.0003968106313266709,0.00030015929943320407,0.0003968106313266709
4035010014,4,11385,1,-0.00039468087813152063,0.0009837205786445858,0.00039468087813152063
4035620050,4,11385,1,0.0003945159742235593,0.0007826889979306629,0.0003945159742235593
4067230047,4,11355,2,0.00039450590393464834,0.0006484302452870976,0.00039450590393464834
3012160078,3,11213,1,-0.0003943731708970788,0.00038832606498224683,0.0003943731708970788
4104380031,4,11412,1,0.00039052953559466587,0.0009124226278981438,0.00039052953559466587
3017100030,3,11233,1,-0.00039048427876616496,0.0010030031861187453,0.00039048427876616496
3054530036,3,11219,1,0.0003867113875767153,0.00108881160707264,0.0003867113875767153
3013630005,3,11213,1,-0.00038638750847911946,0.0008667449987808845,0.00038638750847911946
3015720037,3,11233,1,-0.00038586206214405737,0.0013455797585274884,0.00038586206214405737
4093370067,4,11418,1,0.0003837871457854177,0.0006610999920609105,0.0003837871457854177
3015020058,3,11233,1,0.00038321458950692125,0.0007504386212838795,0.00038321458950692125
2034360108,2,10473,1,-0.0003801709084993316,0.0006958853905506669,0.0003801709084993316
4135950055,4,11422,1,0.0003796024538654352,0.0008395781995571231,0.0003796024538654352
4055140064,4,11358,1,-0.00037905506686849186,0.0008192202784925576,0.00037905506686849186
3049380023,3,11203,1,0.0003781971868600137,0.0007031754261481232,0.0003781971868600137
4095760039,4,11419,1,0.00037620997106545885,0.0005835612615924333,0.00037620997106545885
3010180061,3,11215,1,-0.00037493018481655495,0.0007443703464996596,0.00037493018481655495
3086190025,3,11234,1,-0.00037461320308668314,0.0008602045925864406,0.00037461320308668314
3009980021,3,11215,1,-0.0003739995922212928,0.0007762122828450465,0.0003739995922212928
4141860036,4,11414,1,0.00037334064227230966,0.0005708932459698246,0.00037334064227230966
4017150067,4,11368,1,0.0003705967320534504,0.0008730393718780498,0.0003705967320534504
3009740045,3,11215,1,0.0003702810662650522,0.00027306733841291823,0.0003702810662650522
4118080052,4,11420,1,0.0003689393167365403,0.0006455101591855352,0.0003689393167365403
4089860014,4,11421,1,0.0003687902512488567,0.0007823659348756141,0.0003687902512488567
3066040034,3,11204,1,0.0003685639998501123,0.0007513508165413821,0.0003685639998501123
3083570048,3,11234,1,0.00036680680101311517,0.0007890844434300041,0.00036680680101311517
4062390037,4,11361,1,0.0003642085299716596,0.0008186443009594764,0.0003642085299716596
3012120021,3,11216,1,-0.0003637049000900487,0.000861345424846405,0.0003637049000900487
4067290034,4,11365,1,0.00036341492004614317,0.0007269327053967128,0.00036341492004614317
3017860015,3,11221,1,-0.00036308360191132324,0.0005978464567473001,0.00036308360191132324
3016640033,3,11233,1,0.0003616460787768085,0.0009717622165091565,0.0003616460787768085
4071260016,4,11365,1,0.0003611582578045003,0.0008843173140984696,0.0003611582578045003
4097350011,4,11432,1,-0.0003603408758553796,0.0007947292962659936,0.0003603408758553796
2057400318,2,10463,1,0.0003601330883384365,0.0005037824422139622,0.0003601330883384365
3059470069,3,11209,1,-0.0003593470606761686,0.0006546691362200127,0.0003593470606761686
3081620020,3,11236,1,-0.0003589105388656499,0.0006194028108769552,0.0003589105388656499
3013630018,3,11233,1,0.0003567982121044626,0.0010886796792275106,0.0003567982121044626
3042900050,3,11208,1,0.0003564865488370921,0.0008973095298647944,0.0003564865488370921
3010520050,3,11215,1,-0.0003562462292153841,0.0005559664269616339,0.0003562462292153841
4129050003,4,11413,1,-0.00035590651765052744,0.0005223560470662394,0.00035590651765052744
2050580093,2,10466,1,-0.00035581248293662347,0.0005939944623057406,0.00035581248293662347
3018240033,3,11216,1,-0.0003555665993537454,0.0003711227395273417,0.0003555665993537454
3078170133,3,11234,1,0.0003538933059329981,0.0007507894606877474,0.0003538933059329981
2043980006,2,10469,1,-0.0003524104049281712,0.0011192244002704824,0.0003524104049281712
2048530064,2,10466,1,-0.00035184533903782433,0.0009602662816991844,0.00035184533903782433
4073080037,4,11361,1,0.0003512000684477207,0.0007188660983544446,0.0003512000684477207
3039790038,3,11207,1,-0.00034913320758124197,0.0010569904387630748,0.00034913320758124197
4030540017,4,11379,1,-0.0003489292936333463,0.0006282112433679192,0.0003489292936333463
4097080020,4,11435,1,0.0003442388718369949,0.0004898521527777021,0.0003442388718369949
4135800009,4,11422,1,-0.0003422020661882159,0.0004784558855891989,0.0003422020661882159
3063990014,3,11214,1,-0.00034200737096157496,0.0006862652986937785,0.00034200737096157496
4068470022,4,11366,1,-0.00034004987843375676,0.0008590351151071317,0.00034004987843375676
3033520015,3,11221,1,0.0003395852243283835,0.0007907212594576865,0.0003395852243283835
4100030091,4,11435,1,-0.00033851855110674455,0.0007113660967991208,0.00033851855110674455
2030550029,2,10458,1,0.0003373676430858865,0.0011858824271867728,0.0003373676430858865
4157370065,4,11691,1,-0.000336300225889357,0.0005998712088512283,0.000336300225889357
4098790050,4,11432,1,0.00033291003114396426,0.0006308173331458386,0.00033291003114396426
3076730015,3,11234,1,-0.00033094978415152884,0.0006174396815029929,0.00033094978415152884
3070860007,3,11223,1,-0.0003303166228923834,0.0008029991419927933,0.0003303166228923834
4046990013,4,11357,1,0.0003297243700528424,0.0012655541681969586,0.0003297243700528424
3076410070,3,11210,1,-0.0003277763353686267,0.0007347233541471583,0.0003277763353686267
3015140126,3,11233,1,-0.00032746444377733684,0.00108854344850181,0.00032746444377733684
4097360134,4,11435,1,-0.00032538328418318984,0.00044099290690253784,0.00032538328418318984
2048460057,2,10466,1,-0.0003253773907500312,0.0005870483573193684,0.0003253773907500312
3062230062,3,11228,1,0.00032347736107369245,0.0006323792128257791,0.00032347736107369245
3018220043,3,11216,1,-0.0003234665009848275,0.0005361070043065477,0.0003234665009848275
3062600043,3,11214,1,0.0003232273758489042,0.0004739535074710109,0.0003232273758489042
4161390034,4,11693,1,-0.0003219514533822181,0.0006515900770027995,0.0003219514533822181
4027430056,4,11378,1,0.00032123995815719065,0.0004941242475768957,0.00032123995815719065
3015390020,3,11233,1,0.00032027772820327773,0.0007599003032732847,0.00032027772820327773
3012840068,3,11213,1,0.0003186992236886006,0.0005454392728965982,0.0003186992236886006
3009870018,3,11215,1,0.0003169451158417725,0.00032163515891790387,0.0003169451158417725
4057350016,4,11357,1,0.00031613313899435646,0.0005424316741998699,0.00031613313899435646
4099650001,4,11432,1,-0.0003161010493851126,0.00040501275465937303,0.0003161010493851126
3056120015,3,11219,1,-0.0003159156046434589,0.0005083745515610756,0.0003159156046434589
3010390033,3,11215,1,0.0003152098831036318,0.0007044344847196919,0.0003152098831036318
3080160070,3,11236,1,0.0003131234576898211,0.0011726360600272392,0.0003131234576898211
3070750009,3,11223,1,-0.00031200185270769196,0.0005982462087513751,0.00031200185270769196
4094100029,4,11419,1,-0.0003105330849771434,0.0007379647263305943,0.0003105330849771434
3066910019,3,11230,1,0.0003105187363756649,0.0008351260375145642,0.0003105187363756649
4060370027,4,11361,1,0.000309490383004453,0.00045291964620243865,0.000309490383004453
2044510010,2,10469,1,-0.00030797640488136694,0.0011066798320324852,0.00030797640488136694
3050370043,3,11225,1,0.00030641729670580415,0.0006788887214238591,0.00030641729670580415
3050300029,3,11225,1,-0.0003063092568414511,0.0008239498476423703,0.0003063092568414511
3053710063,3,11218,1,0.00030600372740728144,0.0007297237115919941,0.00030600372740728144
4044090028,4,11354,1,0.0003059359200872335,0.00026736762632318696,0.0003059359200872335
3032540134,3,11221,1,-0.00030551864861808823,0.001302311334122383,0.00030551864861808823
3054230012,3,11230,1,-0.000304953607784301,0.0003476282913907513,0.000304953607784301
3012970005,3,11225,1,0.00030425692930200415,0.0007476628070852178,0.00030425692930200415
3065050029,3,11230,1,0.00030403893764922646,0.0007130095711119757,0.00030403893764922646
3051020107,3,11226,2,0.00030403629461576325,0.0006659425344234416,0.00030403629461576325
3033220001,3,11221,1,0.00030403331361104034,0.00018630866261747745,0.00030403331361104034
3071460024,3,11223,1,-0.0003036008536599314,0.0008190595232086681,0.0003036008536599314
3018410076,3,11216,1,0.000303484655010108,0.00029377730918261127,0.000303484655010108
2053750080,2,10461,1,0.00030324247734303045,0.0006266209700122815,0.00030324247734303045
3067870039,3,11229,1,0.00030312018000580576,0.00039556478123225954,0.00030312018000580576
2048970080,2,10466,1,0.0003026198991127614,0.0007484679887178952,0.0003026198991127614
4108620022,4,11423,1,0.00030108240128806125,0.00044931655815304874,0.00030108240128806125
4078320083,4,11364,1,0.00030103434941247225,0.0005668766764693944,0.00030103434941247225
3013480049,3,11213,1,0.00030101841580524295,0.0009757075992506595,0.00030101841580524295
4128250106,4,11411,1,-0.0003004375801098525,0.0008713348902178455,0.0003004375801098525
4118220027,4,11420,1,0.00029977092003619977,0.0011465188549549907,0.00029977092003619977
3071560063,3,11223,1,-0.0002997388423031526,0.0008477039473690137,0.0002997388423031526
4069360025,4,11365,1,-0.00029937452904000585,0.0006420695279124238,0.00029937452904000585
4082860130,4,11362,1,0.0002992077229651569,0.0005185520507780822,0.0002992077229651569
4060120009,4,11360,1,-0.00029584509120753803,0.0008823571848006377,0.00029584509120753803
3052680051,3,11218,1,0.00029543979248983785,0.0009225597055380697,0.00029543979248983785
4127580174,4,11411,1,0.0002946109533276294,0.0007717966391667212,0.0002946109533276294
3058880012,3,11209,1,0.0002939019905256177,0.0007256872216653493,0.0002939019905256177
3033820060,3,11221,1,-0.0002927586439181579,0.00024338056996108204,0.0002927586439181579
3078980034,3,11234,1,0.0002925648649814898,0.0005345449666889698,0.0002925648649814898
3024250038,3,11211,1,0.0002925438884184647,0.0007493415443562239,0.0002925438884184647
3054660014,3,11204,1,0.00029208069066472643,0.00039825512891154244,0.00029208069066472643
3052850023,3,11218,1,0.0002880062118459292,0.00045383865838392775,0.0002880062118459292
4120060006,4,11436,1,-0.0002876983317904735,0.0005814104550716273,0.0002876983317904735
4038270064,4,11385,1,-0.0002872551709201307,0.0008852141429999667,0.0002872551709201307
3025990011,3,11222,1,-0.000286262534869451,0.0005832249449417319,0.000286262534869451
3053910035,3,11218,1,0.0002862338502767378,0.00046955203764604403,0.0002862338502767378
3055110008,3,11204,1,0.0002856389281476788,0.00047453134082511606,0.0002856389281476788
3056740013,3,11219,1,0.00028481521681059465,0.0005455467591709152,0.00028481521681059465
3044970051,3,11208,1,0.00028401387001525386,0.0007610366181483834,0.00028401387001525386
2034360111,2,10473,1,-0.00028246844376611735,0.0008950754039568799,0.00028246844376611735
3076940003,3,11234,1,0.00028166647719951934,0.0006054523288565453,0.00028166647719951934
4026910018,4,11378,1,0.0002802013549138761,0.0008223386229083672,0.0002802013549138761
3013190075,3,11225,1,-0.00028006356528617696,0.0008189975008142468,0.00028006356528617696
4162480009,4,11694,1,0.00027828492337000183,0.0004431109072722693,0.00027828492337000183
3058790067,3,11228,1,-0.00027793709703119885,0.0003358497943279464,0.00027793709703119885
3061990053,3,11228,1,0.00027707313201796613,0.0007586613211676915,0.00027707313201796613
3013570030,3,11233,1,-0.0002761250367523123,0.0009229026089233337,0.0002761250367523123
4033020122,4,11375,1,-0.000275045278501636,0.0002458400744152866,0.000275045278501636
2042210020,2,10461,1,-0.000273132760124573,0.000853319368592146,0.000273132760124573
4129590031,4,11413,1,-0.0002730012403972047,0.0009123183352702151,0.0002730012403972047
3071750067,3,11223,1,0.0002728949097106824,0.0006709722184742594,0.0002728949097106824
3057600051,3,11219,1,0.000272547065115485,0.0006735661965790431,0.000272547065115485
4011220053,4,11370,1,0.000272453626914794,0.0007900731069112214,0.000272453626914794
4038200007,4,11385,1,0.0002724458299953895,0.0006399283992026423,0.0002724458299953895
3027650029,3,11211,1,-0.0002715922630745815,0.0006323972453531224,0.0002715922630745815
4037150001,4,11385,1,-0.00026955488886140356,0.0009603925939645425,0.00026955488886140356
3070850003,3,11223,1,-0.0002691471940610412,0.0009690923911204589,0.0002691471940610412
2039760044,2,10461,1,0.00026897907743153273,0.0004914773464484467,0.00026897907743153273
3086150027,3,11234,1,-0.00026821157285610085,0.000720828616575287,0.00026821157285610085
3076220026,3,11210,1,-0.0002677332967110812,0.0009965799673401594,0.0002677332967110812
3055000006,3,11204,1,0.0002673092806741666,0.0008132135973987694,0.0002673092806741666
3058950018,3,11228,1,0.0002670925460163666,0.0002833172295295546,0.0002670925460163666
3059240041,3,11228,1,-0.0002668103720818919,0.0005355388749186695,0.0002668103720818919
4056450001,4,11365,1,0.0002668000425957796,0.0004971917255507209,0.0002668000425957796
4045630053,4,11357,1,-0.00026601249312351136,0.0008204424193720607,0.00026601249312351136
2028790007,2,10453,1,0.0002658401033668466,0.0007697786791731162,0.0002658401033668466
4083950178,4,11362,1,-0.00026572940720721893,0.0007780523132322466,0.00026572940720721893
3080850065,3,11236,1,-0.00026496343298455837,0.0008050393168257163,0.00026496343298455837
3008750045,3,11215,1,0.00026462850737168453,0.0004685330241665087,0.00026462850737168453
3016780006,3,11233,1,-0.0002626193231095748,0.0008212351579329632,0.0002626193231095748
4161370047,4,11693,1,0.0002618408608959743,0.00044413033453204285,0.0002618408608959743
3081730057,3,11236,1,-0.0002613818104435886,0.000428767328851037,0.0002613818104435886
4008080058,4,11105,1,-0.0002604297410701793,0.0009582110268632111,0.0002604297410701793
4017150013,4,11368,1,-0.0002598274777171595,0.0012091356231464941,0.0002598274777171595
4120710027,4,11436,2,0.0002597242437236561,0.0008507937522445465,0.0002597242437236561
3063740067,3,11214,1,0.0002584507153322422,0.001126983593900282,0.0002584507153322422
3012090017,3,11216,1,-0.00025758153871314647,0.0005409797245158629,0.00025758153871314647
4068000001,4,11365,1,-0.0002560521678339954,0.00046663215722448953,0.0002560521678339954
3007680046,3,11220,1,-0.00025498943747565765,0.0012398601487642884,0.00025498943747565765
3048140060,3,11225,1,-0.0002548857900502114,0.0004309945363231546,0.0002548857900502114
4130220115,4,11413,1,0.0002540787678865558,0.0004901481644297575,0.0002540787678865558
4038430021,4,11385,1,-0.00025389834571735065,0.000305257575380136,0.00025389834571735065
4082330421,4,11362,1,0.0002533102355873355,0.0009896724440392542,0.0002533102355873355
4122850034,4,11434,1,-0.00025276852600590865,0.0006092167678288083,0.00025276852600590865
4110230031,4,11412,1,0.0002524703743283424,0.0005732737837936783,0.0002524703743283424
4111280023,4,11429,1,0.0002520308222311393,0.0005612275189833931,0.0002520308222311393
4129840034,4,11434,1,0.0002518813210517737,0.0003867172348879967,0.0002518813210517737
3062030023,3,11204,1,0.0002517955472569711,0.0006158311156828823,0.0002517955472569711
4044330048,4,11357,1,-0.0002515042165327683,0.0010096511450415988,0.0002515042165327683
4027140012,4,11378,1,-0.0002505771402169978,0.0005140805359934364,0.0002505771402169978
3016050029,3,11221,1,0.00024974875104599633,0.000591638471186436,0.00024974875104599633
3015730030,3,11233,1,0.0002485595010595335,0.00029930271238247694,0.0002485595010595335
3066610055,3,11223,1,0.00024777898927788567,0.0008682896931335797,0.00024777898927788567
4131430075,4,11413,1,-0.00024681791897945935,0.0006572610915367256,0.00024681791897945935
2050510065,2,10466,1,0.0002458384160369547,0.0006982506017677503,0.0002458384160369547
3008310008,3,11220,1,0.00024501910310373526,0.0007860829932882458,0.00024501910310373526
3043120015,3,11208,1,-0.00024418972285549407,0.000720515339739005,0.00024418972285549407
4030960074,4,11374,1,-0.00024354094928611832,0.0003127412409345946,0.00024354094928611832
3016780092,3,11233,1,-0.0002430932694959177,0.0006949585220467529,0.0002430932694959177
3066840037,3,11223,1,-0.00024286909602377877,0.0005634676702203492,0.00024286909602377877
2030470009,2,10457,1,0.00024284459701515816,0.00046226937764175073,0.00024284459701515816
2028800175,2,10453,1,0.00024102288289083626,0.000611300306272913,0.00024102288289083626
4131040043,4,11413,1,0.00024098566004185487,0.0005442116874091084,0.00024098566004185487
3016470052,3,11221,1,-0.00024033200927930218,0.0006456142476750149,0.00024033200927930218
3008480024,3,11220,1,-0.00024031803997659698,0.0003341086883923185,0.00024031803997659698
4048890055,4,11358,1,0.00023990678902443608,0.0006441483271929767,0.00023990678902443608
3052030049,3,11226,1,-0.00023928184888292287,0.0007610778149513926,0.00023928184888292287
3003760039,3,11231,1,0.00023899101568913752,0.0008457897482435194,0.00023899101568913752
4094340053,4,11419,1,0.00023899098451062427,0.0003836859594815458,0.00023899098451062427
3084110031,3,11234,1,0.00023880160054716383,0.0006035079928349304,0.00023880160054716383
4102720011,4,11433,1,0.0002382695167549825,0.0004552269519718639,0.0002382695167549825
3052230050,3,11210,1,0.00023725091968937898,0.0003824282514559488,0.00023725091968937898
2041980020,2,10461,1,0.00023647907249909288,0.0006101718961010917,0.00023647907249909288
3013780018,3,11213,1,0.00023646441883673665,0.0008595837437490999,0.00023646441883673665
3078950024,3,11234,1,0.00023359272352520602,0.0006847138136028674,0.00023359272352520602
4162680063,4,11694,1,0.0002330412044927284,0.0006346805546454534,0.0002330412044927284
3040130109,3,11207,1,-0.00023298276984827965,0.0007885805624171661,0.00023298276984827965
3010480040,3,11215,1,-0.00023296051630197697,0.0008710461731352811,0.00023296051630197697
3078570015,3,11234,1,0.00023260380815987827,0.0009855834637928118,0.00023260380815987827
3071040338,3,11223,1,-0.00023142855797389348,0.000373646695052164,0.00023142855797389348
3055400058,3,11204,1,-0.00023138463515561436,0.0007436619608626934,0.00023138463515561436
3060590047,3,11209,1,-0.00023003864641842729,0.000801104613069353,0.00023003864641842729
4057350001,4,11357,1,-0.0002287560313110392,0.00041601225347579916,0.0002287560313110392
3031730036,3,11206,2,-0.0002285077091103762,0.0005051324580780289,0.0002285077091103762
4101210068,4,11433,1,0.00022816026565200022,0.0006445458490832779,0.00022816026565200022
4063270030,4,11361,1,-0.00022789842411805595,0.00042014547806073745,0.00022789842411805595
3056960062,3,11219,1,-0.00022689937625621013,0.000484386444246648,0.00022689937625621013
3074220112,3,11235,1,-0.00022628356891960357,0.0006516667707343332,0.00022628356891960357
2058851239,2,10471,1,0.000226165959381562,0.0005114250834162107,0.000226165959381562
4051480046,4,11355,1,-0.0002259265507391649,0.0007364026619100559,0.0002259265507391649
3015940050,3,11206,1,0.0002255225445638321,0.00033855725906582545,0.0002255225445638321
3052670029,3,11218,1,0.0002254500001696724,0.0006541539667832985,0.0002254500001696724
4110650058,4,11412,1,-0.00022472293400670678,0.0005926022306755336,0.00022472293400670678
3056750029,3,11219,1,-0.00022458942947597125,0.00037713367542618746,0.00022458942947597125
3039830007,3,11207,1,0.00022414853735346576,0.00020939109767022227,0.00022414853735346576
4083050073,4,11362,1,0.00022401261278974575,0.00039358619662225615,0.00022401261278974575
4093220028,4,11418,1,-0.0002235049776794467,0.00039312700962245155,0.0002235049776794467
4163030001,4,11694,1,-0.00022329489502916788,0.000578140226200698,0.00022329489502916788
3050870073,3,11226,1,-0.0002225421283302729,0.00029044221896408224,0.0002225421283302729
3026560022,3,11222,1,0.00022230468094429695,0.0003140890910273066,0.00022230468094429695
2035960022,2,10473,1,0.00022202760001429565,0.0004042755185205692,0.00022202760001429565
3077180057,3,11234,1,-0.00022162605633207832,0.0007219804665756194,0.00022162605633207832
3062700061,3,11228,1,0.00022124147345232263,0.0004450217352813294,0.00022124147345232263
4089760044,4,11421,1,-0.0002196888438080529,0.0008981605760071292,0.0002196888438080529
3061960017,3,11204,2,0.00021930474037421915,0.0002777455429591251,0.00021930474037421915
2054060142,2,10465,1,-0.00021781265163174995,0.0004994422487921858,0.00021781265163174995
4095920034,4,11419,1,0.00021766487648486294,0.000765556063004372,0.00021766487648486294
4122990029,4,11434,1,-0.000217218356802207,0.0004086270569389937,0.000217218356802207
4073660046,4,11364,1,-0.00021662849961924735,0.0009887430754727013,0.00021662849961924735
3053530011,3,11218,1,-0.00021557959075497188,0.0008689916294182588,0.00021557959075497188
3073710027,3,11229,1,0.00021533699721017964,0.0005858479248046827,0.00021533699721017964
3024870029,3,11222,1,0.00021436969103610953,0.0004390803469680995,0.00021436969103610953
3009980064,3,11215,1,0.00021391587501150638,0.0006563381035962686,0.00021391587501150638
3062000045,3,11228,1,-0.00021363280154357902,0.000627836838615035,0.00021363280154357902
4123140144,4,11434,1,0.00021342000311059446,0.00033227968244156744,0.00021342000311059446
4108270004,4,11423,1,-0.00021214013018780535,0.0005093313305170502,0.00021214013018780535
3082420004,3,11236,1,-0.0002118453010205632,0.0009046264816613874,0.0002118453010205632
3032750022,3,11221,1,-0.00021136951950480011,0.00027043483470954113,0.00021136951950480011
4120400129,4,11436,1,-0.0002106672945377487,0.00049102824786233,0.0002106672945377487
4017850007,4,11368,1,0.00021030741488432846,0.0006596759791547499,0.00021030741488432846
4083490080,4,11362,1,0.00020993870009052435,0.0011236427957927917,0.00020993870009052435
3079040064,3,11234,1,0.00020967291678739247,0.0009239162189238862,0.00020967291678739247
3013120013,3,11213,1,-0.0002087868421930226,0.0006656338352446103,0.0002087868421930226
4023410102,4,11377,1,-0.00020862702082879905,0.0006678687424399553,0.00020862702082879905
3082030070,3,11236,1,-0.00020803592678841828,0.0004508673186576902,0.00020803592678841828
3039960022,3,11207,1,-0.00020743326643933032,0.0003614546460473491,0.00020743326643933032
3067870041,3,11229,1,-0.00020732324955093415,0.0006013689537992402,0.00020732324955093415
4068590026,4,11432,1,0.00020686568032800555,0.0003937386496606786,0.00020686568032800555
3071040452,3,11223,1,0.0002066802305751726,0.00035395094754663025,0.0002066802305751726
3073730012,3,11229,1,-0.0002057215400895219,0.0002837505081161954,0.0002057215400895219
4095910061,4,11419,1,-0.00020521781317136292,0.0006530488718257645,0.00020521781317136292
2037590067,2,10472,1,0.00020519287869106935,0.0005362609578038919,0.00020519287869106935
4054260028,4,11358,1,-0.00020418124388054722,0.0009274304766972536,0.00020418124388054722
4060540022,4,11360,1,-0.00020399494653788728,0.000394322937821276,0.00020399494653788728
3003330006,3,11231,1,-0.00020353943385603023,0.0007787037847970457,0.00020353943385603023
4110630045,4,11412,1,-0.00020316727187024182,0.0005830998813370186,0.00020316727187024182
3062040048,3,11204,1,-0.0002024817406032009,0.0005541730521483013,0.0002024817406032009
3032950132,3,11221,1,-0.00020212689007193787,0.0003428363963794223,0.00020212689007193787
4065340010,4,11367,1,-0.00020211478518328163,0.0005660239420427047,0.00020211478518328163
4054520019,4,11355,1,0.00020126231410238485,0.0004318631185868863,0.00020126231410238485
4017150030,4,11368,1,0.0002006448382723034,0.00042626340058930063,0.0002006448382723034
4073100113,4,11361,1,-0.00020062813566603166,0.0009079740990705178,0.00020062813566603166
4032990031,4,11375,1,-0.00020041432248498302,0.0004237239963521183,0.00020041432248498302
4015860036,4,11373,1,0.00019954895784245465,0.0009019311757097026,0.00019954895784245465
4073780047,4,11364,1,0.0001992592557812186,0.000615715370296018,0.0001992592557812186
2048390001,2,10466,1,-0.0001992353562175315,0.0008155257496341294,0.0001992353562175315
4046250066,4,11357,1,0.00019920164610212293,0.0007269812491946959,0.00019920164610212293
2045580043,2,10469,1,-0.0001985112875521375,0.0006902897370629283,0.0001985112875521375
2056040059,2,10465,1,0.00019841088351319115,0.0007495356772446931,0.00019841088351319115
3035250017,3,11212,1,-0.00019760587471371986,0.00034145078491475887,0.00019760587471371986
4038100207,4,11385,1,-0.00019728605097317769,0.000695950993702939,0.00019728605097317769
2046770039,2,10467,1,-0.00019667156317765912,0.0005138819210723849,0.00019667156317765912
4030360063,4,11379,1,-0.00019531254251159606,0.0008574380068216653,0.00019531254251159606
3068800077,3,11214,1,0.00019515028146127578,0.000629316573175941,0.00019515028146127578
3059200008,3,11209,1,-0.00019498200246381185,0.00029566416140682904,0.00019498200246381185
3059200009,3,11209,1,-0.00019498200246381185,0.00029566416140682904,0.00019498200246381185
4032880029,4,11375,1,0.0001946575152902523,0.000628211238119214,0.0001946575152902523
4161570001,4,11694,1,-0.00019384151828299458,0.0008313476892527439,0.00019384151828299458
3065570010,3,11204,1,0.00019351399292342493,0.0004928789428082906,0.00019351399292342493
2053730029,2,10461,1,0.0001934709642143027,0.0007401884657565513,0.0001934709642143027
4157220037,4,11691,1,-0.00019345800595561925,0.00045487569359045513,0.00019345800595561925
2037900073,2,10472,1,-0.0001934274402600873,0.0006798512752647702,0.0001934274402600873
3016200013,3,11221,1,-0.00019319482921811702,0.0005481832221922822,0.00019319482921811702
3054210142,3,11230,1,0.00019292533442985885,0.0007242045408341279,0.00019292533442985885
4055950030,4,11365,1,0.00019286433244459524,0.0006047482546859713,0.00019286433244459524
3039930021,3,11207,1,-0.00019275052200868768,0.0003927964031726394,0.00019275052200868768
4093270014,4,11418,1,0.00019263389993764578,0.0006124071443637562,0.00019263389993764578
3041210044,3,11208,1,0.0001924343818782887,0.0007354797576446067,0.0001924343818782887
4050150072,4,11354,1,-0.0001920879011767968,0.0003230297707352669,0.0001920879011767968
3032730056,3,11221,1,-0.00019128788942080437,0.0006533467640932077,0.00019128788942080437
3064140053,3,11214,1,-0.00019108005480356972,0.0005313744779227262,0.00019108005480356972
4061520024,4,11361,1,-0.0001906679530076547,0.0007785137790918274,0.0001906679530076547
4116870011,4,11420,1,-0.00019051416341851605,0.0009258845049985238,0.00019051416341851605
4052660026,4,11354,1,0.00019001567186494064,0.0006856243299581168,0.00019001567186494064
2053610014,2,10461,1,-0.00018887583980417764,0.0008458436024306095,0.00018887583980417764
3027740017,3,11211,1,-0.00018875507586958956,0.0006987801864388747,0.00018875507586958956
4082280118,4,11362,1,-0.00018862640505691494,0.0009939771511875044,0.00018862640505691494
4161180034,4,11693,1,0.00018826796528835523,0.00023869754905894816,0.00018826796528835523
3013340042,3,11213,1,-0.00018813812617940578,0.0005196898021655695,0.00018813812617940578
3059040060,3,11209,1,0.00018749114621430875,0.00088963545465279,0.00018749114621430875
3018340011,3,11216,1,0.00018731697570496415,0.00018059414205252882,0.00018731697570496415
2046620004,2,10467,1,-0.00018670682571826392,0.0006170214814167973,0.00018670682571826392
3034690042,3,11207,1,0.00018594753181439954,0.00020992528430139682,0.00018594753181439954
2034360163,2,10473,1,-0.00018518841997944798,0.0007223464449537584,0.00018518841997944798
3039960033,3,11207,1,0.00018418261251542046,0.0006742281208840731,0.00018418261251542046
4131830041,4,11413,1,-0.00018367140620588785,0.0006421861501958819,0.00018367140620588785
4074240019,4,11364,1,-0.0001836023911943058,0.0007337509058606159,0.0001836023911943058
3027670029,3,11211,1,-0.00018355318920161657,0.0009383341109500185,0.00018355318920161657
3049020004,3,11226,1,0.00018282786776808288,0.0002628902653580877,0.00018282786776808288
4062270001,4,11361,1,-0.00018268985104077768,0.0005542857776422241,0.00018268985104077768
4008340065,4,11105,1,0.00018192814049971,0.0003364569216741923,0.00018192814049971
3049010044,3,11226,1,-0.00018191586218245558,0.0005796221662884117,0.00018191586218245558
4049460187,4,11354,1,0.0001817680895552679,0.0010598889649216562,0.0001817680895552679
3059410014,3,11209,1,-0.00018172399175802424,0.0002866366424067775,0.00018172399175802424
3055970016,3,11219,1,-0.00018112718034039334,0.0007882360701853432,0.00018112718034039334
3048860015,3,11203,1,-0.00018092845888100103,0.0008638442103546394,0.00018092845888100103
4035300087,4,11385,1,-0.00018070623365825793,0.0006179796267125798,0.00018070623365825793
3072970075,3,11229,1,-0.00018063079715111688,0.00024193503385856415,0.00018063079715111688
3032750061,3,11221,1,-0.00018045695056237982,0.0005028326032642994,0.00018045695056237982
4122780029,4,11434,1,-0.00018035956068511192,0.00038769380765173097,0.00018035956068511192
3008790079,3,11215,1,-0.0001802593082418962,0.00040460784989093614,0.0001802593082418962
2044720050,2,10469,1,0.00018003148000205604,0.0009153565136984744,0.00018003148000205604
4121630054,4,11433,1,-0.00017985915092099384,0.00028854179761909454,0.00017985915092099384
3012340033,3,11216,1,-0.00017944802509546262,0.00020740593867933413,0.00017944802509546262
3081460001,3,11236,1,0.00017897056210024266,0.0006718115634744734,0.00017897056210024266
4070100052,4,11366,1,-0.00017885627941735633,0.000811495694697811,0.00017885627941735633
3079580060,3,11236,1,0.0001786676982113215,0.0011669970141018379,0.0001786676982113215
3004510013,3,11231,1,0.00017832889721481005,0.00048134616229624974,0.00017832889721481005
3012180012,3,11216,1,0.00017817977261926402,0.0006474587634926536,0.00017817977261926402
3054951035,3,11230,1,0.00017727056638314933,0.0008417631887620611,0.00017727056638314933
4072500026,4,11432,1,0.00017692841015867783,0.0006822006576316918,0.00017692841015867783
4108930019,4,11412,1,0.00017678772350734561,0.00024014143979962725,0.00017678772350734561
2055900139,2,10465,1,0.00017657133880313755,0.0005717763135492456,0.00017657133880313755
4140000026,4,11414,1,-0.00017608180852719138,0.0004458978431215859,0.00017608180852719138
3048050051,3,11203,1,0.00017584904058864253,0.000718417094172298,0.00017584904058864253
3016560073,3,11233,1,-0.00017574508301712146,0.001000362614161372,0.00017574508301712146
4099920054,4,11435,1,0.00017573527515771492,0.0003827646619071792,0.00017573527515771492
3056650015,3,11220,1,-0.00017526731937166947,0.0005685589192412642,0.00017526731937166947
4047210007,4,11357,1,-0.00017505637632056018,0.0007175107865218297,0.00017505637632056018
3067450022,3,11230,1,-0.0001748295936386392,0.0005291143439637323,0.0001748295936386392
3018150070,3,11221,1,-0.00017430054062304046,0.0010995393689867778,0.00017430054062304046
4073890058,4,11364,1,-0.0001737071968104534,0.0006723690536918918,0.0001737071968104534
4116480010,4,11420,1,-0.0001735868599367348,0.0005858685642425765,0.0001735868599367348
4107900015,4,11429,1,-0.00017348301510030734,0.0006508488184930519,0.00017348301510030734
2047640056,2,10469,1,-0.0001734650789154427,0.0007373069781743455,0.0001734650789154427
3079900016,3,11236,1,-0.00017316679255202842,0.0003813788697301585,0.00017316679255202842
4054240046,4,11358,1,-0.00017280757721621498,0.0008642493283175434,0.00017280757721621498
4063390096,4,11361,1,-0.0001723719435444024,0.001009004638162374,0.0001723719435444024
4031330069,4,11374,1,-0.00017226330925036148,0.0003317991609605929,0.00017226330925036148
3082390057,3,11236,1,0.00017197625380292077,0.0006349549238237659,0.00017197625380292077
3087460121,3,11235,1,-0.00017142713943184626,0.00041565696819506387,0.00017142713943184626
3059260015,3,11209,1,0.00017126899483369673,0.00038779760438412147,0.00017126899483369673
3039830028,3,11207,1,-0.0001710460803272996,0.00044163449637757164,0.0001710460803272996
4142541627,4,11414,1,-0.0001708061384678163,0.0005031964909199667,0.0001708061384678163
2055790078,2,10465,1,0.00017049714892816004,0.0007853153275721602,0.00017049714892816004
3016390033,3,11221,1,-0.00017010697361960597,0.0003679258533329564,0.00017010697361960597
4119970286,4,11436,1,-0.00016995012151372515,0.0002746820180775022,0.00016995012151372515
3013340051,3,11213,1,0.00016967679778488612,0.0003567212464841922,0.00016967679778488612
4077800034,4,11364,1,0.0001692135434731736,0.0005620343598551529,0.0001692135434731736
3019040025,3,11205,1,-0.0001689822646154887,0.000608244597177048,0.0001689822646154887
4120410053,4,11436,1,0.0001689422194831466,0.0005096632833091197,0.0001689422194831466
3082210071,3,11236,1,-0.00016884742575444116,0.000639605361539407,0.00016884742575444116
4097340016,4,11432,1,-0.00016864038651216468,0.0006397908365536562,0.00016864038651216468
3052700001,3,11218,1,-0.00016849332590539807,0.0009951892773535926,0.00016849332590539807
3059510062,3,11209,1,-0.000168362854410119,0.0003865305007926275,0.000168362854410119
2053990028,2,10461,1,-0.00016742420508183357,0.0010248599712739503,0.00016742420508183357
2038040031,2,10462,1,-0.000167207707158811,0.0006907026423529912,0.000167207707158811
4013690054,4,11369,1,0.00016679216279692194,0.0003026050914204535,0.00016679216279692194
3018170012,3,11216,1,-0.00016674344596608463,0.0002711618069299771,0.00016674344596608463
3014520016,3,11233,1,-0.00016664843643631562,0.0006350018649252591,0.00016664843643631562
2046460057,2,10467,1,-0.00016636431330706078,0.00041212214491137636,0.00016636431330706078
3067450014,3,11230,1,-0.0001663433327852084,0.0007198904430865363,0.0001663433327852084
4130290052,4,11413,1,0.0001661794999337216,0.0005714548049036271,0.0001661794999337216
3019950034,3,11238,1,0.00016612955824987766,0.0002590229007337236,0.00016612955824987766
4037810017,4,11379,1,-0.000166052583394247,0.0006237192776249267,0.000166052583394247
4082880034,4,11362,1,-0.0001659537574157468,0.0008093592830590759,0.0001659537574157468
4140100073,4,11414,1,-0.00016576699891402672,0.000952256314253646,0.00016576699891402672
4134370038,4,11413,1,-0.00016520888624552062,0.000644735278089322,0.00016520888624552062
2044490073,2,10469,1,-0.00016518111924239298,0.001311384316098585,0.00016518111924239298
2056240003,2,10464,1,0.00016493795285129622,0.0005786784181875821,0.00016493795285129622
2057830365,2,10463,1,0.00016488372193022545,0.000718981013105526,0.00016488372193022545
3056800032,3,11219,1,-0.00016469695898153585,0.0005554696034972269,0.00016469695898153585
4116900054,4,11420,1,-0.0001645589813172001,0.0001697936631931979,0.0001645589813172001
4097360122,4,11435,1,0.00016439011721586236,0.0010200863091655993,0.00016439011721586236
3047320014,3,11203,1,-0.00016416012032798008,0.00048343911562328233,0.00016416012032798008
3087500383,3,11235,1,0.00016412728521207588,0.00022472903556504777,0.00016412728521207588
2054130148,2,10465,1,-0.0001638674268807025,0.000911775128046101,0.0001638674268807025
4102290004,4,11433,1,-0.0001638647628974141,0.0004852708950479685,0.0001638647628974141
4017780058,4,11368,1,0.00016361896436936475,0.0004461844109374672,0.00016361896436936475
4121450025,4,11433,1,0.0001635155347657454,0.0005906598505800474,0.0001635155347657454
4136440013,4,11422,1,-0.00016339430664714843,0.0005821095048679491,0.00016339430664714843
4047090005,4,11357,1,-0.0001632648868108603,0.0007652009763194394,0.0001632648868108603
4063400127,4,11361,1,-0.00016309871828465376,0.0007667315805411157,0.00016309871828465376
4086060069,4,11426,1,0.000162854463787438,0.0007084484580949469,0.000162854463787438
3048030050,3,11203,1,0.00016277845281368865,0.0005098850342832254,0.00016277845281368865
3071520078,3,11223,1,-0.00016242614004610093,0.0007633046670712904,0.00016242614004610093
4098240065,4,11432,1,-0.00016225616181651792,0.0007411344180043201,0.00016225616181651792
4027330053,4,11378,1,0.00016223717287259457,0.00019339304255006325,0.00016223717287259457
3076160021,3,11210,2,0.0001621982664606375,0.0007350686095098679,0.0001621982664606375
3016420024,3,11221,1,-0.00016215538667899027,0.0004750116648180942,0.00016215538667899027
3088762776,3,11229,1,0.0001621075832005897,0.0008984927671210604,0.0001621075832005897
3067710048,3,11229,1,-0.00016202446892574077,0.0004965544540988971,0.00016202446892574077
4067460026,4,11367,1,-0.00016198131259712132,0.0012680088853464202,0.00016198131259712132
4047380042,4,11357,1,0.00016183877422926932,0.0010112346284802823,0.00016183877422926932
3061430063,3,11209,1,-0.00016181870005187111,0.00032820519896754056,0.00016181870005187111
3016680088,3,11233,1,-0.00016134737340598403,0.0009688555791632183,0.00016134737340598403
3061570056,3,11228,1,-0.00016114480965010933,0.0007315232361040053,0.00016114480965010933
3013200066,3,11225,1,0.00016045368576994348,0.000258235774844034,0.00016045368576994348
2054760041,2,10465,1,-0.00016004992054388027,0.001234991743258356,0.00016004992054388027
4123240035,4,11433,1,0.0001597996399652772,0.0005073315059928706,0.0001597996399652772
4012210006,4,11377,1,-0.00015964565545469904,0.0004887832969209472,0.00015964565545469904
3088300090,3,11229,1,-0.00015945074059221372,0.0005412782477363572,0.00015945074059221372
3010990072,3,11215,1,0.0001589179006856958,0.0009382398715181192,0.0001589179006856958
2050450068,2,10466,1,0.00015868315492940347,0.0007732848799031823,0.00015868315492940347
4032860017,4,11375,1,-0.00015866085990576175,0.0006049033936681956,0.00015866085990576175
4116250045,4,11420,1,-0.00015862944056248653,0.000639050424860523,0.00015862944056248653
2031940006,2,10453,1,0.00015858154286646397,0.0008703922462598519,0.00015858154286646397
3038380067,3,11207,1,-0.00015802832061901273,0.0001997683257197219,0.00015802832061901273
3065120063,3,11230,1,0.00015743009902950304,0.0008907080013678542,0.00015743009902950304
4114420023,4,11414,1,0.00015729177831515,0.000818471587620088,0.00015729177831515
4095720046,4,11419,1,-0.0001572149581815607,0.0005621415435299381,0.0001572149581815607
3018130087,3,11216,1,-0.00015702355871285908,0.0005999515259070074,0.00015702355871285908
3054200035,3,11230,1,0.000156283760298272,0.0002302499194087635,0.000156283760298272
2048650089,2,10466,1,-0.0001562039658924991,0.00043378246790312224,0.0001562039658924991
3033230027,3,11221,1,-0.00015612832960796446,0.0007728059840155081,0.00015612832960796446
3059050011,3,11209,1,0.00015606476805715745,0.0007335153696448314,0.00015606476805715745
4125860022,4,11434,1,-0.0001560488100055832,0.0007149626095862741,0.0001560488100055832
3065830001,3,11230,1,-0.0001559150167596629,0.0001763351204661084,0.0001559150167596629
3079750028,3,11234,1,0.00015571674565685218,0.00033803594001986044,0.00015571674565685218
3076410074,3,11210,1,-0.0001550734578756664,0.000865958918232803,0.0001550734578756664
4011070034,4,11369,1,0.00015484379917090387,0.0004908312200717244,0.00015484379917090387
4091180097,4,11417,1,-0.00015471515416436187,0.00046864318932432085,0.00015471515416436187
4115590045,4,11417,1,-0.00015465613995829783,0.0003922311518095692,0.00015465613995829783
3086120003,3,11234,1,-0.00015464282708482362,0.0006043313260825047,0.00015464282708482362
3015670006,3,11233,1,-0.00015463835464752691,0.0010845227652509914,0.00015463835464752691
3041320056,3,11208,1,-0.00015437304555141,0.0005064101433992195,0.00015437304555141
3084600009,3,11234,1,-0.00015404633933559488,0.0004534076893896161,0.00015404633933559488
2058660430,2,10471,1,-0.00015401380718580845,0.0010175820007295622,0.00015401380718580845
4099660018,4,11432,1,-0.00015310731379670998,0.0008329388219116129,0.00015310731379670998
2033430163,2,10467,1,-0.0001529535857124363,0.00044709529925014485,0.0001529535857124363
4066820005,4,11367,1,-0.00015272585740863854,0.0003235129691251541,0.00015272585740863854
4033080008,4,11375,1,-0.0001525657530174539,0.0004554008372029432,0.0001525657530174539
4136360014,4,11422,1,-0.000152416355717573,0.0006234345601497062,0.000152416355717573
3071070068,3,11223,1,0.00015231602700294908,0.00040522130429612025,0.00015231602700294908
4156550004,4,11691,1,0.0001520898381867671,0.0006643227160556007,0.0001520898381867671
3073750061,3,11229,1,-0.00015208507175833088,0.00041721083231183826,0.00015208507175833088
4069590010,4,11365,1,-0.00015185823775712458,0.0003994366534878133,0.00015185823775712458
4027960053,4,11378,1,0.00015183397636748722,0.0007962247967985847,0.00015183397636748722
4119850039,4,11436,1,0.00015147865179437255,0.0002834765387735834,0.00015147865179437255
4118800010,4,11420,1,0.00015128805114005223,0.0006095585539627077,0.00015128805114005223
3019130020,3,11205,1,-0.00015126343450819695,0.000494337305673411,0.00015126343450819695
4122110001,4,11434,1,0.00015118276236184824,0.0003077514635223984,0.00015118276236184824
3088561544,3,11229,1,0.0001506167365418051,0.0005084931112652357,0.0001506167365418051
4042680028,4,11354,1,0.0001502159095765886,0.000517313063384045,0.0001502159095765886
3061850003,3,11204,1,-0.00015004600330583207,0.0005149463360832466,0.00015004600330583207
2036880056,2,10473,1,-0.00014998883578983062,0.0006375083916936794,0.00014998883578983062
4031790044,4,11375,1,0.00014974233601335502,0.0009518499459191331,0.00014974233601335502
2026330030,2,10456,1,-0.0001494348078454334,0.0006917933555916496,0.0001494348078454334
2059330017,2,10471,1,-0.00014940758492515172,0.0006944185986477581,0.00014940758492515172
3084560026,3,11234,1,-0.00014936581970502233,0.0006072204680392919,0.00014936581970502233
4160530028,4,11692,1,0.00014894476230983752,0.000595793671433193,0.00014894476230983752
4111000018,4,11429,1,0.00014888183922911636,0.0003125832256788311,0.00014888183922911636
3051670081,3,11226,1,0.00014874211581967023,0.00024232445681690907,0.00014874211581967023
3064610247,3,11214,1,-0.0001486942698864456,0.0003758405851029485,0.0001486942698864456
2047790054,2,10469,1,0.00014855099223425115,0.0005796209579366821,0.00014855099223425115
2025240207,2,10452,1,-0.00014848961898086233,0.0006776340222208956,0.00014848961898086233
4093970037,4,11419,1,-0.0001483639683077108,0.0004499149277277937,0.0001483639683077108
4035200021,4,11385,1,-0.00014833470472546006,0.0008976222750425821,0.00014833470472546006
2034560071,2,10473,1,-0.00014832477747291008,0.0003214334828466084,0.00014832477747291008
2028770429,2,10453,1,0.0001479177323123568,0.0005305023683491725,0.0001479177323123568
4128740012,4,11422,1,-0.00014753156787131153,0.000578758359454001,0.00014753156787131153
4120770002,4,11436,1,0.00014746740543306887,0.0007158791652597512,0.00014746740543306887
4161380025,4,11693,1,0.0001474041406301995,0.00021560569409420803,0.0001474041406301995
4160520035,4,11692,1,-0.00014739954329001323,0.0005057184843399832,0.00014739954329001323
3006810073,3,11232,1,0.00014731611387224598,0.0005879599710552868,0.00014731611387224598
3048870045,3,11203,1,-0.00014715156315311213,0.0008722589860672867,0.00014715156315311213
3038900403,3,11207,1,-0.00014676158293354245,0.00027001358765150715,0.00014676158293354245
3068800043,3,11214,1,0.0001464442421336603,0.0003699405352415133,0.0001464442421336603
4077970040,4,11427,1,0.00014634418982881775,0.0008730896833737869,0.00014634418982881775
3082290046,3,11236,1,0.00014602250974120407,0.0004821493612158882,0.00014602250974120407
2031100075,2,10460,1,0.0001457636419131629,0.0005327407328602656,0.0001457636419131629
4134580021,4,11413,1,-0.00014522558798499378,0.0004722051946744768,0.00014522558798499378
3027630010,3,11211,1,0.00014520637497736772,0.0002788092472831185,0.00014520637497736772
4158080002,4,11691,1,-0.00014519795692858237,0.0010019093502239055,0.00014519795692858237
4102310113,4,11433,1,-0.0001451185019712981,0.0004318200120441123,0.0001451185019712981
2027830013,2,10456,1,-0.00014493703015355824,0.0006097958308445521,0.00014493703015355824
2031560024,2,10457,1,-0.00014490379689740282,0.0004598822671042625,0.00014490379689740282
4130490059,4,11434,1,0.00014437956435672624,0.0004232517600302124,0.00014437956435672624
3004570038,3,11231,1,0.00014437322662875734,0.00030618865498308555,0.00014437322662875734
3085250003,3,11234,1,-0.0001441608969423078,0.0006297733520768325,0.0001441608969423078
4036250016,4,11385,1,-0.00014390536852983485,0.0006715696419944972,0.00014390536852983485
4091620123,4,11417,1,0.00014389014788648906,0.0008192674197622544,0.00014389014788648906
4089780057,4,11421,1,-0.00014376033355436048,0.0007758555204388912,0.00014376033355436048
4118980043,4,11420,1,-0.00014367762982121467,0.0008120653730540373,0.00014367762982121467
3034330038,3,11207,1,-0.0001434101216714912,0.000735699335769816,0.0001434101216714912
4157560016,4,11691,1,-0.0001428170827128503,0.0005771124398502864,0.0001428170827128503
4045190041,4,11357,1,-0.00014269599339531184,0.0006342424150347326,0.00014269599339531184
3032750079,3,11221,1,-0.0001426477653439309,0.0007851231391667471,0.0001426477653439309
4042270023,4,11356,1,0.0001426133387717701,0.0006226314472754806,0.0001426133387717701
2048610060,2,10466,1,-0.00014254643489476846,0.0010105988787304178,0.00014254643489476846
3071970061,3,11223,1,0.00014254488999952675,0.0009435166222290822,0.00014254488999952675
4122420030,4,11434,1,-0.00014243108229835283,0.0006894387462795589,0.00014243108229835283
3018050144,3,11221,1,-0.0001423691183773371,0.0005607930185673066,0.0001423691183773371
3056050011,3,11219,1,0.0001423597749768049,0.0005048816320190331,0.0001423597749768049
3044800147,3,11208,1,-0.00014217271874317298,0.000389229412841734,0.00014217271874317298
3047020038,3,11203,1,0.00014194759483180104,0.00028985513790976596,0.00014194759483180104
3049010021,3,11226,1,0.00014175743631184741,0.00029060959231492925,0.00014175743631184741
4074690026,4,11364,1,-0.00014162492378768168,0.0008032103318364732,0.00014162492378768168
3011110070,3,11215,1,-0.00014143484329718074,0.0002962589730470364,0.00014143484329718074
3067850072,3,11229,1,0.0001413835183975557,0.0001489450854659006,0.0001413835183975557
4157190073,4,11691,1,-0.00014075545203628856,0.0004335686262135051,0.00014075545203628856
3057610042,3,11219,1,-0.00014071111484339018,0.0006896195816158068,0.00014071111484339018
3034190048,3,11237,1,0.00014050358168358793,0.0005362401502162097,0.00014050358168358793
3016830021,3,11233,1,0.00014000530999791526,0.0009356398265200753,0.00014000530999791526
3048860056,3,11226,1,-0.0001399018566156914,0.0004077270539951759,0.0001399018566156914
4140440044,4,11414,1,0.00013928919545528327,0.0004606700842903804,0.00013928919545528327
4060930029,4,11361,1,0.00013904368762521977,0.000645367548396215,0.00013904368762521977
4027360018,4,11378,1,0.00013888085087076965,0.0002943700449108394,0.00013888085087076965
2054720050,2,10465,1,0.00013868762268280928,0.0008275874403657148,0.00013868762268280928
3048370075,3,11226,1,0.00013844980471730393,0.0008946592697582053,0.00013844980471730393
3078920048,3,11234,1,0.0001383223164424522,0.0003815696366674913,0.0001383223164424522
4019700013,4,11368,1,-0.00013828533211527976,0.00027382939022804124,0.00013828533211527976
2036930076,2,10473,1,0.000138160158489324,0.0007455194328770992,0.000138160158489324
3018230009,3,11216,1,0.00013796588450267017,0.0005764963771674886,0.00013796588450267017
4122750019,4,11434,1,-0.0001377465007166115,0.0005000317034067635,0.0001377465007166115
4010970046,4,11369,1,0.00013773528790548797,0.0003057173447943112,0.00013773528790548797
4015950035,4,11373,1,0.00013747096460446482,0.0007303445335705348,0.00013747096460446482
3017800075,3,11216,1,-0.00013730997567685692,0.00027824042851327653,0.00013730997567685692
4026740031,4,11378,1,0.00013728733364314194,0.0004543974390221608,0.00013728733364314194
3071760042,3,11223,1,-0.00013725752609252016,0.00043762636284313167,0.00013725752609252016
3016170009,3,11221,1,-0.00013715916205066974,0.00018385803926787559,0.00013715916205066974
4136420068,4,11422,1,0.0001368566729590079,0.0003014424102982253,0.0001368566729590079
4063580003,4,11355,1,0.00013664481374802478,0.00052741204161871,0.00013664481374802478
2031030167,2,10458,1,0.00013655847546997695,0.0002803673317075081,0.00013655847546997695
3055280044,3,11204,1,0.00013647601346553371,0.0001299498856792988,0.00013647601346553371
4070890045,4,11365,1,-0.00013643577361615106,0.00040712688127086526,0.00013643577361615106
4068640381,4,11432,1,-0.00013631992919759062,0.0006007873927790155,0.00013631992919759062
3007510073,3,11220,1,0.0001362499871469113,0.0012828263820845159,0.0001362499871469113
3010560021,3,11215,1,0.00013591845501895688,0.0007888650725289157,0.00013591845501895688
2039340032,2,10462,1,0.00013589233475306642,0.0003962131065187064,0.00013589233475306642
3018040062,3,11216,1,0.00013583036995817047,0.0004732565330911832,0.00013583036995817047
4039950017,4,11356,1,-0.00013578784260701834,0.0005367032279975348,0.00013578784260701834
4074170048,4,11364,1,-0.00013573986286617723,0.0007105088759175243,0.00013573986286617723
2042700063,2,10461,1,-0.0001356141320624225,0.0009619038083308568,0.0001356141320624225
4008430017,4,11105,1,-0.0001355535246821517,0.00021739888671590588,0.0001355535246821517
4153210002,4,11693,1,-0.00013537609918807682,0.0005293742298870368,0.00013537609918807682
3043230012,3,11207,1,-0.00013525212496704278,0.00028784866693699424,0.00013525212496704278
4016620001,4,11369,1,-0.0001352288035974101,0.00043515520060605385,0.0001352288035974101
3007650022,3,11220,1,0.00013504902417050356,0.00018833325219896015,0.00013504902417050356
4104290304,4,11412,1,-0.00013493848269965718,0.0004023578694895645,0.00013493848269965718
4086410013,4,11426,1,0.0001348821186866969,0.00047379428137969167,0.0001348821186866969
4063700101,4,11355,1,0.00013481788008416748,0.00043584128754094154,0.00013481788008416748
4107680014,4,11429,1,0.00013477576789027297,0.0006360035810889965,0.00013477576789027297
2025280034,2,10452,1,0.0001346685503178247,0.00036112655107847444,0.0001346685503178247
4074480052,4,11364,1,-0.000134452308773223,0.0007174006015533236,0.000134452308773223
3075870049,3,11210,1,-0.00013430424969367976,0.000361086402626315,0.00013430424969367976
3085340031,3,11234,1,-0.00013427830663670257,0.0007175246732411877,0.00013427830663670257
3064010010,3,11214,1,-0.00013427773364918999,0.0007520913842122784,0.00013427773364918999
3053250037,3,11218,1,-0.00013392117716369326,0.0006211096298255421,0.00013392117716369326
4029410045,4,11379,1,-0.0001338942420348207,0.0007360612883467042,0.0001338942420348207
4073440030,4,11361,1,0.0001338363219954126,0.0006597455410113262,0.0001338363219954126
3073670063,3,11229,1,0.00013371419421855113,0.0005184695708588735,0.00013371419421855113
4101430011,4,11433,1,-0.00013354378975857014,0.00039871815622854095,0.00013354378975857014
3075900008,3,11210,1,-0.00013344629843197435,0.0007286737075956305,0.00013344629843197435
3084770041,3,11234,1,0.00013336689325288528,0.00019953853178833502,0.00013336689325288528
3072180003,3,11223,1,0.00013330177170458148,0.0003895582384777163,0.00013330177170458148
4027080064,4,11378,1,-0.00013326955207219592,0.0005272649073098859,0.00013326955207219592
3010950024,3,11215,1,0.00013298363084825822,8.037873959046004e-05,0.00013298363084825822
3039710050,3,11208,1,-0.000132722369829956,0.0009635868990326727,0.000132722369829956
4052110006,4,11355,1,0.0001326967919394619,0.00043389876485330043,0.0001326967919394619
4162120066,4,11694,1,-0.0001326587368539092,0.0006396185970180204,0.0001326587368539092
4030260060,4,11379,1,-0.0001325557180886173,0.0004804622698558108,0.0001325557180886173
3074050666,3,11229,1,0.00013249749243080834,0.0004682275507368217,0.00013249749243080834
4083950100,4,11362,1,-0.00013239987363935967,0.0007850967018812687,0.00013239987363935967
2035750021,2,10473,1,0.00013232885495373652,0.00036468622738391153,0.00013232885495373652
3044550058,3,11208,1,0.00013231873719829392,0.00033601068843254966,0.00013231873719829392
2039760024,2,10461,1,0.00013229919155644866,0.0004751307113368998,0.00013229919155644866
3015320045,3,11233,1,-0.0001319441384051282,0.0003594679473891784,0.0001319441384051282
3027750027,3,11211,1,-0.00013189879621385356,0.00018131546153858384,0.00013189879621385356
4013010060,4,11377,1,-0.0001317527112671036,0.0008088950720392688,0.0001317527112671036
3066320055,3,11223,1,0.00013165383531936483,0.0002161763193155917,0.00013165383531936483
4130410007,4,11413,1,-0.00013162527771757681,0.0001226652182865415,0.00013162527771757681
4126300056,4,11412,1,-0.00013159948009229126,0.00027976739460615525,0.00013159948009229126
3085930013,3,11234,1,-0.00013138879543178833,0.0004179590385526749,0.00013138879543178833
4087590111,4,11004,1,-0.00013134579488820837,0.0009237975283081623,0.00013134579488820837
2055940098,2,10465,1,0.00013127338824737273,0.00020935114198458808,0.00013127338824737273
3037880030,3,11207,1,0.0001312631789866237,0.00014981228253856485,0.0001312631789866237
4096810041,4,11435,1,-0.00013116804219974628,0.0003131614140106355,0.00013116804219974628
4142310707,4,11414,1,-0.0001308504333964651,0.00039884641078083595,0.0001308504333964651
4124680086,4,11434,1,-0.00013082858149243546,0.0007050803109869093,0.00013082858149243546
2046740048,2,10467,1,-0.00013066801960805193,0.0002931328743623959,0.00013066801960805193
3034350049,3,11207,1,-0.00013056033229281788,0.0011982931322513353,0.00013056033229281788
3037200035,3,11207,1,-0.0001304951222510339,0.000192324212857706,0.0001304951222510339
4157400058,4,11691,1,0.0001303950078712995,0.0008003797500385206,0.0001303950078712995
4045150038,4,11357,1,-0.00013039365993127854,0.00040486662247951914,0.00013039365993127854
4066800019,4,11367,1,-0.00013024497346222013,0.0009772539043844744,0.00013024497346222013
3020050149,3,11238,1,-0.00013022686016433906,0.0004731241347708174,0.00013022686016433906
3064610194,3,11214,1,-0.00013000554415536675,0.0007841067261436177,0.00013000554415536675
4089150074,4,11421,1,-0.00012996359301168704,0.0006097002074142719,0.00012996359301168704
3003010011,3,11201,1,0.00012996108190738395,0.0005540210087258723,0.00012996108190738395
3033820018,3,11221,1,-0.00012983941006135903,0.000593391654263516,0.00012983941006135903
4083340032,4,11362,1,0.0001295510442784046,0.0005240780770938019,0.0001295510442784046
4021730056,4,11375,1,-0.00012947709760100258,0.000512523365330069,0.00012947709760100258
2039010003,2,10460,1,0.00012943739201947153,0.0005555705665738005,0.00012943739201947153
3034390022,3,11207,1,0.00012928752891280674,0.0005265233633994977,0.00012928752891280674
3050330051,3,11225,1,-0.00012909643209443506,0.0007852342634083565,0.00012909643209443506
4059970013,4,11360,1,0.00012892603318261032,0.0007657332536588033,0.00012892603318261032
3064170034,3,11214,1,0.00012888538537241513,0.00033508793512518467,0.00012888538537241513
3076500048,3,11210,1,-0.00012884212758410292,0.0005565096005113246,0.00012884212758410292
3034350012,3,11207,1,-0.00012874667147006586,0.0007201508924896347,0.00012874667147006586
3015510050,3,11233,1,-0.00012870285916004854,0.0005019928933949235,0.00012870285916004854
2058070643,2,10471,1,-0.00012869533204255864,0.0005353854679087251,0.00012869533204255864
3048550053,3,11203,1,-0.00012867116691216333,0.0005447995989194441,0.00012867116691216333
4097150212,4,11435,1,0.00012847614893450945,0.0006083576638906754,0.00012847614893450945
4157880122,4,11691,1,0.00012828516633495873,0.0003865389018127166,0.00012828516633495873
3013600061,3,11213,1,-0.00012828512691312973,0.00040794610444381266,0.00012828512691312973
3065460012,3,11230,1,-0.00012828113167960168,0.0007072101835512393,0.00012828113167960168
3080050041,3,11236,1,0.00012806177902770978,0.00045213962900379274,0.00012806177902770978
4045460015,4,11357,1,-0.00012805479059180337,0.0008100273956877064,0.00012805479059180337
3048920046,3,11203,1,-0.00012803906110133543,0.0005045858494683913,0.00012803906110133543
3035590008,3,11212,1,-0.0001279200342184965,0.0005387039595574719,0.0001279200342184965
4061780028,4,11361,1,-0.00012754994419400789,0.0006992342687665203,0.00012754994419400789
3061870037,3,11228,1,-0.00012746127460613304,0.00043238364730264383,0.00012746127460613304
3055140035,3,11204,1,-0.0001274368133435891,0.0006702381068710995,0.0001274368133435891
4028450039,4,11379,1,-0.00012741661343307944,0.0007109660938764206,0.00012741661343307944
2046740075,2,10467,1,0.00012741370983805996,0.0003234875849927291,0.00012741370983805996
3084570016,3,11234,1,0.00012737815568242744,0.0009188068941371093,0.00012737815568242744
4067340013,4,11355,1,0.00012735603708033275,0.0006766934929380592,0.00012735603708033275
4094170021,4,11419,1,-0.00012735456482410463,0.00018135861700655935,0.00012735456482410463
4055950040,4,11365,1,0.00012713983329251576,0.0007266443066835605,0.00012713983329251576
3077080062,3,11234,1,0.0001269086870646013,0.0005455923730269414,0.0001269086870646013
4048450056,4,11357,1,-0.00012678461658100897,0.0004896434918061443,0.00012678461658100897
4120210032,4,11436,1,-0.00012667860448426152,0.0008760385392985465,0.00012667860448426152
2040290028,2,10460,1,-0.0001266226539530425,0.00027602249497269175,0.0001266226539530425
3083040037,3,11236,1,0.00012659940919405632,0.0007134590432207666,0.00012659940919405632
4019910085,4,11368,1,-0.00012654431555744451,0.0009754721713485647,0.00012654431555744451
4161710052,4,11694,1,0.00012622374661990413,0.00041774310694489255,0.00012622374661990413
3005460030,3,11231,1,-0.0001262042141885962,0.0006932145057026446,0.0001262042141885962
3043110110,3,11207,1,0.0001260703328984395,0.0002003588963643064,0.0001260703328984395
3077090019,3,11234,2,-0.0001259442212879591,0.0009916246524272125,0.0001259442212879591
2030680088,2,10457,1,-0.00012578381656488773,0.00040374039720630645,0.00012578381656488773
2058130145,2,10471,1,-0.0001253644876110494,0.0006370024299119264,0.0001253644876110494
3014730054,3,11233,1,-0.00012529720787400554,0.0003826652104094067,0.00012529720787400554
4102210021,4,11433,1,-0.00012518477855784338,0.001039007403288509,0.00012518477855784338
3014430054,3,11233,1,-0.00012506211855260353,0.0003342778324972138,0.00012506211855260353
3006330131,3,11215,1,0.00012494347597948594,0.00045485269792593997,0.00012494347597948594
4098900025,4,11432,1,-0.00012482051054095626,0.00043518723149918177,0.00012482051054095626
4021760019,4,11375,1,0.00012470319063202337,0.0002851051389696048,0.00012470319063202337
3078860026,3,11234,1,-0.00012463702001896796,0.00018669071705494037,0.00012463702001896796
2057510319,2,10463,1,-0.00012441893827574987,0.00030002573882293224,0.00012441893827574987
4117200009,4,11420,1,0.00012437316615888426,0.0006727512428511756,0.00012437316615888426
4035660018,4,11385,1,-0.00012426335086400544,0.0004986649402974158,0.00012426335086400544
3073240051,3,11229,1,0.0001241322637300721,0.0010632444533939082,0.0001241322637300721
4122530012,4,11434,1,0.0001240927593688627,0.00039833095494321843,0.0001240927593688627
4017390034,4,11368,1,-0.0001240294824206059,0.0008003946638121391,0.0001240294824206059
4107650052,4,11429,1,-0.00012342467743280084,0.00036813750029824276,0.00012342467743280084
4161660047,4,11694,1,0.00012317918847299628,0.0008036517600952472,0.00012317918847299628
3054020055,3,11218,1,-0.00012306842990864026,0.0004056865176141378,0.00012306842990864026
4008660131,4,11105,1,-0.00012298225501706342,0.0009898901246016161,0.00012298225501706342
3086720065,3,11235,1,-0.0001227934793693297,0.0004461994669849633,0.0001227934793693297
2056450070,2,10464,1,0.0001226765256295427,0.0008675950668104332,0.0001226765256295427
3027560015,3,11211,1,-0.00012260688815300208,0.0002807412922401114,0.00012260688815300208
3028670120,3,11211,1,-0.00012260688810475902,0.0002807412921845247,0.00012260688810475902
3051750015,3,11218,1,0.00012218630309909615,0.00046834403167311713,0.00012218630309909615
4063140013,4,11361,1,0.00012185958692677443,0.0007972567687201824,0.00012185958692677443
4094210050,4,11416,1,-0.00012173561225137681,0.00034573978179762,0.00012173561225137681
4118640040,4,11420,1,0.00012171902337480408,0.000913688650151915,0.00012171902337480408
3080260047,3,11236,1,-0.00012150583145548839,0.000546156261174926,0.00012150583145548839
3019970019,3,11238,1,0.0001210602525865671,0.0004542412517596038,0.0001210602525865671
3088160023,3,11229,1,-0.00012022339420585381,0.0007266630869022547,0.00012022339420585381
4046860038,4,11357,1,-0.00012022024545752495,0.00014417627751679008,0.00012022024545752495
4045600051,4,11357,1,0.0001201976522385372,0.0008921992325651351,0.0001201976522385372
4048740010,4,11358,1,-0.00012003547724870481,0.0007211778098721582,0.00012003547724870481
4087380044,4,11004,1,-0.0001195874375044985,0.0007144348708356881,0.0001195874375044985
3036130050,3,11212,1,-0.0001195678334428313,0.00040345461132792267,0.0001195678334428313
3060920118,3,11228,1,0.00011942527834686688,0.0010223552988000853,0.00011942527834686688
3086710072,3,11235,1,0.00011939009651291079,0.00030523249240773395,0.00011939009651291079
2043650035,2,10469,1,0.00011902710220984448,0.00025999261656517404,0.00011902710220984448
2030500091,2,10457,1,-0.00011900860419235761,0.0005276549308201401,0.00011900860419235761
2037150046,2,10472,1,0.00011896436636170045,0.00035095545576801205,0.00011896436636170045
2037760012,2,10472,1,0.00011889990992039419,0.0005943796167789813,0.00011889990992039419
4117780030,4,11420,1,0.00011885996309405373,0.0007036559598073925,0.00011885996309405373
2032150044,2,10468,1,0.00011864239759707922,0.0005642195500414114,0.00011864239759707922
3073810154,3,11229,1,-0.00011811333339950421,0.000528340925759819,0.00011811333339950421
3068040030,3,11229,1,-0.00011810990203392316,0.00047581223426156993,0.00011810990203392316
4106660115,4,11427,1,0.00011806072666005874,0.0004765588366094935,0.00011806072666005874
3052300079,3,11210,1,-0.00011804442453076611,0.000401365167039669,0.00011804442453076611
4090540076,4,11416,1,-0.00011786156793398405,0.00047038827678590227,0.00011786156793398405
4023710172,4,11378,1,-0.00011749699429515869,0.0004430921131432233,0.00011749699429515869
3018340008,3,11216,1,-0.00011746262279285899,0.0005902752235475797,0.00011746262279285899
3015620038,3,11233,1,0.00011728713840776786,0.0004876989525974652,0.00011728713840776786
4097310001,4,11435,1,0.00011714362206364268,0.0007601518345737722,0.00011714362206364268
4098470012,4,11432,1,-0.00011710684991303355,0.00042409793721048794,0.00011710684991303355
3018180060,3,11216,1,0.00011708553441573814,0.00031297443364661465,0.00011708553441573814
2039310063,2,10462,1,0.00011707905535876606,0.0007447370204919115,0.00011707905535876606
4064140036,4,11355,1,-0.000117027869923864,0.0006179416350276239,0.000117027869923864
3034370070,3,11237,1,-0.00011684334005316106,0.00032063236297636723,0.00011684334005316106
3039190003,3,11207,1,-0.00011673933545637236,0.0006264693030348556,0.00011673933545637236
3051730023,3,11226,1,0.00011661895917990195,0.000542467804498567,0.00011661895917990195
2040210044,2,10460,1,0.00011653367853758253,0.0006463649219572979,0.00011653367853758253
4089440048,4,11421,1,-0.00011644792122947136,0.00022312535336962936,0.00011644792122947136
4019580041,4,11368,1,0.00011642640900155166,0.0009806912440013858,0.00011642640900155166
4051220055,4,11355,1,-0.00011624231171320054,0.0004180716716479638,0.00011624231171320054
4130140018,4,11413,1,-0.00011623570546774537,0.0006261076634585415,0.00011623570546774537
3065860029,3,11230,1,-0.00011590667601878637,0.0007290488924042842,0.00011590667601878637
3033850061,3,11237,1,-0.00011587302180550564,0.00030875324430389985,0.00011587302180550564
3016050033,3,11221,1,-0.00011575568647392288,0.00021293768439235785,0.00011575568647392288
3013650033,3,11213,1,0.00011561564159383538,0.0007982057176095973,0.00011561564159383538
3031890033,3,11237,1,-0.00011554577113688611,0.0006234328993373637,0.00011554577113688611
4029270040,4,11379,1,-0.00011548138779875227,0.0006538658315446389,0.00011548138779875227
3034340047,3,11207,1,-0.00011522142597822696,0.000584158281832903,0.00011522142597822696
4121910002,4,11434,1,0.00011517193134512709,0.0005372669695274607,0.00011517193134512709
3012510068,3,11213,1,-0.00011506492316465191,0.000463196994909677,0.00011506492316465191
4121920020,4,11434,1,0.0001147882269444,0.00036071854363483116,0.0001147882269444
4010890041,4,11369,1,0.00011464916679834271,0.00021583111564344002,0.00011464916679834271
2055340048,2,10465,1,0.00011464714788610895,0.00035007270574420135,0.00011464714788610895
3015270055,3,11233,1,0.00011455386396477957,0.0009471387495114375,0.00011455386396477957
4011300013,4,11370,1,0.00011428933859749873,0.00044039737258653685,0.00011428933859749873
3016210022,3,11221,1,-0.00011423896199281505,0.0006767979933519921,0.00011423896199281505
3009820060,3,11215,1,-0.00011415603081762967,0.0007696125383719519,0.00011415603081762967
2040900006,2,10461,1,-0.00011414163677893396,0.0007875001928185041,0.00011414163677893396
2022870021,2,10454,1,-0.00011398804302555163,0.00034997721446765155,0.00011398804302555163
4119410263,4,11435,1,0.00011395740538574982,0.0003333999016739901,0.00011395740538574982
3004210044,3,11231,1,-0.00011392047356769536,0.0010451599861149672,0.00011392047356769536
4001860035,4,11104,1,-0.00011387038115227583,0.0003121759382502649,0.00011387038115227583
4036230023,4,11385,1,-0.00011373110907129143,0.0005350539281629939,0.00011373110907129143
4060230009,4,11360,1,-0.00011362353618471022,0.0004941965005884254,0.00011362353618471022
3061140026,3,11209,1,-0.00011358821942727843,0.0006163561303577049,0.00011358821942727843
4036890050,4,11385,1,0.00011340335907952928,0.0005520300984774895,0.00011340335907952928
2048330013,2,10466,1,0.00011339183017001934,0.0005677668111155088,0.00011339183017001934
4101730050,4,11433,1,-0.00011334550450849785,0.0005393343975623406,0.00011334550450849785
2050490072,2,10466,1,-0.00011316311488587891,0.000383724461186374,0.00011316311488587891
2058831156,2,10471,1,-0.00011281466304898968,0.0004279725236225291,0.00011281466304898968
4116980055,4,11420,1,-0.0001127886772860909,0.0005717137413096846,0.0001127886772860909
4038090119,4,11385,1,-0.00011276752286919067,0.000508894744663615,0.00011276752286919067
4095290013,4,11417,1,-0.00011275289792185263,0.0006660239912136463,0.00011275289792185263
2047360027,2,10469,1,-0.00011260907023389748,0.0007992801069652014,0.00011260907023389748
4112700032,4,11411,1,0.000112439284558491,0.0004065130617786828,0.000112439284558491
3005340012,3,11231,1,0.00011223184585113079,0.0004015366506617897,0.00011223184585113079
3038070031,3,11207,1,0.00011194904024558411,0.0006437623310221639,0.00011194904024558411
3076270053,3,11210,1,-0.00011185171831154632,0.0010956488440970313,0.00011185171831154632
4066230043,4,11367,1,-0.0001113508621238307,0.00043367404159416317,0.0001113508621238307
4086070170,4,11426,1,-0.00011124395512074132,0.00035182106176616113,0.00011124395512074132
3005460005,3,11231,1,-0.00011106916674988363,0.000624051289944259,0.00011106916674988363
4062050045,4,11361,1,-0.00011098664165624277,0.0004374254013566849,0.00011098664165624277
3083550029,3,11234,1,0.0001109837594474388,0.0005127381261039845,0.0001109837594474388
2044040003,2,10469,1,0.0001108938889931169,0.00030970834039354463,0.0001108938889931169
4045770025,4,11357,1,-0.00011084869205960117,0.000789032721581517,0.00011084869205960117
4020010025,4,11368,1,-0.00011076329280846858,0.0008361169573844113,0.00011076329280846858
3085260062,3,11234,1,-0.00011057068982012114,0.0008997709064539056,0.00011057068982012114
3032140008,3,11221,1,0.00011049454670363096,0.0002785722676604969,0.00011049454670363096
3073190004,3,11229,1,0.00011048093910280602,0.0009305326524651674,0.00011048093910280602
4073760153,4,11365,1,0.00011022833758362177,0.0002442057207130972,0.00011022833758362177
3082370049,3,11236,1,0.00011019659641760964,0.0009789163345969953,0.00011019659641760964
3035690041,3,11212,1,0.00011012302082608893,0.0005131276201244319,0.00011012302082608893
3068110090,3,11229,1,-0.0001101076584872643,0.0002916649215357722,0.0001101076584872643
3057060041,3,11219,1,-0.0001100779521127595,0.0002080902992951267,0.0001100779521127595
3051140009,3,11218,1,-0.00010984043383712488,0.000953446692837912,0.00010984043383712488
3014120016,3,11213,1,0.00010976814960176569,0.00038434478348935955,0.00010976814960176569
4011550013,4,11377,1,-0.00010971025242179731,0.0004787203414945503,0.00010971025242179731
4018700030,4,11373,1,-0.00010956971069516261,0.0005215846563740782,0.00010956971069516261
3053830030,3,11218,1,0.00010925239013192806,0.0004563069360592828,0.00010925239013192806
4124720033,4,11434,1,0.00010908728750657968,0.0008622535361402007,0.00010908728750657968
4089710026,4,11421,1,-0.00010899351246923349,0.0006112199988168217,0.00010899351246923349
3046100044,3,11212,1,-0.00010898971901952606,0.0008933948907026981,0.00010898971901952606
3081850043,3,11236,1,-0.00010889201277436433,0.00020465222549472277,0.00010889201277436433
3008790019,3,11215,1,-0.00010888734553433636,0.00036654062270271746,0.00010888734553433636
4107610001,4,11429,1,-0.00010869958914028056,0.0002732009628559039,0.00010869958914028056
4132530011,4,11422,1,0.0001084139849472494,0.0005330533117929748,0.0001084139849472494
2028070010,2,10453,1,0.00010793623324325544,0.0005337666533622872,0.00010793623324325544
2024230081,2,10456,1,-0.00010699092202652031,0.0005655120359921721,0.00010699092202652031
2056000029,2,10465,1,-0.00010668339842270525,0.0009717563532675316,0.00010668339842270525
2047740120,2,10469,1,0.00010658429422596146,0.0003319070828899422,0.00010658429422596146
4083960121,4,11362,1,-0.00010639331840551662,0.000584875037708112,0.00010639331840551662
4044440019,4,11357,1,0.00010629459743639527,0.00039673681923085483,0.00010629459743639527
3048260079,3,11203,1,0.00010616062175486545,0.0002752908096342621,0.00010616062175486545
3066010075,3,11204,1,0.00010612915566377297,0.0002684573422120561,0.00010612915566377297
4039530062,4,11356,1,0.00010610592599660793,0.0004637682362605689,0.00010610592599660793
3086000040,3,11234,1,0.00010598788538804371,0.0010754748263247004,0.00010598788538804371
3003500029,3,11231,1,0.0001058872875822743,0.0007930248439065703,0.0001058872875822743
4016760030,4,11369,1,-0.0001058651582729233,0.0006625855989897602,0.0001058651582729233
3014010033,3,11213,2,0.00010585724168668634,0.0010481066412141105,0.00010585724168668634
3066300067,3,11223,1,0.00010542801339224205,0.0005176321417421407,0.00010542801339224205
3064340002,3,11214,1,0.00010539277875036498,0.0005073919006176905,0.00010539277875036498
4083040086,4,11362,1,0.00010512748953048135,0.0005609652940285276,0.00010512748953048135
4121840050,4,11434,1,0.00010471838512978558,0.0003576955396687276,0.00010471838512978558
4076080034,4,11364,1,0.00010469908363898464,0.0008411027130336906,0.00010469908363898464
4059480091,4,11360,1,-0.00010459743311475814,0.0006630925808512052,0.00010459743311475814
4046590020,4,11357,1,-0.00010385802915108838,0.0007037489578428561,0.00010385802915108838
3005310031,3,11231,1,0.00010377372394217353,0.0003364268191866995,0.00010377372394217353
2030580078,2,10458,1,-0.00010363639509556718,0.0008892594331659271,0.00010363639509556718
3068480051,3,11214,1,-0.00010357270101962016,0.0006569236813869296,0.00010357270101962016
3047590049,3,11203,1,-0.0001032687646599282,0.0005753420977093434,0.0001032687646599282
3018150076,3,11221,1,-0.00010291371828175945,0.0006848165283447384,0.00010291371828175945
3018020101,3,11216,1,-0.0001028847747334405,0.00022183567472154614,0.0001028847747334405
4055690006,4,11365,1,-0.0001027247651843108,0.0004577766490226751,0.0001027247651843108
4079580032,4,11426,1,0.00010270603685843494,0.0005666217309741666,0.00010270603685843494
3083270038,3,11236,1,0.00010259062093280255,0.0006643067582343105,0.00010259062093280255
2048470055,2,10466,1,0.00010243054231543234,0.0009492196862245041,0.00010243054231543234
4032910076,4,11375,1,-0.00010242598153724957,0.00037074621363814475,0.00010242598153724957
3005980009,3,11231,1,-0.00010226467343955418,0.0008806867945147411,0.00010226467343955418
4057740038,4,11360,1,-0.0001021440602450046,0.00016578233154088297,0.0001021440602450046
4020050070,4,11368,1,0.00010211158319388548,0.0002460376694507764,0.00010211158319388548
4157240049,4,11691,1,-0.00010141391428678682,0.000500926600202518,0.00010141391428678682
4098960078,4,11432,1,0.00010139602523541931,0.0008637552393329616,0.00010139602523541931
3041520008,3,11208,1,-0.00010128651364480897,0.0002579875302425217,0.00010128651364480897
3041680002,3,11208,1,-0.00010109453590830592,0.0008051585724172711,0.00010109453590830592
3061830046,3,11204,1,0.00010083202042505,0.00012707472209583,0.00010083202042505
4095950015,4,11419,1,-0.00010083133076309015,0.00036360116972108817,0.00010083133076309015
2048270074,2,10466,1,0.00010068579431693105,0.0007225612111815803,0.00010068579431693105
4031290003,4,11374,1,-0.00010064760480646808,0.0005598732525103828,0.00010064760480646808
4031780150,4,11374,1,-0.00010064760468190886,0.0005598732526179698,0.00010064760468190886
4023750175,4,11378,1,0.00010064207136508641,0.00034549878233976076,0.00010064207136508641
4125970076,4,11434,1,-0.00010056839273915576,0.00017723186685594333,0.00010056839273915576
3066270053,3,11223,1,0.00010052363121307985,0.0005956677126844418,0.00010052363121307985
4157170124,4,11691,1,0.00010052180580706231,0.0006255057100457033,0.00010052180580706231
4068230100,4,11366,1,-0.00010036766246527962,0.00031349261091797643,0.00010036766246527962
3015220002,3,11233,1,-0.00010019201491891168,0.001096283330753368,0.00010019201491891168
4019670073,4,11368,1,-0.00010018371264690558,0.00039944464268182767,0.00010018371264690558
4121030069,4,11436,1,-0.0001001505364775314,0.0009106158795619679,0.0001001505364775314
2046920012,2,10469,1,0.00010011921287383435,0.00032396253309215236,0.00010011921287383435
4027570055,4,11378,1,-9.972427003655152e-05,0.00016701392846288842,9.972427003655152e-05
4070020041,4,11366,1,-9.960948582702511e-05,0.0002409441656928843,9.960948582702511e-05
4071920050,4,11366,1,9.94674152145314e-05,0.000957991423774173,9.94674152145314e-05
4114260017,4,11414,1,9.930684976832327e-05,0.0006498507977790922,9.930684976832327e-05
2057590618,2,10463,1,9.924021872449729e-05,0.0003038778102299831,9.924021872449729e-05
4132730029,4,11434,1,9.92157835595362e-05,0.0003083497310262905,9.92157835595362e-05
3063080068,3,11228,1,9.89225969142488e-05,0.0003249997780426814,9.89225969142488e-05
4073970016,4,11364,1,9.888382933498462e-05,0.0008599029784764671,9.888382933498462e-05
4052160002,4,11355,1,9.881450318324016e-05,0.0006994680075421578,9.881450318324016e-05
4065970062,4,11367,1,9.877592123412456e-05,0.0005321918435536859,9.877592123412456e-05
3076500035,3,11210,1,-9.8767604216202e-05,0.000469252659267661,9.8767604216202e-05
3053380001,3,11218,1,-9.872701899966385e-05,0.0005694338874745313,9.872701899966385e-05
4045410035,4,11357,1,9.865366395544177e-05,0.00029311747077690484,9.865366395544177e-05
3062140074,3,11204,1,-9.863392151031111e-05,0.0005507813568406316,9.863392151031111e-05
3071520064,3,11223,1,-9.849030564704969e-05,0.00024762797612507594,9.849030564704969e-05
3073520051,3,11229,1,-9.811171447243397e-05,0.0010921957015024991,9.811171447243397e-05
4095560056,4,11419,1,9.806822932720185e-05,0.00011556647752336514,9.806822932720185e-05
4071910053,4,11366,1,-9.800959947153928e-05,0.0006565228715024683,9.800959947153928e-05
2043730001,2,10469,1,-9.794448924849752e-05,0.0006859613718906677,9.794448924849752e-05
3056270001,3,11219,1,9.780413825503264e-05,0.00018738200747541944,9.780413825503264e-05
4118180028,4,11420,1,-9.779615240662661e-05,0.0007202941205752021,9.779615240662661e-05
4016870063,4,11369,1,-9.773187847290083e-05,0.0005992670424289817,9.773187847290083e-05
4027790068,4,11378,1,9.760109429292287e-05,0.0001460951124221779,9.760109429292287e-05
3074150041,3,11235,1,-9.751595357436024e-05,0.0007548242659673044,9.751595357436024e-05
4095680053,4,11419,1,-9.737988469161308e-05,0.0005623271138506902,9.737988469161308e-05
4038280073,4,11385,1,-9.72976336031394e-05,0.00018154323682934278,9.72976336031394e-05
4077810011,4,11427,1,9.724219883807875e-05,0.0006859588191754995,9.724219883807875e-05
4110930007,4,11429,1,-9.646972636146692e-05,0.00011471636580025309,9.646972636146692e-05
4104720013,4,11423,1,-9.642637358486693e-05,0.0009786221575349403,9.642637358486693e-05
2042990025,2,10462,1,-9.634303627008059e-05,0.00016898771025747694,9.634303627008059e-05
4035010019,4,11385,1,9.631720168922644e-05,0.0006109127751845642,9.631720168922644e-05
4071150054,4,11365,1,-9.623590086775491e-05,0.0008311028817463183,9.623590086775491e-05
4156700020,4,11691,1,-9.617476409640605e-05,0.00034329594690419755,9.617476409640605e-05
3069100027,3,11214,1,9.58306719068292e-05,0.00041708321644337695,9.58306719068292e-05
4037090028,4,11385,1,-9.578141312114548e-05,0.0008386110133532483,9.578141312114548e-05
4091750079,4,11417,1,9.571525816991255e-05,0.0003588871562095771,9.571525816991255e-05
3018390071,3,11216,1,-9.565736464013777e-05,0.00020134080783288055,9.565736464013777e-05
3007180024,3,11232,1,-9.563237813986735e-05,0.00026118291387253553,9.563237813986735e-05
2037330024,2,10472,1,-9.561573395592944e-05,0.0004848867042405656,9.561573395592944e-05
4032110016,4,11375,1,9.55998447326625e-05,0.000241674397064582,9.55998447326625e-05
3083000040,3,11236,1,-9.541436188088278e-05,0.0008101446030042057,9.541436188088278e-05
3011120085,3,11215,1,-9.532442986728089e-05,0.0005985852368421228,9.532442986728089e-05
2050440005,2,10466,1,-9.513229065477402e-05,0.00021215754232060407,9.513229065477402e-05
4030220017,4,11379,1,-9.510423584571906e-05,0.0008019721103592179,9.510423584571906e-05
3010360017,3,11215,1,9.510278170940803e-05,0.0003419883854623845,9.510278170940803e-05
2058790748,2,10471,1,-9.506481567167697e-05,0.000360845805360282,9.506481567167697e-05
4093290051,4,11418,1,9.488777033451616e-05,0.00023994141285638956,9.488777033451616e-05
4121950057,4,11434,1,9.486903653590077e-05,0.0006872716469689947,9.486903653590077e-05
3075900046,3,11210,1,-9.485581382832005e-05,0.0008239001210241447,9.485581382832005e-05
4032280055,4,11375,1,-9.454606554090223e-05,0.0003920612528295021,9.454606554090223e-05
2056300043,2,10464,1,-9.43992030021532e-05,0.00041974461560199505,9.43992030021532e-05
3072920077,3,11229,1,-9.438371923911452e-05,0.0004968680414322617,9.438371923911452e-05
4079820037,4,11426,1,9.43727717500269e-05,0.00047479279432731684,9.43727717500269e-05
4110120040,4,11412,1,-9.435330078168787e-05,0.00048624808628054423,9.435330078168787e-05
3075870068,3,11210,1,9.423896860852923e-05,0.0009189957574213922,9.423896860852923e-05
2036810042,2,10473,1,-9.422989064175542e-05,0.00023559802021699347,9.422989064175542e-05
4026780001,4,11378,1,-9.421978539155755e-05,0.00010947471658738004,9.421978539155755e-05
4073650055,4,11364,1,9.407115349527602e-05,0.0004581683169343039,9.407115349527602e-05
3028660047,3,11211,1,9.401461641108432e-05,0.00019540771823980393,9.401461641108432e-05
4070050045,4,11366,1,9.400115174904849e-05,0.0004967948607041763,9.400115174904849e-05
4128100106,4,11411,1,-9.400107919606473e-05,0.00017385368754008852,9.400107919606473e-05
4021820127,4,11375,1,9.397945851200506e-05,0.0004693310215716176,9.397945851200506e-05
4048200016,4,11354,1,-9.397932586543105e-05,0.00011493475843774365,9.397932586543105e-05
3051420073,3,11218,1,-9.376845367199706e-05,0.00037323205989677594,9.376845367199706e-05
3026850020,3,11222,1,-9.37320768077319e-05,0.000565103287988102,9.37320768077319e-05
4032060010,4,11375,1,-9.340326941212035e-05,0.0006755246781279897,9.340326941212035e-05
4095090018,4,11417,1,-9.337060231478265e-05,0.000556282470348554,9.337060231478265e-05
4157620041,4,11691,1,9.326730304363161e-05,0.0008975108111774288,9.326730304363161e-05
2047840032,2,10469,1,-9.32128986953094e-05,0.0005042071910666446,9.32128986953094e-05
2046640033,2,10467,1,-9.312311605974693e-05,0.0006397557189509698,9.312311605974693e-05
4019260034,4,11368,1,9.293685296532164e-05,0.00023357108665001167,9.293685296532164e-05
4078330015,4,11364,1,-9.256837253903658e-05,0.000517100572050052,9.256837253903658e-05
3034330032,3,11207,1,-9.252666559090832e-05,0.0004216389119548134,9.252666559090832e-05
4041280028,4,11356,1,9.252424147747614e-05,0.00042640124024941246,9.252424147747614e-05
4008670102,4,11105,1,9.234850199858695e-05,0.000700717429348878,9.234850199858695e-05
4113190029,4,11411,1,9.222444225234388e-05,0.0007988076914378319,9.222444225234388e-05
4094250004,4,11416,1,-9.221040933785009e-05,0.0005228949644639709,9.221040933785009e-05
3051400045,3,11226,1,9.216792083132657e-05,0.0009728684628789031,9.216792083132657e-05
3051010024,3,11226,1,-9.211752345801952e-05,0.0002712630158551775,9.211752345801952e-05
3026540059,3,11222,1,9.192217495706098e-05,0.0002285519956918899,9.192217495706098e-05
3065530047,3,11204,1,9.182174356933433e-05,0.00015222333909793313,9.182174356933433e-05
3088300010,3,11229,1,-9.177969038503598e-05,0.00019494812769728007,9.177969038503598e-05
3039880008,3,11208,1,9.156359343638886e-05,0.00034498701508937094,9.156359343638886e-05
4063930016,4,11367,1,-9.146542080147005e-05,0.000505729769002045,9.146542080147005e-05
3081860003,3,11236,1,-9.145697268681992e-05,0.0003766543960131539,9.145697268681992e-05
4096810040,4,11435,1,-9.132446083353929e-05,0.0003131614140106355,9.132446083353929e-05
4015130008,4,11373,1,9.121071049775953e-05,0.00018438618279525447,9.121071049775953e-05
2046420052,2,10467,1,9.119242967982647e-05,0.0010086316271031629,9.119242967982647e-05
3049800044,3,11203,1,-9.1082174066632e-05,0.00021748348335826187,9.1082174066632e-05
3033880045,3,11221,1,-9.102048468547911e-05,0.00028160144425301234,9.102048468547911e-05
4019720024,4,11368,1,9.098865567036077e-05,0.0002567659287557138,9.098865567036077e-05
3018630047,3,11216,1,-9.086939311472167e-05,0.0009487740624816927,9.086939311472167e-05
3015320023,3,11233,1,-9.06660621420589e-05,0.0008013064768106484,9.06660621420589e-05
4078340033,4,11364,1,-9.066134647776945e-05,0.0007303566677413999,9.066134647776945e-05
3013660024,3,11213,1,9.058864921434009e-05,0.0001857441306102282,9.058864921434009e-05
2032950030,2,10458,1,9.042393209048193e-05,0.000648542640393825,9.042393209048193e-05
4081400118,4,11363,1,9.034204723887733e-05,0.00030299076003863234,9.034204723887733e-05
4031440001,4,11374,1,9.029561803221677e-05,0.00035441932332696874,9.029561803221677e-05
4091000064,4,11416,1,9.023448282353697e-05,0.0006127689998954988,9.023448282353697e-05
4117760072,4,11420,1,-9.021914160830662e-05,0.00042073018980369513,9.021914160830662e-05
3056700074,3,11219,1,9.016086126242259e-05,0.0004060928766566218,9.016086126242259e-05
4122010070,4,11434,1,9.012047536228759e-05,0.0005051152523852869,9.012047536228759e-05
4008100016,4,11105,1,9.005549744323255e-05,0.00045482499005836363,9.005549744323255e-05
3018330015,3,11216,1,-9.003678709835226e-05,0.00029185716748470744,9.003678709835226e-05
2024360031,2,10456,1,-8.999139965958344e-05,0.0002232210293677547,8.999139965958344e-05
2046870065,2,10469,1,-8.992678822248033e-05,0.0006018616153453772,8.992678822248033e-05
4080800029,4,11363,1,8.970119999732557e-05,0.00036460654512610903,8.970119999732557e-05
2022890172,2,10454,1,8.949173728850874e-05,0.0005938984114185387,8.949173728850874e-05
3013680056,3,11213,1,-8.935352187724881e-05,0.00016099961868021328,8.935352187724881e-05
4095700059,4,11419,1,8.926922973843963e-05,0.0004955780073274959,8.926922973843963e-05
4067430025,4,11367,1,-8.92244160814794e-05,0.0011507663965410996,8.92244160814794e-05
4035160050,4,11385,1,-8.898688735364638e-05,0.00034366841846405696,8.898688735364638e-05
4042530054,4,11354,1,-8.88744438705309e-05,0.0007089848142239827,8.88744438705309e-05
4071370047,4,11365,1,8.875366596563777e-05,0.00020115653662078592,8.875366596563777e-05
4118930001,4,11420,2,8.853943315756125e-05,0.0011477897258738007,8.853943315756125e-05
3076790059,3,11210,1,-8.852854153499454e-05,0.0005690987875498573,8.852854153499454e-05
4039220009,4,11356,1,-8.839606746574505e-05,0.0001885883378006115,8.839606746574505e-05
3083660115,3,11234,1,8.830660024328299e-05,0.0003447781117014468,8.830660024328299e-05
3050710042,3,11218,1,-8.829868728320715e-05,0.0005795020761827528,8.829868728320715e-05
2056420004,2,10464,1,-8.823443745735151e-05,0.0005758454323008075,8.823443745735151e-05
3059600024,3,11209,1,-8.809000849168398e-05,0.0003232667920325536,8.809000849168398e-05
3017620060,3,11205,1,-8.804778075050437e-05,0.00044929656317513366,8.804778075050437e-05
2040200043,2,10460,1,8.802990015801237e-05,0.0010853444571172195,8.802990015801237e-05
4088300103,4,11001,1,8.799272473498861e-05,0.0003414637726752673,8.799272473498861e-05
4088110029,4,11001,1,8.799272461910649e-05,0.00034146377210104393,8.799272461910649e-05
2046380048,2,10469,1,-8.795214713227662e-05,0.0002986105748007234,8.795214713227662e-05
2046170001,2,10469,1,-8.794222811451674e-05,0.00026164626615496486,8.794222811451674e-05
3053120026,3,11218,1,8.791298586907948e-05,0.0004195032703831929,8.791298586907948e-05
2042320011,2,10461,1,-8.791095391087836e-05,0.00013520440513296333,8.791095391087836e-05
2041310007,2,10461,1,8.787551461705896e-05,0.0006204355397330679,8.787551461705896e-05
2032070020,2,10453,1,8.786167329695376e-05,0.00022583480788620718,8.786167329695376e-05
3001940009,3,11201,1,8.776562498946002e-05,0.000583851566001681,8.776562498946002e-05
3002200005,3,11201,1,8.776562480234723e-05,0.0005838515658458048,8.776562480234723e-05
4060550112,4,11361,1,8.775771077191297e-05,0.00024961929904909676,8.775771077191297e-05
4053530037,4,11358,1,-8.769204687944222e-05,0.0004553238955234031,8.769204687944222e-05
4105910029,4,11427,1,8.767420091014775e-05,0.0009318156840236462,8.767420091014775e-05
4120000007,4,11436,1,-8.741845232540973e-05,0.0003399613272622217,8.741845232540973e-05
2031440080,2,10457,1,-8.739933364133355e-05,0.0002824859080792516,8.739933364133355e-05
2033980007,2,10470,1,-8.720097889402432e-05,0.00036400731810353794,8.720097889402432e-05
3015150028,3,11233,1,8.714461638626502e-05,0.0006131080364371638,8.714461638626502e-05
3038360035,3,11207,1,-8.702778327738588e-05,0.00025097895340063335,8.702778327738588e-05
4119630012,4,11435,1,-8.697347767463397e-05,0.0008106925180719877,8.697347767463397e-05
3071430022,3,11223,1,8.635267153940235e-05,0.00029082778296051745,8.635267153940235e-05
3004300016,3,11231,1,-8.616289649719135e-05,0.0008240546436941514,8.616289649719135e-05
4115920022,4,11420,1,-8.614530591264765e-05,9.479543432160776e-05,8.614530591264765e-05
4094910059,4,11419,1,-8.61169164759388e-05,0.00043150305517181587,8.61169164759388e-05
3007010023,3,11232,1,-8.596633656364955e-05,0.00032324306756754387,8.596633656364955e-05
3012140069,3,11213,1,8.59523045701878e-05,0.0003900411378236295,8.59523045701878e-05
4097130130,4,11435,1,-8.585406567674511e-05,0.0002807627602160553,8.585406567674511e-05
3010470069,3,11215,1,-8.57000307485229e-05,0.0004443660077837338,8.57000307485229e-05
4044970008,4,11357,1,-8.567674390873192e-05,0.0007766919500500297,8.567674390873192e-05
4065340043,4,11367,1,-8.565175833230132e-05,0.0003085085959078958,8.565175833230132e-05
4012960055,4,11377,1,-8.562677650811648e-05,0.00014303482962437395,8.562677650811648e-05
4075240031,4,11364,1,-8.549222276459445e-05,0.0008714953477751605,8.549222276459445e-05
4055980028,4,11365,1,8.547809026792283e-05,0.0005547021198111324,8.547809026792283e-05
4027180104,4,11378,1,-8.533043542090113e-05,9.093725710561875e-05,8.533043542090113e-05
3046750050,3,11203,1,8.526042339567782e-05,0.00028624161417585976,8.526042339567782e-05
4061480037,4,11361,1,-8.504907247052083e-05,0.001024297802348478,8.504907247052083e-05
4074350025,4,11364,1,-8.499772130464867e-05,0.0006338247402307438,8.499772130464867e-05
3035150049,3,11212,1,-8.496293671509425e-05,0.0005552570912363301,8.496293671509425e-05
3071770024,3,11223,1,8.494481649627844e-05,0.0003931489820560955,8.494481649627844e-05
3004540012,3,11215,1,8.4881770014435e-05,0.00017344446768975907,8.4881770014435e-05
4095560044,4,11419,1,-8.481769692368305e-05,0.0005834395770105094,8.481769692368305e-05
4060920011,4,11361,1,-8.481082573927293e-05,0.0006634951022317891,8.481082573927293e-05
3059720031,3,11209,1,8.476918337464315e-05,0.00046695363161239177,8.476918337464315e-05
4062220010,4,11361,1,-8.475959193118287e-05,0.0003935845238005442,8.475959193118287e-05
4052180114,4,11355,1,8.457762956012181e-05,0.00034879103310089896,8.457762956012181e-05
4102840027,4,11433,1,8.456800815284969e-05,0.00022365723491606494,8.456800815284969e-05
4028810016,4,11373,1,8.452383013966403e-05,0.00016835123725710729,8.452383013966403e-05
4017230018,4,11368,1,-8.443075145123325e-05,0.0002795693952391771,8.443075145123325e-05
3083650025,3,11234,1,8.439336678153994e-05,0.00023551805600386357,8.439336678153994e-05
3042670006,3,11208,1,8.429546424915882e-05,0.0004894008648996906,8.429546424915882e-05
3071030065,3,11223,1,-8.425898376098192e-05,0.0004508505816836261,8.425898376098192e-05
4082450011,4,11362,1,-8.42392498239707e-05,0.0007501369742133108,8.42392498239707e-05
3075680001,3,11210,1,-8.413851419118735e-05,0.0001989302949391393,8.413851419118735e-05
3075680084,3,11210,1,-8.413851419118735e-05,0.0001989302949391393,8.413851419118735e-05
3060590065,3,11209,1,-8.4084036422098e-05,0.0001916513741012459,8.4084036422098e-05
4131790003,4,11413,1,-8.406650015974452e-05,0.00018414238367734322,8.406650015974452e-05
3051900031,3,11226,1,8.401349109224517e-05,0.00021790086513136432,8.401349109224517e-05
4024920065,4,11373,1,-8.391697212390077e-05,0.00044340411988744627,8.391697212390077e-05
3061070095,3,11209,1,8.38585849283815e-05,0.00016643442817434442,8.38585849283815e-05
3066050165,3,11204,1,8.384559909036492e-05,0.0001960730106876295,8.384559909036492e-05
3055150022,3,11204,1,-8.379769926513984e-05,0.0005535193590122196,8.379769926513984e-05
3017750016,3,11206,1,8.365595543080581e-05,0.0005815581297667371,8.365595543080581e-05
4029400067,4,11379,1,8.361419203511214e-05,0.0007200620348259937,8.361419203511214e-05
4001550084,4,11104,2,-8.355219427744968e-05,0.00058771747073574,8.355219427744968e-05
3016030163,3,11221,1,-8.346766528870902e-05,0.00044608104507856564,8.346766528870902e-05
4163010038,4,11694,1,8.313124244736767e-05,0.0003629856786328288,8.313124244736767e-05
3013790048,3,11213,1,-8.297226706294875e-05,0.0002898038488419739,8.297226706294875e-05
4139850026,4,11414,1,-8.286949781648376e-05,0.00042389980815378894,8.286949781648376e-05
3059620005,3,11209,1,8.272002063717374e-05,0.0001429243638224826,8.272002063717374e-05
4072100053,4,11366,1,8.271764529880674e-05,0.0007421433557579676,8.271764529880674e-05
4091630082,4,11417,1,8.258122440414667e-05,0.0005542022100274682,8.258122440414667e-05
4072330076,4,11432,1,-8.257542403534849e-05,0.0002818677787937667,8.257542403534849e-05
3020730045,3,11205,1,-8.253227001399604e-05,0.0008010747389946357,8.253227001399604e-05
4080230016,4,11363,1,8.239858172463121e-05,0.0005787903736458637,8.239858172463121e-05
3054480050,3,11204,1,8.2374120938208e-05,0.0004969930923095306,8.2374120938208e-05
3087290071,3,11235,1,8.233294304945156e-05,0.0006259660077707451,8.233294304945156e-05
3018390058,3,11216,2,-8.231538501636451e-05,0.0004529937489440715,8.231538501636451e-05
4120070280,4,11436,1,8.230790339636143e-05,0.0006102076581670311,8.230790339636143e-05
3079130029,3,11236,1,8.229989341235975e-05,0.00037717887260855034,8.229989341235975e-05
4125700029,4,11434,1,8.209527747123167e-05,0.0003670808842576775,8.209527747123167e-05
4102920091,4,11433,1,8.202472339165444e-05,0.0007080346969996665,8.202472339165444e-05
3019010024,3,11205,1,8.191924387714898e-05,0.00035009644150891525,8.191924387714898e-05
4019650004,4,11368,1,-8.182515484960444e-05,0.00017594981164442447,8.182515484960444e-05
4129000011,4,11413,1,8.17513011811313e-05,0.0005945697097087459,8.17513011811313e-05
3044550056,3,11208,1,-8.156610425538107e-05,0.0003180039266567974,8.156610425538107e-05
3013150051,3,11225,1,-8.146806910003011e-05,0.0007081052779768988,8.146806910003011e-05
4052230045,4,11355,1,-8.142771392058757e-05,0.0007219322462016604,8.142771392058757e-05
4161680051,4,11693,1,8.134044550880395e-05,0.0001757062743984982,8.134044550880395e-05
3073790059,3,11229,1,8.129244112883454e-05,0.0006365873142574655,8.129244112883454e-05
4064320052,4,11355,1,8.12419522214688e-05,0.0002834336301680988,8.12419522214688e-05
4069220009,4,11365,1,8.105341464343707e-05,0.000625228723982381,8.105341464343707e-05
4108270007,4,11423,1,-8.105184013665646e-05,0.0001254103238583944,8.105184013665646e-05
3033660038,3,11221,1,-8.102401185853044e-05,0.00048656591090198904,8.102401185853044e-05
3087430038,3,11235,1,8.100947353002964e-05,0.0003931600776526782,8.100947353002964e-05
2026520026,2,10456,1,-8.095600798105099e-05,0.00024577949370567953,8.095600798105099e-05
3003290123,3,11231,1,-8.08106567240033e-05,0.0001470192089257945,8.08106567240033e-05
4019920037,4,11368,1,8.077626901288928e-05,0.00041924989757945977,8.077626901288928e-05
2026910014,2,10459,1,-8.076333618584466e-05,0.00021526048931326725,8.076333618584466e-05
3008850032,3,11215,1,-8.072726604301187e-05,0.00017415243778940077,8.072726604301187e-05
4064340020,4,11355,1,8.069364636914715e-05,0.00014703277063529813,8.069364636914715e-05
4061000025,4,11361,1,-8.058889573495242e-05,0.0004442634563778112,8.058889573495242e-05
3065160014,3,11230,1,-8.037533032281586e-05,0.0001671651295561933,8.037533032281586e-05
3047100026,3,11236,1,8.033586089718413e-05,0.0006819600378461788,8.033586089718413e-05
3003850011,3,11201,1,8.020770774185468e-05,0.00025806977436172143,8.020770774185468e-05
4048340081,4,11354,1,-8.000719298758584e-05,0.000353345730557755,8.000719298758584e-05
3012430064,3,11213,1,-7.994301363104653e-05,0.00031698979766225016,7.994301363104653e-05
3089550094,3,11229,1,-7.98549269348894e-05,0.0002907562843838832,7.98549269348894e-05
4008660047,4,11105,1,7.974413818960993e-05,0.0007140433899980089,7.974413818960993e-05
3018410079,3,11216,1,-7.962366355683736e-05,0.00015488634589831587,7.962366355683736e-05
4007220025,4,11103,2,7.945861729095297e-05,0.0004151873946898035,7.945861729095297e-05
4135900002,4,11422,1,-7.945257635691322e-05,0.0004972763070690301,7.945257635691322e-05
3037410014,3,11207,1,7.916950928697441e-05,0.00042109979797179614,7.916950928697441e-05
2040230049,2,10460,1,-7.90957782077449e-05,0.0010547543441831672,7.90957782077449e-05
4026880053,4,11378,1,-7.906854020493685e-05,0.0007564626449338249,7.906854020493685e-05
2051190029,2,10470,1,-7.901599943562976e-05,0.00032193760084518416,7.901599943562976e-05
2025770008,2,10455,1,-7.891914678328834e-05,0.00042654398545577805,7.891914678328834e-05
2026170057,2,10455,1,-7.89191466814642e-05,0.00042654398512180605,7.89191466814642e-05
3019030031,3,11205,1,7.86644316909196e-05,0.0006309325189046202,7.86644316909196e-05
4110930022,4,11429,1,-7.86513882799961e-05,0.0010107589272057786,7.86513882799961e-05
3071190050,3,11223,1,7.864515183570345e-05,0.0007808639230696341,7.864515183570345e-05
2048250067,2,10466,1,-7.863727504012984e-05,0.00034337996998209675,7.863727504012984e-05
4160050155,4,11692,1,-7.854471341295932e-05,0.0004943867713175723,7.854471341295932e-05
4054310010,4,11355,1,7.841899046773205e-05,0.0008160197279329092,7.841899046773205e-05
3076610031,3,11210,1,7.835968636639345e-05,0.00010057091436244082,7.835968636639345e-05
4098720036,4,11432,1,-7.831081178843006e-05,0.0006703748622541577,7.831081178843006e-05
2048570037,2,10466,1,-7.83086451909607e-05,0.0004500412725491642,7.83086451909607e-05
4048290016,4,11354,1,7.797577057211047e-05,0.00024474559838440836,7.797577057211047e-05
4008790048,4,11105,1,-7.789497919556157e-05,0.0003170595878620218,7.789497919556157e-05
4104560067,4,11423,1,-7.783288622788059e-05,0.00011291050557510588,7.783288622788059e-05
3055150041,3,11204,1,7.77586648659199e-05,0.0005772927138028908,7.77586648659199e-05
2029660219,2,10460,1,-7.769491637174677e-05,0.00027831043575411035,7.769491637174677e-05
3049940057,3,11210,1,7.761391377531493e-05,0.0005552943253932294,7.761391377531493e-05
2055180255,2,10465,1,7.754915282954108e-05,0.00036223572663642825,7.754915282954108e-05
3081710038,3,11236,1,-7.750222351117493e-05,0.00012352154439991783,7.750222351117493e-05
4086000063,4,11426,1,7.746437030565927e-05,0.0006149738143220786,7.746437030565927e-05
4124940045,4,11434,1,7.740882791391774e-05,0.0007030896283378258,7.740882791391774e-05
4141910043,4,11414,1,-7.734769208259569e-05,0.00047966379280055255,7.734769208259569e-05
2045620020,2,10469,1,7.726085251365432e-05,0.00041734278335129905,7.726085251365432e-05
4037000006,4,11385,1,-7.717253840270287e-05,0.0007320064134666377,7.717253840270287e-05
4126270029,4,11412,1,7.710409109091222e-05,0.0005814302503043313,7.710409109091222e-05
4142250266,4,11414,1,7.703224116443065e-05,0.00022821403041670623,7.703224116443065e-05
2042720007,2,10461,1,-7.702758704588027e-05,0.00027486977399394295,7.702758704588027e-05
4038950027,4,11375,1,7.701569412326038e-05,0.0005425134995242236,7.701569412326038e-05
4069870032,4,11366,1,7.700020915575096e-05,0.0004627477115227502,7.700020915575096e-05
3073130040,3,11229,1,-7.699986054417571e-05,0.0010402862792157847,7.699986054417571e-05
3027570039,3,11211,1,-7.697339476741576e-05,0.00047256954339662424,7.697339476741576e-05
3080860069,3,11236,1,7.697186130667338e-05,0.0004885187525497112,7.697186130667338e-05
2037730022,2,10472,1,-7.69599958591362e-05,0.00026729172425372645,7.69599958591362e-05
4091620024,4,11417,1,7.690783229881647e-05,0.0006404236859010405,7.690783229881647e-05
4107570012,4,11428,1,7.679082990549731e-05,0.0008985556767469216,7.679082990549731e-05
3053870076,3,11218,1,7.676838666583342e-05,0.00039281016105135905,7.676838666583342e-05
4037730056,4,11379,1,-7.67173401795904e-05,0.00042294662593028444,7.67173401795904e-05
3006570030,3,11232,1,-7.667958520459788e-05,0.0001230122213843279,7.667958520459788e-05
3068980005,3,11214,1,7.657903640083258e-05,0.0002923225452026985,7.657903640083258e-05
2046180018,2,10469,1,-7.655826447020342e-05,0.0003350266589903993,7.655826447020342e-05
4105010060,4,11423,1,-7.643407887219052e-05,0.00045978468647042155,7.643407887219052e-05
3013040053,3,11225,1,7.626683255875626e-05,0.00012758237733952857,7.626683255875626e-05
3082480038,3,11236,1,7.62419504012336e-05,0.00012498515894842523,7.62419504012336e-05
4059990038,4,11360,1,-7.622292743285594e-05,0.0005665685761231403,7.622292743285594e-05
3066030033,3,11204,1,-7.605069604597745e-05,0.00022078248501207208,7.605069604597745e-05
3062420034,3,11228,1,7.595686714242715e-05,0.0002972148957077603,7.595686714242715e-05
2057580338,2,10463,1,7.593140569929526e-05,0.00030092383776333075,7.593140569929526e-05
2032530034,2,10463,1,7.593140569008545e-05,0.00030092383788053777,7.593140569008545e-05
4083920172,4,11362,1,-7.58433097591594e-05,0.0006534954204857724,7.58433097591594e-05
4097230212,4,11435,1,7.579770845535174e-05,0.0002895222661671641,7.579770845535174e-05
2038480115,2,10461,1,7.576923159818702e-05,0.00027729050743155334,7.576923159818702e-05
3037040019,3,11207,1,7.559543828912087e-05,0.0005196970749821875,7.559543828912087e-05
4074360048,4,11364,1,7.550755097706299e-05,0.00034850317317762405,7.550755097706299e-05
4022960036,4,11377,1,7.54427001081519e-05,0.0005786801444689371,7.54427001081519e-05
3013190065,3,11225,1,7.541819092631865e-05,0.0006497982303411874,7.541819092631865e-05
4161030081,4,11693,1,7.541757968312033e-05,0.000437774270733942,7.541757968312033e-05
4113020022,4,11411,1,-7.538016056522321e-05,0.00031549007540128355,7.538016056522321e-05
3007450034,3,11220,1,-7.536782428700736e-05,0.0004078853654853032,7.536782428700736e-05
4039360006,4,11356,1,-7.528368423706679e-05,0.00026995639788083485,7.528368423706679e-05
3049670001,3,11203,1,7.525862009811153e-05,0.0002933239388493562,7.525862009811153e-05
3060550001,3,11228,1,7.518685918900934e-05,0.0002764335827726354,7.518685918900934e-05
4029650015,4,11379,1,-7.514836163602876e-05,0.0006672835062773452,7.514836163602876e-05
4074310007,4,11364,1,-7.50963749934366e-05,0.0005176592730288788,7.50963749934366e-05
4104500021,4,11423,1,-7.493706424821091e-05,0.00027466488975953437,7.493706424821091e-05
4140740065,4,11414,1,-7.490765106917418e-05,0.000847350972864453,7.490765106917418e-05
4063090037,4,11361,1,7.47281583686795e-05,0.0004631069574904628,7.47281583686795e-05
3018150034,3,11221,1,7.460978097215687e-05,0.00047883294121688004,7.460978097215687e-05
3059570066,3,11209,1,7.459450832142559e-05,0.0005940700991216504,7.459450832142559e-05
3041630040,3,11208,1,-7.45682858553178e-05,0.0004544854235059094,7.45682858553178e-05
4091480018,4,11417,1,-7.445977441983176e-05,0.00037380435008078314,7.445977441983176e-05
3071440020,3,11223,1,7.441963497105232e-05,0.00010182374909520888,7.441963497105232e-05
4058630390,4,11360,1,-7.429823819466974e-05,0.0006543834381587776,7.429823819466974e-05
4077940490,4,11427,1,-7.429736235128987e-05,0.0007666396125122703,7.429736235128987e-05
2054580037,2,10465,1,-7.424295040927893e-05,0.0005010580511352039,7.424295040927893e-05
2042300001,2,10461,1,-7.423608247422299e-05,0.00027892008508302254,7.423608247422299e-05
3073200068,3,11229,1,7.421194283353835e-05,0.0013782039102180194,7.421194283353835e-05
3040070028,3,11208,1,-7.405522903116145e-05,0.00017215502189446924,7.405522903116145e-05
4071070021,4,11365,1,-7.39929972726868e-05,0.0007778134776165407,7.39929972726868e-05
4080010013,4,11426,1,-7.395127123142709e-05,0.00033986490004793977,7.395127123142709e-05
3016450014,3,11221,1,-7.392452018298282e-05,0.0005878862140247506,7.392452018298282e-05
3085950065,3,11234,1,-7.386303135630573e-05,0.0007311734314749945,7.386303135630573e-05
4050340026,4,11354,1,-7.38596854994561e-05,0.0001610343129134702,7.38596854994561e-05
2056480078,2,10464,1,-7.38384135723021e-05,0.0002911276058612648,7.38384135723021e-05
3021130008,3,11217,1,7.379513531357275e-05,0.00031401376022353595,7.379513531357275e-05
3073750037,3,11229,1,7.375369286606495e-05,0.00017524777006852656,7.375369286606495e-05
4036030035,4,11379,1,7.373697812911924e-05,0.0007911965850994037,7.373697812911924e-05
2053550045,2,10461,1,-7.366808764037162e-05,0.0008186007192003844,7.366808764037162e-05
3064630127,3,11214,1,7.36606500355528e-05,0.0003714857604997938,7.36606500355528e-05
4069820051,4,11366,1,7.358042498593457e-05,0.0003120207390962324,7.358042498593457e-05
3065860066,3,11230,1,7.353237665962416e-05,0.0001718950496318392,7.353237665962416e-05
2033110119,2,10458,1,7.346168287669427e-05,0.000430147722857991,7.346168287669427e-05
4105140051,4,11423,1,-7.346143521084336e-05,0.0005829573517898923,7.346143521084336e-05
4117570088,4,11420,1,-7.340407162327992e-05,0.00019124927357548014,7.340407162327992e-05
4059500010,4,11360,1,7.321161012962673e-05,0.0004675879891461504,7.321161012962673e-05
4065850087,4,11367,1,7.312225395498739e-05,0.00076899231699074,7.312225395498739e-05
3080830065,3,11236,1,7.309313549593076e-05,0.00025064587054626737,7.309313549593076e-05
3047820077,3,11203,1,-7.30080317666093e-05,0.00027889952524172456,7.30080317666093e-05
3074580034,3,11235,1,7.300773710349486e-05,0.000996055820444727,7.300773710349486e-05
4088470232,4,11421,1,-7.294695321206821e-05,0.0002907812307265083,7.294695321206821e-05
4088920104,4,11421,1,-7.283713728012515e-05,0.0006235884207912016,7.283713728012515e-05
4013270005,4,11377,1,7.260434655093165e-05,0.00030569664010604233,7.260434655093165e-05
4071770054,4,11366,1,-7.26001125991131e-05,0.0006106115648474117,7.26001125991131e-05
3071750064,3,11223,1,-7.252419128705895e-05,0.00021763805748532716,7.252419128705895e-05
3026880079,3,11222,1,-7.25237591179473e-05,0.00030536149921041127,7.25237591179473e-05
3010120025,3,11215,1,7.248062406606357e-05,7.720642426688185e-05,7.248062406606357e-05
3083020065,3,11236,1,7.242750424750476e-05,0.0005650033344632844,7.242750424750476e-05
2032530135,2,10463,1,-7.227982109558449e-05,0.00013748011890910556,7.227982109558449e-05
4106060260,4,11428,1,-7.226968163957425e-05,0.0007419404888786006,7.226968163957425e-05
2055970020,2,10465,1,-7.226225483014262e-05,0.0006261276770194758,7.226225483014262e-05
4106490019,4,11428,1,-7.225937721899602e-05,0.000438401108008758,7.225937721899602e-05
4098220026,4,11432,1,-7.221432445339286e-05,0.0005524372273092528,7.221432445339286e-05
2027000013,2,10459,1,-7.220103197291329e-05,0.0002145680329138798,7.220103197291329e-05
4096830007,4,11435,1,7.20273561976982e-05,0.00014428346343888624,7.20273561976982e-05
3027630009,3,11211,1,7.202237624756867e-05,0.0005225132991180121,7.202237624756867e-05
3054800059,3,11204,1,7.202135129959026e-05,0.0005368139141759796,7.202135129959026e-05
4016650032,4,11369,1,-7.19514497868951e-05,0.00029595246462713325,7.19514497868951e-05
4075090081,4,11364,1,-7.186587296123015e-05,0.0004402045060082579,7.186587296123015e-05
4119380063,4,11435,1,-7.186515539612017e-05,0.00024573460935047514,7.186515539612017e-05
4038290058,4,11385,1,7.172790162122419e-05,0.00019345429135462805,7.172790162122419e-05
4014050024,4,11369,2,7.15706657433326e-05,0.0010831848012482503,7.15706657433326e-05
4061460011,4,11361,1,7.145212184560375e-05,0.00045466744129239403,7.145212184560375e-05
4035100010,4,11385,1,-7.142454635041147e-05,0.00046992600336355787,7.142454635041147e-05
3079850061,3,11236,1,-7.1237209665902e-05,0.0002414880304495285,7.1237209665902e-05
4006550052,4,11103,1,-7.077843730842979e-05,0.0004270669672650993,7.077843730842979e-05
4007010149,4,11103,1,-7.077843730373159e-05,0.00042706696694066044,7.077843730373159e-05
4093160044,4,11418,1,7.071194380889204e-05,0.0002792779458582565,7.071194380889204e-05
4094150179,4,11419,1,-7.07055395939931e-05,0.0003094853187603084,7.07055395939931e-05
3017880025,3,11205,1,-7.063964512881746e-05,0.00022937458165658178,7.063964512881746e-05
3027820007,3,11211,1,7.054515497979686e-05,0.0002873325994751456,7.054515497979686e-05
4066380043,4,11435,1,7.041893973113525e-05,0.0007766670024174699,7.041893973113525e-05
4072130057,4,11366,1,7.030201272468303e-05,0.0010521492510945048,7.030201272468303e-05
2033870012,2,10470,1,-7.025902874320914e-05,0.00041388996734974216,7.025902874320914e-05
2039680034,2,10462,1,7.004033048720909e-05,0.0002550806360923699,7.004033048720909e-05
3062350018,3,11228,1,6.992727344487647e-05,0.00017790574926289138,6.992727344487647e-05
3048810024,3,11203,1,-6.989690125871329e-05,0.0007034328976922116,6.989690125871329e-05
2034300281,2,10473,1,-6.965654567511035e-05,9.617735012366845e-05,6.965654567511035e-05
2025250027,2,10452,1,6.952428843043793e-05,0.0003467872695081811,6.952428843043793e-05
3078790012,3,11234,1,6.946281485922821e-05,0.0005639160813243333,6.946281485922821e-05
3067610024,3,11230,1,-6.936966313322026e-05,0.0008807068922172709,6.936966313322026e-05
3040080033,3,11208,1,6.936798535332153e-05,0.00017319195276763646,6.936798535332153e-05
4059930023,4,11360,1,-6.924413612933751e-05,0.0006828204267108327,6.924413612933751e-05
4076270047,4,11364,1,-6.917189738317303e-05,0.0006424251321464882,6.917189738317303e-05
2041900006,2,10461,1,6.90559292215175e-05,0.0006010703763314124,6.90559292215175e-05
3013190054,3,11225,1,-6.902855542031608e-05,0.00023752379944874436,6.902855542031608e-05
3032750062,3,11221,1,-6.890359965690143e-05,0.00029241140964770434,6.890359965690143e-05
3077880059,3,11210,1,6.88878186214967e-05,0.00020205271291141936,6.88878186214967e-05
4034250005,4,11385,1,-6.887832181967658e-05,0.0004377656156585724,6.887832181967658e-05
4161330032,4,11693,1,6.884380776590872e-05,0.0002788948200492553,6.884380776590872e-05
2045600037,2,10469,1,-6.873550056113642e-05,0.0001751710129155869,6.873550056113642e-05
4051480155,4,11355,1,6.861541851576673e-05,0.0003319098098484643,6.861541851576673e-05
3048050047,3,11203,1,-6.85619765906727e-05,0.000348904036176895,6.85619765906727e-05
2054060085,2,10465,1,6.852456176640994e-05,0.0005834562239406219,6.852456176640994e-05
2031440031,2,10457,1,-6.852072933627616e-05,0.00023309678270679696,6.852072933627616e-05
3056780039,3,11219,1,-6.840902806137296e-05,0.0007276799124293437,6.840902806137296e-05
2047510025,2,10469,1,6.836382097979867e-05,0.00018535226725293008,6.836382097979867e-05
4161690055,4,11693,1,6.831628625174053e-05,0.00033238074608304133,6.831628625174053e-05
4156180105,4,11691,1,-6.829096964340815e-05,0.0006976528381271163,6.829096964340815e-05
3008220064,3,11220,1,6.823717657316019e-05,0.0005015187977211234,6.823717657316019e-05
2055990026,2,10465,1,-6.813649143462471e-05,0.0001370427869253398,6.813649143462471e-05
3086010021,3,11234,1,6.812380868829074e-05,0.0002137639212100136,6.812380868829074e-05
2028880036,2,10457,1,-6.806671880182963e-05,0.000275321853104995,6.806671880182963e-05
3012050055,3,11216,1,-6.798680632671369e-05,0.0008485069746260944,6.798680632671369e-05
4054560054,4,11358,1,6.786593040627918e-05,0.0002862311756660918,6.786593040627918e-05
4088600005,4,11421,1,6.78118601052011e-05,0.0008507935720547032,6.78118601052011e-05
3077240049,3,11210,1,-6.780392663194174e-05,0.00021946301931085818,6.780392663194174e-05
3008920066,3,11215,1,-6.780113921198891e-05,0.0006350385308443609,6.780113921198891e-05
4088500040,4,11421,1,-6.776635698673211e-05,0.0007399197132331523,6.776635698673211e-05
4056230066,4,11365,1,-6.775167425103307e-05,0.00041639263962122363,6.775167425103307e-05
3066850105,3,11223,1,6.772424228413475e-05,0.000535323877201765,6.772424228413475e-05
2029770363,2,10460,1,-6.770976993865564e-05,0.00037752732169077754,6.770976993865564e-05
2055440124,2,10465,1,6.768089907567975e-05,0.0006652770576541139,6.768089907567975e-05
4058650002,4,11360,1,-6.761007495980968e-05,0.0007078994740376051,6.761007495980968e-05
3008760013,3,11215,1,-6.75986204141746e-05,0.00027036170448046175,6.75986204141746e-05
3034500022,3,11207,1,-6.753215608812787e-05,0.0006501766211971114,6.753215608812787e-05
3049310024,3,11226,1,6.752994996021388e-05,0.00012175265176549449,6.752994996021388e-05
4032810026,4,11375,1,6.751471365038024e-05,0.0007062066319675532,6.751471365038024e-05
3053230070,3,11218,1,-6.746848772049165e-05,0.00040705095100278596,6.746848772049165e-05
3076050008,3,11210,2,-6.746177766819505e-05,0.000246136258387208,6.746177766819505e-05
4019800054,4,11368,1,-6.745944005343627e-05,0.0002248560361509546,6.745944005343627e-05
3012610038,3,11216,1,-6.744139537605211e-05,0.0002616143510487085,6.744139537605211e-05
3018150057,3,11221,1,6.741611197725041e-05,0.0005202350288369434,6.741611197725041e-05
4053940033,4,11358,1,-6.709639440650973e-05,0.0005802864930187031,6.709639440650973e-05
4017020074,4,11369,1,6.699336485190296e-05,0.00014757644618765658,6.699336485190296e-05
3041070075,3,11208,1,-6.697435613032074e-05,0.0002450083966235496,6.697435613032074e-05
3066050032,3,11204,1,-6.686624337741081e-05,0.00032559447861339665,6.686624337741081e-05
2058750927,2,10471,1,-6.67207847627062e-05,0.0005849823530962295,6.67207847627062e-05
4097010062,4,11435,1,-6.666627017272725e-05,0.0007910190182257789,6.666627017272725e-05
2053740045,2,10461,1,-6.658571814153017e-05,0.0005017193177053101,6.658571814153017e-05
3049200023,3,11203,1,-6.658414393872343e-05,0.00028624161417585976,6.658414393872343e-05
2027190039,2,10459,1,-6.653015307052652e-05,0.0001334192365104024,6.653015307052652e-05
3057330010,3,11219,1,-6.649702680009294e-05,0.0001635013284951823,6.649702680009294e-05
3040080011,3,11208,1,-6.648173208939003e-05,0.000457656796308342,6.648173208939003e-05
3048780050,3,11203,1,-6.6472550828451e-05,0.00044539366841538054,6.6472550828451e-05
3074050452,3,11229,1,6.642971904998432e-05,0.0005825099781091344,6.642971904998432e-05
4026510031,4,11378,1,6.63984549862723e-05,0.0001582173040260599,6.63984549862723e-05
3038410038,3,11207,1,-6.63544757403633e-05,0.00015167719042231872,6.63544757403633e-05
2054140114,2,10465,1,6.632217593278656e-05,0.00027702248461757635,6.632217593278656e-05
3010550031,3,11215,1,-6.6226494226025e-05,0.0006344234758517158,6.6226494226025e-05
4026980077,4,11378,1,6.62069331271427e-05,0.00020377352195401197,6.62069331271427e-05
4074560001,4,11364,1,-6.613919096035031e-05,0.0005150878829475577,6.613919096035031e-05
3017710062,3,11206,1,-6.60915892266822e-05,0.0001252663669831563,6.60915892266822e-05
4024900035,4,11378,1,6.605163451646289e-05,0.0002667125879449511,6.605163451646289e-05
4040810037,4,11356,1,-6.597870780730797e-05,0.0005506157428227699,6.597870780730797e-05
3078720066,3,11234,1,-6.596869356577141e-05,0.00022366000790779842,6.596869356577141e-05
2032400022,2,10463,1,-6.594398854347581e-05,0.0004532831914573565,6.594398854347581e-05
3007720039,3,11220,1,-6.583135642195333e-05,0.0003786780931768136,6.583135642195333e-05
3086150031,3,11234,1,-6.580519630027624e-05,0.00023015670818945827,6.580519630027624e-05
3053910046,3,11218,1,6.576320011962794e-05,0.00019813633775316294,6.576320011962794e-05
4092990094,4,11418,1,6.571917839256499e-05,0.0004326797344157944,6.571917839256499e-05
3012450083,3,11216,1,-6.566719362054448e-05,0.000260181565664877,6.566719362054448e-05
2039850129,2,10461,1,6.566319238926871e-05,0.00025884955518736767,6.566319238926871e-05
4017040157,4,11369,1,-6.565659535730733e-05,0.00023976786867068277,6.565659535730733e-05
3078320145,3,11234,1,-6.563013571138383e-05,0.0005619022730902087,6.563013571138383e-05
4030690022,4,11379,1,6.558918663620794e-05,0.00024755274137579973,6.558918663620794e-05
4123490027,4,11434,1,6.554649544552305e-05,0.000382238950623699,6.554649544552305e-05
4022970028,4,11377,1,6.554487396842241e-05,0.0005723956897816634,6.554487396842241e-05
4069780033,4,11366,1,6.549634680945675e-05,0.00040320733536563033,6.549634680945675e-05
4114140024,4,11414,1,6.548925009557928e-05,0.00036088664162164117,6.548925009557928e-05
4131790031,4,11413,1,-6.533154888036844e-05,0.00030436284146984326,6.533154888036844e-05
4061190030,4,11361,1,-6.521834837532e-05,0.0005433512262297475,6.521834837532e-05
3017670121,3,11206,1,-6.514706306267332e-05,0.00028779484029893223,6.514706306267332e-05
4052960024,4,11358,1,-6.51403644545513e-05,0.0007247884580014727,6.51403644545513e-05
3068980061,3,11214,1,6.513532073450778e-05,0.0002188358036949665,6.513532073450778e-05
4056090036,4,11365,1,-6.509272874918999e-05,0.000411994008718844,6.509272874918999e-05
4150150352,4,11434,1,6.508086619981955e-05,0.000603830578902888,6.508086619981955e-05
4023980019,4,11378,1,-6.506459096173788e-05,0.00019953903617352258,6.506459096173788e-05
3009690125,3,11215,1,6.495253834387684e-05,0.0007842623411683823,6.495253834387684e-05
4117230041,4,11420,1,6.481947060962296e-05,0.0004978980253755942,6.481947060962296e-05
4032910072,4,11375,1,-6.481302111250883e-05,0.0004904514123610579,6.481302111250883e-05
4098100054,4,11432,1,6.480981692880482e-05,0.00019557824346876136,6.480981692880482e-05
2048730077,2,10466,1,6.479267735008077e-05,0.00016687472993941844,6.479267735008077e-05
4018560066,4,11373,1,6.474781462936209e-05,0.0001520459420274084,6.474781462936209e-05
4040450027,4,11356,1,-6.453894596942825e-05,0.0008036405688282835,6.453894596942825e-05
4094380134,4,11419,1,-6.451198756031741e-05,0.0005071732835954806,6.451198756031741e-05
4036470024,4,11385,1,-6.436632992030353e-05,0.00043155358792703637,6.436632992030353e-05
3048840046,3,11226,1,6.434268001636937e-05,0.00026844795279896174,6.434268001636937e-05
4140200050,4,11414,1,6.431885326310982e-05,0.00029206600862815234,6.431885326310982e-05
4131740021,4,11413,1,-6.423392631403785e-05,0.00027614431237327046,6.423392631403785e-05
3049030050,3,11226,1,-6.419149451687613e-05,0.0007873950433378423,6.419149451687613e-05
4132420046,4,11422,1,6.41658132836071e-05,0.0002692722233542364,6.41658132836071e-05
2038220069,2,10462,1,6.402090858337423e-05,0.000233806330904126,6.402090858337423e-05
4163040051,4,11694,1,6.401733497190526e-05,0.0005972387824848557,6.401733497190526e-05
4093620050,4,11418,1,6.399236423931249e-05,0.00025229420330007997,6.399236423931249e-05
2042310127,2,10461,1,6.394732098715492e-05,0.00043643596053626656,6.394732098715492e-05
4067410045,4,11365,1,-6.386683329384296e-05,0.0008734277328958504,6.386683329384296e-05
2050560012,2,10466,1,-6.37962988187321e-05,0.00023020352227754392,6.37962988187321e-05
2024720008,2,10452,1,6.378909750753543e-05,0.00021019828041730234,6.378909750753543e-05
4045610042,4,11357,1,-6.361463971521044e-05,0.0007811622099872602,6.361463971521044e-05
2028660077,2,10453,1,6.344952463402829e-05,0.000185480061747942,6.344952463402829e-05
4102740043,4,11433,1,-6.342482046148259e-05,0.0004129928548519557,6.342482046148259e-05
3084080096,3,11234,1,-6.341897135185184e-05,0.0008013038659283347,6.341897135185184e-05
4102070010,4,11433,1,-6.340363175630432e-05,0.0001530709087088103,6.340363175630432e-05
4110920026,4,11429,1,-6.338794701054325e-05,0.0001641021283487666,6.338794701054325e-05
4106660014,4,11427,1,-6.337934075172297e-05,0.0002579042613953637,6.337934075172297e-05
4006210016,4,11106,1,6.328103909265758e-05,0.00047887737757048237,6.328103909265758e-05
4027090060,4,11378,1,6.304354437498012e-05,0.00025174616751971523,6.304354437498012e-05
4033000006,4,11375,1,6.287387365758986e-05,0.0007322902932773434,6.287387365758986e-05
4074150024,4,11364,1,-6.28474238411427e-05,0.0009325436585755932,6.28474238411427e-05
4117330039,4,11420,1,6.280087651231269e-05,0.00027996686292300305,6.280087651231269e-05
4119660085,4,11435,1,-6.274404876320969e-05,0.00023004399907202108,6.274404876320969e-05
4034830003,4,11385,1,6.268533735172201e-05,0.00010360203033897322,6.268533735172201e-05
4071500038,4,11365,1,6.251494189567214e-05,0.0009472859989184853,6.251494189567214e-05
3087130075,3,11235,1,6.249941225677142e-05,0.00044956488694163413,6.249941225677142e-05
3018580023,3,11216,1,-6.236269590033361e-05,4.349982871842175e-05,6.236269590033361e-05
3087270038,3,11235,1,6.234330363270563e-05,0.00020675520160484735,6.234330363270563e-05
4044740084,4,11357,1,6.230690533727558e-05,0.000668831071207314,6.230690533727558e-05
4098790058,4,11432,1,-6.22670121673916e-05,0.000768146052795353,6.22670121673916e-05
4117400041,4,11420,1,6.220790868329407e-05,0.000201947252059337,6.220790868329407e-05
4052530023,4,11358,1,-6.218781055087443e-05,0.0004920875398092809,6.218781055087443e-05
4075160068,4,11364,1,-6.21192558783453e-05,0.0006665729926318824,6.21192558783453e-05
3047240017,3,11203,1,-6.208692325880329e-05,0.00015139700020829272,6.208692325880329e-05
3059410067,3,11209,2,-6.208516457790664e-05,0.0006376848008242212,6.208516457790664e-05
4082310099,4,11362,1,6.203240737042246e-05,0.0002925722741750754,6.203240737042246e-05
3067600049,3,11229,1,-6.191698643133388e-05,0.00023261207330334152,6.191698643133388e-05
3063640072,3,11214,1,6.181530206331226e-05,0.00019214499355505008,6.181530206331226e-05
4039230045,4,11356,1,-6.161394385095266e-05,0.0003519839240726649,6.161394385095266e-05
4109800053,4,11412,1,6.157047419193673e-05,0.0003791148336883176,6.157047419193673e-05
3088040103,3,11235,1,6.151685018597243e-05,0.0001941060793385842,6.151685018597243e-05
2048730027,2,10466,1,-6.140570791844587e-05,0.0006786075109985012,6.140570791844587e-05
3056590020,3,11219,1,6.134872541024668e-05,0.0003957123528839145,6.134872541024668e-05
4157760014,4,11691,1,-6.131193291950228e-05,0.0002632240490264,6.131193291950228e-05
4141870001,4,11414,1,-6.131151534810166e-05,0.0007448290094217503,6.131151534810166e-05
3061700036,3,11204,1,6.12820588624223e-05,0.0002737393504224335,6.12820588624223e-05
4019420081,4,11368,1,6.1264846880861e-05,0.00026346579610726274,6.1264846880861e-05
4046670051,4,11357,1,-6.122429276625686e-05,0.0005689821095348291,6.122429276625686e-05
3066590039,3,11223,1,6.112625069589148e-05,0.0006665568292819983,6.112625069589148e-05
3074010027,3,11229,1,-6.105113044401232e-05,0.0002593470354578018,6.105113044401232e-05
4024920053,4,11373,1,6.103932008481195e-05,0.00013647734735446228,6.103932008481195e-05
4024090025,4,11378,1,6.094004187430082e-05,0.00024019254796974705,6.094004187430082e-05
4051710040,4,11355,1,6.093127648800315e-05,0.00025294082857287676,6.093127648800315e-05
4082560089,4,11362,1,-6.089745410034021e-05,0.0003782436679849963,6.089745410034021e-05
4156990056,4,11691,1,6.062004025141889e-05,0.00035041034373775815,6.062004025141889e-05
3086190021,3,11234,1,-6.056033814089154e-05,0.0008102160486326042,6.056033814089154e-05
3009610007,3,11215,1,-6.051842908522227e-05,0.00041169234800811914,6.051842908522227e-05
2041320003,2,10461,1,-6.0500598711418794e-05,0.0001927197022914903,6.0500598711418794e-05
4114720035,4,11414,1,-6.0407094703453914e-05,0.00023824372345030204,6.0407094703453914e-05
4113180040,4,11411,1,-6.0303086851738226e-05,0.0002234535464472653,6.0303086851738226e-05
2029580043,2,10460,1,6.021288204320256e-05,0.00017141748965651408,6.021288204320256e-05
3051410005,3,11218,1,-6.014842045926515e-05,0.0005422374845968621,6.014842045926515e-05
4008370069,4,11102,1,6.013618985711232e-05,0.00023440819395893672,6.013618985711232e-05
4008830037,4,11102,1,6.0136189840114625e-05,0.00023440819387365598,6.0136189840114625e-05
4059800038,4,11360,1,6.0080446186383e-05,0.00030545169813229534,6.0080446186383e-05
4007580032,4,11105,1,6.00771934123921e-05,0.0009042324910528545,6.00771934123921e-05
4110410027,4,11412,1,5.9998555296470167e-05,0.000327164217255146,5.9998555296470167e-05
3025420002,3,11222,1,5.998665122536604e-05,0.000302305995900701,5.998665122536604e-05
3025420104,3,11222,1,5.998665104689888e-05,0.00030230599503924674,5.998665104689888e-05
4153150061,4,11693,1,-5.9978023940817184e-05,0.000480186727224707,5.9978023940817184e-05
2054150075,2,10465,1,5.996878613812538e-05,0.0007818498040094877,5.996878613812538e-05
3061730006,3,11204,1,-5.98957869585691e-05,0.00021827378805443367,5.98957869585691e-05
3016050027,3,11221,1,5.9678735355506725e-05,0.000553046519178257,5.9678735355506725e-05
4019550008,4,11368,1,-5.964341461802432e-05,0.0003977741924081243,5.964341461802432e-05
4049020141,4,11358,1,5.9609064078662506e-05,0.00017463362874728828,5.9609064078662506e-05
3061380125,3,11209,1,5.9510373019833e-05,0.0005924873547796944,5.9510373019833e-05
3010060017,3,11215,1,5.950579222947898e-05,0.000201392166386113,5.950579222947898e-05
4045250043,4,11357,1,5.9490390567258874e-05,0.0007487854095360459,5.9490390567258874e-05
3004440011,3,11231,1,5.9452811257387954e-05,0.0002070047007686601,5.9452811257387954e-05
4063590004,4,11355,1,5.9390224961880666e-05,0.00019500732079826108,5.9390224961880666e-05
4089080060,4,11421,1,5.935828421508552e-05,0.0007901495127032125,5.935828421508552e-05
4037150014,4,11385,1,-5.934885955240526e-05,0.0003087828386026926,5.934885955240526e-05
4012610046,4,11372,1,-5.926447168153011e-05,0.0005053632807660896,5.926447168153011e-05
4012450047,4,11372,1,-5.9264471650874166e-05,0.0005053632805615397,5.9264471650874166e-05
3059290032,3,11209,1,-5.920864580268188e-05,0.0007733753647560278,5.920864580268188e-05
4085590008,4,11426,1,-5.910224222255903e-05,0.0003053452865393237,5.910224222255903e-05
4106550034,4,11427,1,-5.907090451250813e-05,0.00040490310425339994,5.907090451250813e-05
3059580001,3,11209,1,-5.906662978913792e-05,0.0006208864950692566,5.906662978913792e-05
4037970008,4,11379,1,-5.9059931781615005e-05,0.0002526564806738319,5.9059931781615005e-05
4097420134,4,11435,1,-5.903061430093703e-05,0.0009122074799033146,5.903061430093703e-05
3016550022,3,11221,1,-5.90055099877864e-05,8.04239228773537e-05,5.90055099877864e-05
4050000037,4,11354,1,5.898140907434581e-05,0.0003080618806966685,5.898140907434581e-05
3008980053,3,11215,1,-5.8899456991625355e-05,0.0003164683075764012,5.8899456991625355e-05
3084120051,3,11234,1,5.888101263037e-05,0.00046384195664466143,5.888101263037e-05
2054590010,2,10465,1,5.88681163721376e-05,0.0004616042784504127,5.88681163721376e-05
2054590011,2,10465,1,5.88681163721376e-05,0.0004616042784504127,5.88681163721376e-05
2054590063,2,10465,1,5.88681163721376e-05,0.0004616042784504127,5.88681163721376e-05
2054590064,2,10465,1,5.88681163721376e-05,0.0004616042784504127,5.88681163721376e-05
3072420103,3,11235,1,-5.868552635176342e-05,0.00041880738959760514,5.868552635176342e-05
3012560003,3,11216,1,-5.867424412297734e-05,0.00017849707928613932,5.867424412297734e-05
4088720034,4,11421,1,5.8642431700162195e-05,0.00036822545114142567,5.8642431700162195e-05
4086080123,4,11426,1,-5.857088579377954e-05,0.0007520635503317193,5.857088579377954e-05
3040010007,3,11208,1,-5.854915719874375e-05,0.00021286559353972232,5.854915719874375e-05
4111840044,4,11429,1,-5.852754632597713e-05,0.00031809292368761903,5.852754632597713e-05
2022890123,2,10454,1,5.8441716727833846e-05,0.0005704702520007099,5.8441716727833846e-05
4020050045,4,11368,1,-5.827573733592917e-05,0.00018146146886591468,5.827573733592917e-05
4045570028,4,11357,1,-5.82641465790932e-05,0.00019877491256110793,5.82641465790932e-05
3073940007,3,11223,1,5.818422157140238e-05,0.0001844180512522098,5.818422157140238e-05
2028720101,2,10452,1,-5.805362167504982e-05,0.0003075366933691693,5.805362167504982e-05
2025240114,2,10452,1,-5.8053621073593394e-05,0.00030753668989062745,5.8053621073593394e-05
2028560023,2,10452,1,-5.8053621068688416e-05,0.00030753669019273897,5.8053621068688416e-05
2055050007,2,10465,1,5.803781981026263e-05,0.0007454203636674937,5.803781981026263e-05
4095310071,4,11419,1,-5.79367734792444e-05,0.0010488961092482013,5.79367734792444e-05
4002050009,4,11104,1,5.791587605265141e-05,0.0004017778082083829,5.791587605265141e-05
3085290027,3,11234,1,5.770478856660042e-05,0.00039499402536937773,5.770478856660042e-05
4098070096,4,11432,1,-5.769899327043921e-05,8.113626637256199e-05,5.769899327043921e-05
2045110009,2,10467,1,5.766020113261711e-05,0.0001707153221227787,5.766020113261711e-05
3064620020,3,11214,1,5.7606730541668314e-05,5.964476932099714e-05,5.7606730541668314e-05
4122480034,4,11434,1,5.7603027334776814e-05,6.303412073035134e-05,5.7603027334776814e-05
4101720016,4,11433,1,-5.752684567051486e-05,0.00013914802250982665,5.752684567051486e-05
3009480060,3,11217,1,-5.7398064515377634e-05,0.0004230354832119973,5.7398064515377634e-05
4140000022,4,11414,1,-5.738709228527773e-05,0.00013588169446218993,5.738709228527773e-05
2040520025,2,10462,1,-5.7197904563879903e-05,0.00019407412854646755,5.7197904563879903e-05
4102350319,4,11433,1,-5.7166074750878957e-05,0.0006122776012371143,5.7166074750878957e-05
4036160027,4,11385,1,-5.715488801301934e-05,0.00043419764487290225,5.715488801301934e-05
4093960047,4,11419,1,-5.7129310303376115e-05,0.0004729113021395076,5.7129310303376115e-05
4092480035,4,11415,1,5.712879534341937e-05,0.0002919825157796628,5.712879534341937e-05
4033490005,4,11415,1,5.712879532756232e-05,0.00029198251579928716,5.712879532756232e-05
3071490003,3,11223,1,5.712692706029656e-05,0.00016705979689405836,5.712692706029656e-05
2029580218,2,10460,1,-5.710045789849582e-05,0.0002490466643540805,5.710045789849582e-05
3053300050,3,11218,1,-5.7062590844319505e-05,0.0005058473165917448,5.7062590844319505e-05
3066820070,3,11223,1,5.704304123786349e-05,0.000879606106661153,5.704304123786349e-05
4007860149,4,11105,1,5.68700505838509e-05,0.0002775105970462824,5.68700505838509e-05
4124400145,4,11412,1,5.6861007323482535e-05,0.0002231687536738743,5.6861007323482535e-05
4047820055,4,11354,1,5.6726461264431055e-05,7.749533092771105e-05,5.6726461264431055e-05
2055460078,2,10465,1,5.654555711892138e-05,0.0005834562239406219,5.654555711892138e-05
4107650001,4,11429,1,5.647479335589051e-05,0.00010625297758599673,5.647479335589051e-05
3020330038,3,11205,1,-5.6416166564777484e-05,0.0002442804267166274,5.6416166564777484e-05
4082600004,4,11362,1,-5.630414215186544e-05,0.0009368588611851853,5.630414215186544e-05
2041130053,2,10461,1,-5.630109324527407e-05,0.0005480083539488727,5.630109324527407e-05
3034090056,3,11207,1,5.622602520535427e-05,0.00018666089233022827,5.622602520535427e-05
4033810068,4,11385,1,5.617117276430892e-05,5.230638779690076e-05,5.617117276430892e-05
4078010004,4,11427,1,-5.5893119754249216e-05,0.0005108748363238957,5.5893119754249216e-05
4108370039,4,11423,1,5.585818127361769e-05,0.00022448666040472193,5.585818127361769e-05
4090860037,4,11417,1,-5.568283330163191e-05,0.0003194775363374665,5.568283330163191e-05
4074150009,4,11364,1,-5.568030177446681e-05,0.0004064030776214392,5.568030177446681e-05
2054090351,2,10465,1,5.5669970166973936e-05,0.00036155344305417763,5.5669970166973936e-05
3018690018,3,11216,1,-5.559768425926023e-05,0.00028299954228944813,5.559768425926023e-05
3018560012,3,11216,2,-5.5518669022456323e-05,0.000564150526931212,5.5518669022456323e-05
4100760005,4,11435,1,5.544236928464706e-05,0.0003883254687664111,5.544236928464706e-05
4095710031,4,11419,1,-5.5423032953730423e-05,0.00013291013411519776,5.5423032953730423e-05
3065980061,3,11204,1,5.540725467775286e-05,0.00018989768988725243,5.540725467775286e-05
4052570011,4,11358,1,5.537192789386579e-05,0.00033497697623278944,5.537192789386579e-05
3061270001,3,11209,1,5.534650054012386e-05,0.0007918806337652681,5.534650054012386e-05
2048510048,2,10466,1,-5.5319279056285326e-05,0.00022053594943797984,5.5319279056285326e-05
4071860052,4,11366,1,5.519574110197389e-05,0.0002068506841348131,5.519574110197389e-05
4160290111,4,11692,1,5.5116118392800696e-05,0.000464888388888024,5.5116118392800696e-05
4102120038,4,11433,1,5.49665244586254e-05,0.0002006554479012959,5.49665244586254e-05
2042720033,2,10461,1,5.4944072384368e-05,0.0007476337857925425,5.4944072384368e-05
4078010033,4,11427,1,5.485164981922512e-05,0.0005786577698699567,5.485164981922512e-05
2029600151,2,10460,1,5.484100759945575e-05,0.0007065120271969691,5.484100759945575e-05
4087400224,4,11004,1,-5.4833929841266885e-05,0.00040486867931234716,5.4833929841266885e-05
3084820015,3,11234,1,5.4625162144883904e-05,0.0009729840651888659,5.4625162144883904e-05
3058820008,3,11209,1,5.462377825714298e-05,0.00015307055940078434,5.462377825714298e-05
3025690081,3,11222,1,-5.457297311789707e-05,7.039060000606685e-05,5.457297311789707e-05
3067420080,3,11230,1,-5.457011591823854e-05,0.000913490506440328,5.457011591823854e-05
3041160064,3,11208,1,-5.4470479064554694e-05,0.0005609738353534758,5.4470479064554694e-05
4136240023,4,11422,1,5.446918524496152e-05,0.00018432242610941167,5.446918524496152e-05
4133560040,4,11413,1,-5.444096146848382e-05,0.00022629139562669085,5.444096146848382e-05
4118670028,4,11420,1,-5.4393440226337296e-05,0.00017555936537319865,5.4393440226337296e-05
4087350046,4,11004,1,-5.437577001687757e-05,0.00036715843925341454,5.437577001687757e-05
4007710060,4,11105,1,-5.430714922569288e-05,0.0002131320429528544,5.430714922569288e-05
4096070061,4,11419,1,-5.426003796523739e-05,0.0008837669931411652,5.426003796523739e-05
3043080014,3,11207,2,5.419421015868667e-05,0.000773198988497702,5.419421015868667e-05
4109090041,4,11412,1,-5.417468437337874e-05,0.00014956393058783402,5.417468437337874e-05
3013750057,3,11233,1,5.416765296418016e-05,0.000627244500135843,5.416765296418016e-05
4100800013,4,11435,1,-5.415589594107837e-05,0.00031064920220892726,5.415589594107837e-05
4036320057,4,11385,1,-5.4152681943284915e-05,0.0005319288067770114,5.4152681943284915e-05
4082460001,4,11362,1,-5.412611286207143e-05,0.0002616115295241327,5.412611286207143e-05
4136960007,4,11422,1,-5.412566574829819e-05,0.0003669010122050668,5.412566574829819e-05
4094310069,4,11419,1,5.403977529585264e-05,0.0003552592439356519,5.403977529585264e-05
2044690148,2,10469,1,-5.403495210988495e-05,0.0001831686695123592,5.403495210988495e-05
2050220045,2,10466,1,5.4008574156053175e-05,0.0003651675512706142,5.4008574156053175e-05
3020960041,3,11217,1,-5.400294159422636e-05,0.00038807109769811455,5.400294159422636e-05
4055680028,4,11365,1,5.399190719457949e-05,0.00010488752773630186,5.399190719457949e-05
3027740029,3,11211,1,-5.394961970950834e-05,0.0002764185673251299,5.394961970950834e-05
4011030035,4,11369,1,5.3862688887709024e-05,0.00029201317068137885,5.3862688887709024e-05
3006340047,3,11215,1,-5.384325828096083e-05,6.441952280445865e-05,5.384325828096083e-05
2056300040,2,10464,1,5.3827589678058456e-05,0.00041974461560199505,5.3827589678058456e-05
4038290030,4,11385,1,5.3777407847859675e-05,0.0002335644290615897,5.3777407847859675e-05
3076880081,3,11229,1,5.3692506401819255e-05,0.00011982465352642256,5.3692506401819255e-05
3087360015,3,11235,1,-5.369217688966696e-05,0.0007761803345498129,5.369217688966696e-05
2042210029,2,10461,1,5.3647512026904515e-05,0.0003254963366461029,5.3647512026904515e-05
2055920132,2,10465,1,5.3634933897865794e-05,0.0008159582604006187,5.3634933897865794e-05
4059680038,4,11358,1,-5.356099076840761e-05,0.0006800536804698744,5.356099076840761e-05
3025500007,3,11222,1,5.3559491831504173e-05,0.00012709615757996036,5.3559491831504173e-05
4102570049,4,11433,1,-5.3516091732588614e-05,0.00019138346043928636,5.3516091732588614e-05
2038310016,2,10462,1,5.3491585225773115e-05,0.0003998149848902324,5.3491585225773115e-05
1020610005,1,10031,1,-5.340661699106964e-05,0.0003577152593874312,5.340661699106964e-05
1020840003,1,10031,1,-5.34066168536661e-05,0.00035771526001860613,5.34066168536661e-05
4006000024,4,11106,1,5.337113706696237e-05,0.00023943868873829293,5.337113706696237e-05
3065110064,3,11230,1,5.3349812950538674e-05,0.00033464586359802475,5.3349812950538674e-05
3079110022,3,11236,1,-5.3324146580408015e-05,0.0003423451010906891,5.3324146580408015e-05
2053220016,2,10465,1,-5.3294015085065726e-05,0.00031114009151057755,5.3294015085065726e-05
3073360072,3,11229,1,-5.3254577763498586e-05,0.00019847412966167115,5.3254577763498586e-05
4001800025,4,11104,1,-5.323692305284709e-05,0.0001859396628732912,5.323692305284709e-05
4001480140,4,11104,1,-5.323692275127774e-05,0.0001859396623483965,5.323692275127774e-05
4001330042,4,11104,1,-5.323692264203202e-05,0.00018593966221664384,5.323692264203202e-05
2048490056,2,10466,1,5.310045396990006e-05,0.0004075694849067733,5.310045396990006e-05
4027750034,4,11378,1,5.3026244438732876e-05,0.0001627195839813059,5.3026244438732876e-05
3012120014,3,11216,1,-5.287877436673195e-05,0.0006396492492624647,5.287877436673195e-05
4088030046,4,11001,1,5.282636104078498e-05,0.000231019961683141,5.282636104078498e-05
4110650009,4,11412,1,-5.2793789769905826e-05,0.00022271325723781862,5.2793789769905826e-05
3008970146,3,11215,1,5.275440125089446e-05,9.278889833022297e-05,5.275440125089446e-05
4093320052,4,11418,1,5.269569725360042e-05,0.00017490366559696,5.269569725360042e-05
3085060030,3,11234,1,5.2647670159793815e-05,0.00011996374159114719,5.2647670159793815e-05
3037710049,3,11207,1,-5.2592299273379164e-05,0.0006484626676100524,5.2592299273379164e-05
3012040053,3,11213,1,-5.2494220349527256e-05,0.00013722665911097097,5.2494220349527256e-05
4110180061,4,11412,1,5.2491613165314254e-05,0.00034567356726212904,5.2491613165314254e-05
3034150028,3,11207,1,5.2486382384430806e-05,5.017955063029454e-05,5.2486382384430806e-05
4047950038,4,11354,1,5.237398810983616e-05,0.0003431415056051694,5.237398810983616e-05
4023650095,4,11378,1,5.229843775784104e-05,0.0008978384856667097,5.229843775784104e-05
3019840007,3,11238,1,-5.2276561992093025e-05,6.392077216269072e-05,5.2276561992093025e-05
2022800014,2,10454,1,-5.2263982705016155e-05,0.0003897818034587879,5.2263982705016155e-05
3084120046,3,11234,1,5.215438025650269e-05,0.00027454222350751167,5.215438025650269e-05
4071360026,4,11365,1,-5.202139756602237e-05,0.0002592750996103985,5.202139756602237e-05
4045970042,4,11357,1,-5.1949156901938646e-05,0.00033253511045345564,5.1949156901938646e-05
3042060014,3,11208,1,5.188316961267092e-05,0.0003485851291082951,5.188316961267092e-05
4087420131,4,11004,1,-5.183441638618411e-05,0.0002797025531338733,5.183441638618411e-05
2029740114,2,10459,1,-5.182475917921929e-05,0.0001478632939819204,5.182475917921929e-05
3062680021,3,11228,1,5.178067919120463e-05,0.00015878606033051663,5.178067919120463e-05
3019870056,3,11238,1,5.1732500019568e-05,0.0006053413160183668,5.1732500019568e-05
4106630041,4,11427,1,5.172675024304278e-05,0.0003289200423263694,5.172675024304278e-05
4032320023,4,11375,1,-5.1614389514152795e-05,0.0003628364881440322,5.1614389514152795e-05
4032160029,4,11375,1,-5.156712585126359e-05,0.0002965353118188167,5.156712585126359e-05
3012240012,3,11238,1,-5.1517482273504716e-05,0.00027160915354959613,5.1517482273504716e-05
3074440032,3,11235,1,5.1453969696866705e-05,0.000157413195640913,5.1453969696866705e-05
2054080093,2,10465,1,5.144872647407095e-05,0.00041109657349914586,5.144872647407095e-05
3058920086,3,11209,1,-5.141423280491923e-05,0.0005655146902524091,5.141423280491923e-05
4124610005,4,11434,1,5.1338182096463446e-05,0.00040109145890447986,5.1338182096463446e-05
2055820105,2,10465,1,5.1331691393022465e-05,0.0009214235461203659,5.1331691393022465e-05
2054410005,2,10465,1,5.1328148878431414e-05,0.0003777581433817916,5.1328148878431414e-05
4122050001,4,11434,1,-5.12997926218318e-05,0.0007546989973854145,5.12997926218318e-05
3038880012,3,11207,1,5.12570911154698e-05,0.0004791800601859528,5.12570911154698e-05
4036560052,4,11385,1,-5.120030549209481e-05,0.00024510511144343545,5.120030549209481e-05
4113720053,4,11417,1,-5.118323635640435e-05,0.0002830056526471496,5.118323635640435e-05
4081270061,4,11363,1,5.110431794628413e-05,0.00031086022839958043,5.110431794628413e-05
4011400012,4,11377,1,5.103061975703018e-05,0.00027919522192454015,5.103061975703018e-05
3041150029,3,11208,1,5.1002247064647126e-05,0.00021568483960663937,5.1002247064647126e-05
4079700018,4,11428,1,-5.098508517308272e-05,0.0002594055116043871,5.098508517308272e-05
3059120031,3,11228,1,5.098013254385995e-05,0.00020835179006767392,5.098013254385995e-05
4026340018,4,11378,1,5.085202851215826e-05,0.00029700601764902373,5.085202851215826e-05
4007690030,4,11105,1,5.08421851202509e-05,0.0003737746145470709,5.08421851202509e-05
4109480089,4,11429,1,-5.082942178372662e-05,0.0007423244490288323,5.082942178372662e-05
3013360056,3,11213,1,-5.0809486279710707e-05,0.00020198494050339966,5.0809486279710707e-05
4038620057,4,11385,1,5.0755426577734e-05,0.0001587854974500285,5.0755426577734e-05
4072380032,4,11432,1,-5.073267193001172e-05,0.0008654629644348106,5.073267193001172e-05
3018460052,3,11216,1,5.062705091679351e-05,0.0002456922353911342,5.062705091679351e-05
3080680034,3,11236,1,-5.061576664546234e-05,0.0007168067781846461,5.061576664546234e-05
4031990017,4,11375,1,-5.0556407781317484e-05,0.00020882695669336261,5.0556407781317484e-05
3009620007,3,11215,1,-5.0538760731700726e-05,0.00018708557886242157,5.0538760731700726e-05
3051460028,3,11226,1,-5.049874256785552e-05,0.001093554926359109,5.049874256785552e-05
3062920057,3,11228,1,5.038901647909896e-05,0.00025167405057633665,5.038901647909896e-05
4119750042,4,11436,1,-5.0369739604559215e-05,0.00020362683166207625,5.0369739604559215e-05
2047520074,2,10469,1,-5.034672385072863e-05,0.00013818425250394247,5.034672385072863e-05
3076460036,3,11210,1,5.029429506074044e-05,0.0005164637749745072,5.029429506074044e-05
4051950064,4,11355,1,5.021375878299468e-05,0.00030386057482239236,5.021375878299468e-05
4028360037,4,11378,1,-5.014521795782092e-05,0.00044732085224055473,5.014521795782092e-05
4054530015,4,11355,1,5.0132070216066516e-05,0.00020886608409540448,5.0132070216066516e-05
4094720002,4,11419,1,-5.01119703545018e-05,0.0003474177014331807,5.01119703545018e-05
3076160065,3,11210,1,5.011022601741512e-05,0.0004937995543646151,5.011022601741512e-05
4161930036,4,11694,1,5.005160912063587e-05,0.0002555944963111542,5.005160912063587e-05
3047620006,3,11203,1,-5.002064698036294e-05,0.00047652296402016995,5.002064698036294e-05
3059570068,3,11209,1,-4.998099570955832e-05,0.00015084788485507516,4.998099570955832e-05
4007700060,4,11105,1,4.989062148639143e-05,0.0008705941172855396,4.989062148639143e-05
4068140044,4,11367,1,4.9848996848155136e-05,0.0005182952941698924,4.9848996848155136e-05
3033760054,3,11221,1,4.981370312191092e-05,0.00044334922326244775,4.981370312191092e-05
4116600042,4,11420,1,-4.9794912695991644e-05,0.0004890228961458714,4.9794912695991644e-05
3012440085,3,11213,2,4.9794435639612144e-05,0.000370627337895347,4.9794435639612144e-05
3068780016,3,11214,1,4.9784770194584904e-05,0.0002868811099630657,4.9784770194584904e-05
2025160144,2,10452,1,-4.9737314581361206e-05,0.0003580301264739785,4.9737314581361206e-05
4007710008,4,11105,1,4.969352300929531e-05,0.00038201799407271337,4.969352300929531e-05
4089440037,4,11421,1,-4.966101048961788e-05,0.00046869953018351785,4.966101048961788e-05
4027560016,4,11378,1,4.95827152471761e-05,0.0002216350907768596,4.95827152471761e-05
4024250045,4,11377,1,-4.9576140510965406e-05,0.00046014536910759076,4.9576140510965406e-05
3014540210,3,11233,1,-4.9545306881089145e-05,0.0007563161018288154,4.9545306881089145e-05
3016690071,3,11233,1,4.946169065943514e-05,0.0002906258592020762,4.946169065943514e-05
3010270062,3,11215,1,-4.939405189683516e-05,0.00039877612517969624,4.939405189683516e-05
3039670030,3,11207,1,4.933085518142865e-05,8.655343816020535e-05,4.933085518142865e-05
4136720029,4,11422,1,-4.925462730133615e-05,0.00020171095815445356,4.925462730133615e-05
3027730006,3,11211,1,-4.9159997405636444e-05,0.0002849987867994072,4.9159997405636444e-05
4156150105,4,11691,1,4.91463850274088e-05,0.00019127698788834103,4.91463850274088e-05
2055960001,2,10465,1,4.9095137801362494e-05,4.780485990068106e-05,4.9095137801362494e-05
2050550054,2,10466,2,4.9057584039641425e-05,0.0003982282080869817,4.9057584039641425e-05
4083990272,4,11362,1,4.9051432534412436e-05,0.000912479654347533,4.9051432534412436e-05
2054530138,2,10465,1,4.902916400894553e-05,0.0007204733011681502,4.902916400894553e-05
4073660053,4,11364,1,4.9015418757031964e-05,0.0003821209571697989,4.9015418757031964e-05
3018900068,3,11205,1,4.898366568394946e-05,0.000395137184183239,4.898366568394946e-05
4067330051,4,11355,1,4.897077879080283e-05,0.00022692851267077085,4.897077879080283e-05
3056370061,3,11220,1,4.89568031238876e-05,0.00020697073846014647,4.89568031238876e-05
4109670171,4,11429,1,4.889657989127527e-05,0.00048137955048452823,4.889657989127527e-05
4046860020,4,11357,1,-4.886598011937835e-05,0.00013958017316322284,4.886598011937835e-05
4044690030,4,11357,1,4.88649364944277e-05,0.0001275248597885702,4.88649364944277e-05
3017680018,3,11206,1,-4.88587478544653e-05,0.00010806975658540388,4.88587478544653e-05
3055250004,3,11204,1,4.884746744346142e-05,0.0003059721450645525,4.884746744346142e-05
4084000221,4,11362,1,4.880353371553439e-05,0.0003487106194706765,4.880353371553439e-05
4081170035,4,11363,1,-4.874552891238778e-05,0.0005780004309078745,4.874552891238778e-05
4117880052,4,11420,1,4.8688186453565477e-05,0.00020734152031377245,4.8688186453565477e-05
4090030010,4,11416,1,4.856986077499887e-05,0.00026394582867521186,4.856986077499887e-05
2029480050,2,10457,1,4.8538536614463045e-05,0.00023941187524523423,4.8538536614463045e-05
4011020006,4,11369,1,4.8508813505134015e-05,0.0002088927781435129,4.8508813505134015e-05
3067620018,3,11230,1,4.8476040284196146e-05,0.00014172310356186556,4.8476040284196146e-05
3033500008,3,11221,1,-4.8436857523653196e-05,4.4748563226072225e-05,4.8436857523653196e-05
2055180216,2,10465,1,-4.839314956953159e-05,0.00023547677036219025,4.839314956953159e-05
3001780023,3,11217,1,4.83778358605736e-05,0.0009247125999542988,4.83778358605736e-05
4100840002,4,11435,1,4.8361714765576153e-05,0.00017847614417348983,4.8361714765576153e-05
4105780011,4,11427,1,4.817871341183398e-05,0.00030163446550718093,4.817871341183398e-05
3019830065,3,11238,1,-4.8131424397178774e-05,0.0003181086652617281,4.8131424397178774e-05
4062450038,4,11361,1,-4.807372600737946e-05,0.0005666632769419576,4.807372600737946e-05
4066870044,4,11367,1,-4.8064660078826626e-05,0.0003273896926176508,4.8064660078826626e-05
4114060055,4,11417,1,-4.8051997182041934e-05,0.0007494273876300369,4.8051997182041934e-05
3061420083,3,11209,1,-4.802858341175893e-05,0.00020599195728266353,4.802858341175893e-05
3015140028,3,11233,1,-4.7983172978502186e-05,0.00028171573550393877,4.7983172978502186e-05
4157140013,4,11691,1,-4.7902680408234397e-05,0.0005876742625122341,4.7902680408234397e-05
3008290057,3,11220,1,-4.7854827824807394e-05,0.0003828597087202526,4.7854827824807394e-05
4034290017,4,11385,1,4.7805279914994436e-05,0.00017876026707128932,4.7805279914994436e-05
4100770010,4,11435,1,-4.77994125756865e-05,0.0001591423795879747,4.77994125756865e-05
4060190090,4,11360,1,-4.777690154407129e-05,0.0005817421914325067,4.777690154407129e-05
3063210063,3,11228,1,4.770192618886596e-05,0.00024678726153227115,4.770192618886596e-05
4019410032,4,11368,1,-4.7691314268424626e-05,0.0005758533248952426,4.7691314268424626e-05
2058760976,2,10471,1,-4.768886365197619e-05,0.00019902341777035162,4.768886365197619e-05
3082040066,3,11236,1,-4.765433750631639e-05,0.000735651868046949,4.765433750631639e-05
4088910010,4,11421,1,-4.746976688433131e-05,0.0007244492393131895,4.746976688433131e-05
3082680040,3,11236,1,-4.7391689078563565e-05,0.00023827140188448676,4.7391689078563565e-05
3018230011,3,11216,1,-4.737055597784711e-05,0.00016288386443167588,4.737055597784711e-05
3043360013,3,11208,1,-4.7359555711559904e-05,0.0006988833522619625,4.7359555711559904e-05
4082600213,4,11362,1,-4.735431754341006e-05,0.0002670255741481725,4.735431754341006e-05
4046750054,4,11357,1,4.729677269202984e-05,0.0003195698695556405,4.729677269202984e-05
2056450293,2,10464,1,-4.72849365053344e-05,0.00019767812128290523,4.72849365053344e-05
2056330106,2,10464,1,-4.728493647668671e-05,0.0001976781212991038,4.728493647668671e-05
2056350042,2,10464,1,-4.728493492073076e-05,0.00019767811777591422,4.728493492073076e-05
4102430078,4,11433,1,-4.7246905931820366e-05,0.00016226338382960425,4.7246905931820366e-05
4047480014,4,11357,1,-4.722712526883731e-05,0.0001061551785052703,4.722712526883731e-05
2049240123,2,10466,1,4.721603658256089e-05,0.00021633633987233475,4.721603658256089e-05
4156910030,4,11691,1,-4.7162008900848164e-05,0.0003139598095495779,4.7162008900848164e-05
4140010056,4,11414,1,-4.7160804300806745e-05,0.000353847740306085,4.7160804300806745e-05
3017610027,3,11206,1,-4.708293154080215e-05,7.199047024414658e-05,4.708293154080215e-05
3068940042,3,11214,1,-4.7079045432572324e-05,0.00033209513750050076,4.7079045432572324e-05
3057890014,3,11220,1,-4.7046050622964543e-05,0.0008536831767241096,4.7046050622964543e-05
3058660012,3,11220,1,-4.7044739817094006e-05,0.00037459429771703057,4.7044739817094006e-05
3082380071,3,11236,1,4.7013020630942937e-05,0.00032196077341174365,4.7013020630942937e-05
3086040001,3,11234,1,-4.6991233519711615e-05,0.00020682016621110345,4.6991233519711615e-05
3012880062,3,11225,1,4.698713348531192e-05,0.00018960111791064112,4.698713348531192e-05
3034370056,3,11237,1,-4.6935400995107396e-05,0.00010452762093001225,4.6935400995107396e-05
4157620040,4,11691,1,-4.690505661277796e-05,0.00046124523239925164,4.690505661277796e-05
3017610036,3,11206,1,-4.685527345978196e-05,0.00028894911111722137,4.685527345978196e-05
3018460039,3,11216,1,-4.673190103945803e-05,0.00018383043853466746,4.673190103945803e-05
4135850083,4,11422,1,4.668821058669262e-05,0.00021979064498273338,4.668821058669262e-05
3050860082,3,11226,1,-4.664839588836344e-05,0.00021790086513136432,4.664839588836344e-05
4076800031,4,11364,1,4.664297606091011e-05,0.0006130648864632939,4.664297606091011e-05
4026410025,4,11378,1,4.662221571264818e-05,0.0002155399131739095,4.662221571264818e-05
4028550004,4,11373,1,4.662179900022643e-05,0.00013133492166980822,4.662179900022643e-05
3016580018,3,11221,1,-4.661835045363509e-05,0.0004405543458918004,4.661835045363509e-05
3087070043,3,11235,1,-4.658681136585065e-05,0.0002483488074737641,4.658681136585065e-05
4066450021,4,11367,1,-4.6577383987354064e-05,0.00019961424383036256,4.6577383987354064e-05
4126050026,4,11412,1,-4.6467419487145494e-05,0.0006405789695182354,4.6467419487145494e-05
4104970059,4,11423,1,4.639883904052175e-05,0.00028510330214391686,4.639883904052175e-05
3017860025,3,11221,1,-4.629683358222874e-05,0.0001987715549928331,4.629683358222874e-05
3015130120,3,11233,1,4.6282088327091316e-05,0.00016491649536429549,4.6282088327091316e-05
2032630037,2,10463,1,4.622350188221266e-05,0.0002752722277612001,4.622350188221266e-05
3085060034,3,11234,1,-4.599876748474893e-05,0.0004920213634601769,4.599876748474893e-05
4097780017,4,11432,1,-4.5933405887354294e-05,0.00010472834585823977,4.5933405887354294e-05
4092320029,4,11418,1,-4.5913611369396954e-05,0.00023152141659746808,4.5913611369396954e-05
2045570018,2,10469,1,4.5849059898314784e-05,0.00024090232456832274,4.5849059898314784e-05
3077150020,3,11234,1,4.574417023092429e-05,0.00022709028481012286,4.574417023092429e-05
2030390018,2,10458,1,4.573288806549971e-05,0.0003403896081054227,4.573288806549971e-05
4039480009,4,11356,1,-4.573223839532906e-05,0.000555356207724879,4.573223839532906e-05
4125270082,4,11434,1,-4.565012260417341e-05,0.000662493393294157,4.565012260417341e-05
2053430043,2,10465,1,-4.556403057165524e-05,0.0001247033738525203,4.556403057165524e-05
4008350050,4,11105,1,4.555476454342059e-05,0.00013710310274910075,4.555476454342059e-05
3009280059,3,11217,1,-4.555254706845217e-05,0.00041886134306945075,4.555254706845217e-05
2047410051,2,10469,1,4.551126009170092e-05,0.00027126133433085745,4.551126009170092e-05
4075030056,4,11364,1,-4.5483953490415425e-05,0.0002707593464012615,4.5483953490415425e-05
3034370069,3,11237,1,-4.543222308975027e-05,0.00010597938028561606,4.543222308975027e-05
3017850018,3,11216,1,-4.5398692889951586e-05,0.00019764424760600245,4.5398692889951586e-05
3076130036,3,11210,1,4.538946288049749e-05,0.0009153318920248312,4.538946288049749e-05
4131710044,4,11413,1,4.5362520297675e-05,0.00013205788542965108,4.5362520297675e-05
4075090039,4,11364,1,-4.531196693834237e-05,0.0008483974451837962,4.531196693834237e-05
4063990028,4,11367,1,-4.526865383289966e-05,0.0007154164177848984,4.526865383289966e-05
3034400017,3,11207,1,4.520914792311077e-05,0.00021364398076280182,4.520914792311077e-05
2035000145,2,10473,1,-4.513769431588995e-05,0.00034646168284642383,4.513769431588995e-05
4088980030,4,11421,1,-4.511124003900264e-05,0.00013748864900782736,4.511124003900264e-05
3082090061,3,11236,1,-4.508421556524774e-05,0.00010458358532303212,4.508421556524774e-05
4131430028,4,11413,1,-4.497608423492888e-05,0.00030513212301273515,4.497608423492888e-05
4114880043,4,11417,1,4.484393569872088e-05,0.00023302256524757213,4.484393569872088e-05
3051410088,3,11218,1,-4.4815581656223997e-05,0.0003267541446938582,4.4815581656223997e-05
4070670033,4,11365,1,4.472023151027582e-05,0.00018098677591330662,4.472023151027582e-05
3027680012,3,11211,1,-4.469441652940408e-05,0.00023977991536368234,4.469441652940408e-05
3016790045,3,11233,1,-4.4645652493379725e-05,0.0003321673370079695,4.4645652493379725e-05
3073580014,3,11229,1,-4.4627835181029395e-05,0.0007353831026898896,4.4627835181029395e-05
3013250057,3,11225,1,-4.4603681979279005e-05,0.00018068247278628567,4.4603681979279005e-05
3027620030,3,11211,1,4.4584080978884384e-05,0.00017291073417113824,4.4584080978884384e-05
2053480030,2,10461,1,-4.458308973397466e-05,0.00017339222371612616,4.458308973397466e-05
3017060019,3,11213,1,-4.4524026532799716e-05,0.00018805253102857254,4.4524026532799716e-05
3065630052,3,11204,2,-4.451195701310502e-05,0.0003664317013076292,4.451195701310502e-05
4067390060,4,11365,1,4.451030958115326e-05,0.000274885598842073,4.451030958115326e-05
4031350084,4,11374,1,4.4498685549088126e-05,0.00048543495104547596,4.4498685549088126e-05
4062030140,4,11361,1,4.4448689454671135e-05,0.0003027304574987525,4.4448689454671135e-05
3050470029,3,11225,1,-4.43926946864846e-05,0.0006719068154677391,4.43926946864846e-05
4132850051,4,11434,1,-4.426959154469969e-05,0.00020172319490699533,4.426959154469969e-05
2039790037,2,10461,1,4.426543339549203e-05,0.00026453988865727407,4.426543339549203e-05
4116870025,4,11420,1,-4.42488845091096e-05,0.00013105960309777993,4.42488845091096e-05
3004470042,3,11215,1,4.415507790110804e-05,0.0002198157948274161,4.415507790110804e-05
2030710003,2,10457,1,4.412434489634844e-05,0.00020416231743826093,4.412434489634844e-05
2036880068,2,10473,1,4.411319013207063e-05,0.00018032034733318208,4.411319013207063e-05
4089490022,4,11421,1,4.411036378270764e-05,0.00016774152050457898,4.411036378270764e-05
4128960102,4,11413,1,4.408775311930325e-05,0.0002443529640524145,4.408775311930325e-05
4156140057,4,11691,1,4.404540999787269e-05,0.0004272954084840457,4.404540999787269e-05
3013300072,3,11225,1,4.400825828225567e-05,0.0002309322485247576,4.400825828225567e-05
4116540008,4,11420,1,-4.397851527891516e-05,0.00030225223029315383,4.397851527891516e-05
3073830032,3,11229,1,4.387893684642814e-05,7.311380018971305e-05,4.387893684642814e-05
4032810024,4,11375,1,4.385757493352628e-05,0.0002525955989463319,4.385757493352628e-05
4097220026,4,11435,1,4.384215869735497e-05,0.00017993088715273704,4.384215869735497e-05
4102760046,4,11433,1,-4.38120823952854e-05,0.00012931702703357877,4.38120823952854e-05
4076160037,4,11364,1,-4.3801581623108585e-05,0.0002780379692057778,4.3801581623108585e-05
2046380013,2,10469,1,4.375884821910622e-05,0.00021550871404149035,4.375884821910622e-05
3059810004,3,11209,1,-4.375686535604356e-05,0.00026297372545758214,4.375686535604356e-05
4046290042,4,11357,1,-4.375446901845305e-05,0.0005621489486154604,4.375446901845305e-05
3017810055,3,11221,1,4.363647611741412e-05,0.00015130560952538496,4.363647611741412e-05
2032610058,2,10463,1,4.362897256238798e-05,0.0003672424195580043,4.362897256238798e-05
3064100025,3,11214,1,-4.3622607009206405e-05,0.00020040469499178347,4.3622607009206405e-05
4042670030,4,11354,2,-4.354588415064405e-05,0.00046879036910646026,4.354588415064405e-05
4027520032,4,11378,1,-4.35442044936858e-05,0.00023571546963838,4.35442044936858e-05
3018520029,3,11216,1,4.353430758026285e-05,4.028483671960847e-05,4.353430758026285e-05
3068280080,3,11229,1,4.345311793993646e-05,0.0003534671491308453,4.345311793993646e-05
4108650006,4,11423,1,-4.3439180701619726e-05,0.000162219900758723,4.3439180701619726e-05
3048840045,3,11226,1,4.3411044486699665e-05,0.000542467804498567,4.3411044486699665e-05
4060210007,4,11358,1,-4.34048443874574e-05,0.0006053585564854317,4.34048443874574e-05
4130410057,4,11413,1,-4.339011064320533e-05,0.00033321921193163174,4.339011064320533e-05
2048260035,2,10466,1,-4.329053346531575e-05,0.0002043236596881997,4.329053346531575e-05
2027650165,2,10474,1,4.319844701855702e-05,0.000174279810987969,4.319844701855702e-05
2027610465,2,10474,1,4.319844679252461e-05,0.00017427981027554707,4.319844679252461e-05
2025210012,2,10452,1,-4.315187343627563e-05,0.00020710185469417476,4.315187343627563e-05
4007830015,4,11105,1,4.31331580950537e-05,0.0006303133161406247,4.31331580950537e-05
3064660075,3,11214,1,-4.307554235006027e-05,0.00016459820240303675,4.307554235006027e-05
4114040032,4,11417,1,4.3055401229342096e-05,0.0001593593834378776,4.3055401229342096e-05
2045530029,2,10469,1,-4.297351034880856e-05,0.00040430848629138995,4.297351034880856e-05
3061830004,3,11204,1,4.29545141108616e-05,0.0006095255082605711,4.29545141108616e-05
4074360017,4,11364,1,4.288729589864616e-05,0.00014810556476607952,4.288729589864616e-05
4063390053,4,11361,1,4.2830101378130915e-05,0.0001635718862425835,4.2830101378130915e-05
2058770847,2,10471,1,4.281944718200911e-05,0.00017190033407063886,4.281944718200911e-05
3013290011,3,11225,1,4.28089622358033e-05,7.328641995921981e-05,4.28089622358033e-05
3010030054,3,11215,1,-4.280327837953441e-05,0.0004068932555906582,4.280327837953441e-05
3020440086,3,11205,1,-4.2749516984238256e-05,0.000126754250598851,4.2749516984238256e-05
4038740113,4,11385,1,-4.270514288572263e-05,0.00031431408078447937,4.270514288572263e-05
4090460044,4,11416,1,4.2651976860357614e-05,0.0003475504982795164,4.2651976860357614e-05
4048570004,4,11354,1,4.264310862054536e-05,0.0003424828241727536,4.264310862054536e-05
3073850018,3,11229,1,-4.254786938562775e-05,0.0006300618340321831,4.254786938562775e-05
4011340067,4,11377,1,-4.252590901441582e-05,0.0002344610894586775,4.252590901441582e-05
4130220119,4,11413,1,-4.249896952299433e-05,0.0007695432169850779,4.249896952299433e-05
3019890025,3,11238,1,4.2491218647986554e-05,0.0004044595750690862,4.2491218647986554e-05
4054260060,4,11358,1,4.241693045386471e-05,0.0001237057916225133,4.241693045386471e-05
3087970058,3,11235,1,-4.2413469326097485e-05,0.00011785066896658744,4.2413469326097485e-05
2027820091,2,10456,1,4.240249721545405e-05,0.00039971635453708653,4.240249721545405e-05
4010970004,4,11369,1,4.238107046505144e-05,0.0003855153357224522,4.238107046505144e-05
4027790021,4,11378,1,4.2373959226656305e-05,0.0008249399006266799,4.2373959226656305e-05
4131840022,4,11413,1,4.232792107481755e-05,0.00021795792828798046,4.232792107481755e-05
4116470053,4,11420,1,4.228061739916515e-05,0.0002260643656198469,4.228061739916515e-05
4056950055,4,11365,1,4.222858017581214e-05,0.0007864595300136659,4.222858017581214e-05
4003040009,4,11101,1,4.21077742150939e-05,0.00012252840549445464,4.21077742150939e-05
4003800006,4,11101,1,4.210777405900641e-05,0.00012252840500863316,4.210777405900641e-05
3085450042,3,11234,1,-4.204412605383404e-05,9.821374963688584e-05,4.204412605383404e-05
2046510027,2,10467,1,4.203824767713967e-05,0.00028628628190408397,4.203824767713967e-05
4012170060,4,11377,1,-4.202371155269856e-05,9.222662256668409e-05,4.202371155269856e-05
2044360019,2,10467,1,4.1951135385851285e-05,0.0001047316124029308,4.1951135385851285e-05
2030370101,2,10457,1,4.194135380590094e-05,0.0001262128693063524,4.194135380590094e-05
4066880023,4,11367,1,4.1878914992203025e-05,0.00036323555242842375,4.1878914992203025e-05
4106140012,4,11428,1,4.186145748081533e-05,0.0005997494933689439,4.186145748081533e-05
4070040043,4,11366,1,4.185812555011744e-05,0.0005629182213563804,4.185812555011744e-05
4157330034,4,11691,1,-4.173132530809048e-05,0.00016740313701807074,4.173132530809048e-05
3083730032,3,11234,1,-4.169348088193692e-05,0.0007468282987682473,4.169348088193692e-05
3015050069,3,11233,1,-4.1684432292854904e-05,0.000669127230012198,4.1684432292854904e-05
3006690027,3,11232,1,4.1676016787371276e-05,0.00032754552804424743,4.1676016787371276e-05
4110170026,4,11412,1,4.163080851906425e-05,0.0001931478011722899,4.163080851906425e-05
2050570048,2,10466,1,4.1626916699385574e-05,0.0006519092297065512,4.1626916699385574e-05
4075040047,4,11364,1,4.162219691008035e-05,0.0010223974723652647,4.162219691008035e-05
3055220056,3,11204,1,-4.157372958127792e-05,0.00012917929387875067,4.157372958127792e-05
4008990101,4,11102,1,4.150028181815415e-05,0.0001805926755191667,4.150028181815415e-05
4005100046,4,11102,1,4.150028178078682e-05,0.00018059267520554594,4.150028178078682e-05
4005350031,4,11102,1,4.150028173340423e-05,0.0001805926754653188,4.150028173340423e-05
4005170034,4,11102,1,4.150028161285304e-05,0.00018059267509166295,4.150028161285304e-05
4028320040,4,11378,1,4.1471516348670286e-05,0.00022734340421904113,4.1471516348670286e-05
3017050053,3,11213,1,4.145621291784601e-05,7.514254441251712e-05,4.145621291784601e-05
2032080007,2,10453,1,4.142986043942333e-05,0.00040679978720355083,4.142986043942333e-05
4078330052,4,11364,1,-4.142077358328301e-05,0.0002765975830739556,4.142077358328301e-05
3033760103,3,11221,1,-4.141620885312524e-05,0.00019273552210931512,4.141620885312524e-05
4058010030,4,11360,1,-4.139503643093854e-05,0.00044130083702805065,4.139503643093854e-05
3086720058,3,11235,1,-4.138664665423711e-05,0.000245701406703184,4.138664665423711e-05
3051380111,3,11226,1,4.1363985624005294e-05,0.00019541694963746384,4.1363985624005294e-05
2026620035,2,10456,1,4.133134409395689e-05,0.00029701626540198006,4.133134409395689e-05
3080610028,3,11236,1,4.1311314887604135e-05,0.00020415714158572782,4.1311314887604135e-05
3015940076,3,11206,1,-4.12702434367903e-05,7.801213327306004e-05,4.12702434367903e-05
2040270127,2,10460,1,4.123724428090396e-05,0.00046457209855843394,4.123724428090396e-05
2033330042,2,10467,1,-4.123528971622583e-05,7.388293940277365e-05,4.123528971622583e-05
3026860067,3,11222,1,4.1016623910787646e-05,0.00019445601524117271,4.1016623910787646e-05
3005880021,3,11231,1,4.098965092697862e-05,0.00021064164608589506,4.098965092697862e-05
3041140056,3,11208,1,-4.097130326557103e-05,9.58057620431766e-05,4.097130326557103e-05
2051020001,2,10470,1,-4.0838479854390575e-05,0.00040638437516637776,4.0838479854390575e-05
2033770087,2,10470,1,-4.0838479827685944e-05,0.0004063843750524229,4.0838479827685944e-05
4089020007,4,11421,1,-4.07875907803261e-05,0.00021648636783128385,4.07875907803261e-05
4082540063,4,11362,1,4.07778316940259e-05,0.0005492128924112464,4.07778316940259e-05
4123340271,4,11434,1,4.0772011939437505e-05,0.00021520807292231087,4.0772011939437505e-05
4026980049,4,11378,1,-4.0757684279181186e-05,0.00011142973691470919,4.0757684279181186e-05
4074690022,4,11364,1,-4.073141215541742e-05,0.000698087276558568,4.073141215541742e-05
4129110067,4,11422,1,-4.068860942509084e-05,0.00011342908349982328,4.068860942509084e-05
4038270023,4,11385,1,4.062983928547911e-05,0.0009388813324266767,4.062983928547911e-05
4162950022,4,11694,1,-4.057421635954702e-05,0.00036203637772074047,4.057421635954702e-05
3080370172,3,11236,1,-4.05720065435022e-05,0.00012100686629945124,4.05720065435022e-05
3063090033,3,11228,1,-4.057103937168476e-05,0.00010684741081200039,4.057103937168476e-05
4089600018,4,11421,1,-4.05650019509234e-05,0.0005962303526430383,4.05650019509234e-05
3049740067,3,11203,1,-4.045004663262039e-05,0.00043818360490294856,4.045004663262039e-05
3076520053,3,11210,1,-4.042810322056103e-05,0.00032802530194544577,4.042810322056103e-05
4160480061,4,11692,1,-4.040166208078136e-05,0.0001966698815138056,4.040166208078136e-05
2045190012,2,10469,1,-4.0400066625415227e-05,0.00012332599406262825,4.0400066625415227e-05
2047520127,2,10469,1,-4.034518802692531e-05,0.00017555436810231525,4.034518802692531e-05
4054960001,4,11355,1,4.0307129631554696e-05,0.00015487721528902802,4.0307129631554696e-05
3034330017,3,11207,1,-4.015930792360339e-05,0.0007875695585293626,4.015930792360339e-05
3062900003,3,11228,1,4.014867811738604e-05,0.00010228172341003461,4.014867811738604e-05
3067200060,3,11230,1,-4.006709286766043e-05,0.00036383807341228776,4.006709286766043e-05
4055810047,4,11358,1,4.006431000695543e-05,0.0004311186427882476,4.006431000695543e-05
2043310055,2,10461,1,4.00451101624627e-05,6.365910812217984e-05,4.00451101624627e-05
3008690051,3,11215,1,4.004057123167107e-05,0.00019919485744393812,4.004057123167107e-05
4102050001,4,11433,1,4.0014093534166916e-05,0.0006422482929887407,4.0014093534166916e-05
2055450015,2,10465,1,-3.9990208950011666e-05,0.0004373586692664541,3.9990208950011666e-05
4011330019,4,11377,1,-3.996303941374294e-05,0.00032678038418883167,3.996303941374294e-05
4040060081,4,11356,1,-3.992493632678579e-05,0.000213449455440226,3.992493632678579e-05
3034370062,3,11237,1,3.991974224001119e-05,0.00013586496265342122,3.991974224001119e-05
4139210105,4,11422,1,3.9859092208781564e-05,0.0005857959236109774,3.9859092208781564e-05
4116780069,4,11420,1,-3.9855095447744615e-05,0.0001103872636293309,3.9855095447744615e-05
4117630006,4,11420,1,-3.977098737735774e-05,0.000827144686925647,3.977098737735774e-05
3084702004,3,11234,1,3.9756995695473896e-05,0.000214986964430444,3.9756995695473896e-05
3045280008,3,11208,1,3.957064957875733e-05,0.0003771668634010399,3.957064957875733e-05
3085920107,3,11234,1,-3.953881642209785e-05,4.851012043397025e-05,3.953881642209785e-05
3016420031,3,11221,1,-3.953560833013462e-05,0.0008480001367482165,3.953560833013462e-05
3056370018,3,11220,1,-3.94978925940823e-05,0.00020491738079626105,3.94978925940823e-05
3054950902,3,11230,1,-3.9358329853957596e-05,0.000244162769492946,3.9358329853957596e-05
2035110009,2,10473,1,-3.93042520998851e-05,0.00034975465671293715,3.93042520998851e-05
3052150032,3,11226,1,3.929001269616536e-05,0.00032654665052312515,3.929001269616536e-05
4022930022,4,11377,1,3.927447316782965e-05,0.00014303482962437395,3.927447316782965e-05
2038160076,2,10472,1,3.9225843861019925e-05,0.0007216689316502682,3.9225843861019925e-05
4059890026,4,11360,1,3.9225301423994344e-05,0.0009185780571249311,3.9225301423994344e-05
2054860031,2,10465,1,3.920144246646629e-05,0.0001440400918477785,3.920144246646629e-05
3052090010,3,11226,1,-3.915558088667364e-05,0.00021308499726490108,3.915558088667364e-05
4073340052,4,11361,1,3.91531331978564e-05,0.000709235581798586,3.91531331978564e-05
4102580105,4,11433,1,-3.914638516515343e-05,0.00033295033748758203,3.914638516515343e-05
2054090322,2,10465,1,3.91317639140856e-05,0.0008685957233482605,3.91317639140856e-05
3004670036,3,11231,1,3.9087553158843885e-05,0.0002896492032037014,3.9087553158843885e-05
4109140029,4,11429,1,-3.9083196256159454e-05,0.0004637892777459325,3.9083196256159454e-05
3046890053,3,11212,1,-3.9059535407167156e-05,0.0002423550666835422,3.9059535407167156e-05
3033960132,3,11221,1,3.9030479736131995e-05,9.944390978870881e-05,3.9030479736131995e-05
4029110012,4,11379,1,3.896946552842701e-05,0.0002334876892382398,3.896946552842701e-05
4111530027,4,11429,1,3.895320060791702e-05,0.00011491202863489127,3.895320060791702e-05
4038260002,4,11385,1,3.8952294301367336e-05,0.00029115702731815154,3.8952294301367336e-05
4017600014,4,11368,1,-3.890721142503294e-05,0.00013386769684599657,3.890721142503294e-05
2049810088,2,10466,1,3.8891874282723784e-05,0.0004967659500895124,3.8891874282723784e-05
2057490676,2,10463,1,3.887702306425838e-05,0.00035173859636070684,3.887702306425838e-05
3043600010,3,11208,1,3.87796953388367e-05,0.0005441253619471003,3.87796953388367e-05
4116830011,4,11420,1,-3.872019692966536e-05,0.0002171086806097688,3.872019692966536e-05
4097130132,4,11435,1,-3.870159004671319e-05,0.00011807971802710494,3.870159004671319e-05
4076620039,4,11364,1,3.86960036113215e-05,0.000179740891198083,3.86960036113215e-05
3027740005,3,11211,1,-3.869281264279387e-05,0.00045396961914194255,3.869281264279387e-05
4142040018,4,11414,1,3.867505244312433e-05,0.0004963017845792479,3.867505244312433e-05
4116820045,4,11420,1,3.865921464302194e-05,0.00037317850376058993,3.865921464302194e-05
2049210149,2,10466,1,-3.863528490601641e-05,0.00019991871662630554,3.863528490601641e-05
3040880116,3,11207,1,-3.859636061477871e-05,0.00023323443047684495,3.859636061477871e-05
4120250064,4,11436,1,-3.8530198122449665e-05,0.0001452667771286407,3.8530198122449665e-05
3051950011,3,11226,1,3.8518807562616834e-05,0.000542467804498567,3.8518807562616834e-05
3041180044,3,11208,1,3.847555345958208e-05,0.0005025881831004193,3.847555345958208e-05
3041180045,3,11208,1,3.847555345958208e-05,0.0005025881831004193,3.847555345958208e-05
2054980035,2,10465,1,3.8468410573684505e-05,0.0001894822493787993,3.8468410573684505e-05
4054580014,4,11358,1,-3.843599742389552e-05,0.0007289749415548079,3.843599742389552e-05
4120600275,4,11436,1,3.838140036118651e-05,0.0007532816601945081,3.838140036118651e-05
2030630146,2,10457,1,-3.836080220368525e-05,0.00026007282433717,3.836080220368525e-05
4115890033,4,11414,1,3.827441182775352e-05,0.00010111719964740806,3.827441182775352e-05
4028410044,4,11378,1,3.825375862264599e-05,0.0002681096671654826,3.825375862264599e-05
4008670057,4,11105,1,-3.820706998373465e-05,0.00022451531294664614,3.820706998373465e-05
2040180011,2,10460,1,-3.820125443614243e-05,0.00015028474190484462,3.820125443614243e-05
4044140049,4,11354,1,-3.819644020591063e-05,0.00021190301651261164,3.819644020591063e-05
3010430007,3,11215,1,-3.818596750418846e-05,0.00037504239369112285,3.818596750418846e-05
3050900041,3,11226,1,-3.817896000510387e-05,0.00010658340448658735,3.817896000510387e-05
4103450008,4,11412,1,3.816078107273002e-05,0.0004456649598183466,3.816078107273002e-05
2037750075,2,10472,1,-3.811776809935e-05,0.00022834264110512486,3.811776809935e-05
3017570061,3,11206,1,3.809987779947996e-05,0.00010276956172006787,3.809987779947996e-05
2040260026,2,10462,1,-3.8067837812550374e-05,0.00020800887072735605,3.8067837812550374e-05
3042120033,3,11208,1,-3.8064018246502555e-05,0.00038190377009405163,3.8064018246502555e-05
4095290061,4,11417,1,3.7898414809711105e-05,0.00021375889179012415,3.7898414809711105e-05
4030230085,4,11379,1,3.788374718416205e-05,0.0002013252008215758,3.788374718416205e-05
4106660035,4,11427,1,3.781708774355327e-05,0.00027786741255179394,3.781708774355327e-05
4109630223,4,11412,1,3.77997654551185e-05,4.055198840878804e-05,3.77997654551185e-05
2047800011,2,10469,1,3.7782770288642657e-05,0.00022435266869894106,3.7782770288642657e-05
3019530026,3,11238,1,-3.7750470597562895e-05,9.89065108891773e-05,3.7750470597562895e-05
2039930005,2,10462,1,3.7715058443222315e-05,0.000404252544978722,3.7715058443222315e-05
4031840035,4,11375,1,-3.768252303359996e-05,0.0002867484842471057,3.768252303359996e-05
3038290016,3,11212,1,-3.7661855112751405e-05,0.00014638790864070526,3.7661855112751405e-05
3013680011,3,11213,1,-3.765093103014572e-05,0.00014401750049861746,3.765093103014572e-05
2050560054,2,10466,1,3.7639244843531934e-05,0.0002387769674873271,3.7639244843531934e-05
3037050001,3,11207,1,-3.762889473923858e-05,8.008354126647302e-05,3.762889473923858e-05
4120810152,4,11436,1,3.7584174136567536e-05,0.00017834963637749853,3.7584174136567536e-05
4081620427,4,11363,1,3.753500022012656e-05,0.0004886733664834515,3.753500022012656e-05
4080800022,4,11363,1,3.753500001303296e-05,0.0004886733661097384,3.753500001303296e-05
4114810054,4,11417,1,-3.752268014160702e-05,0.00026278565385110317,3.752268014160702e-05
4054150022,4,11355,1,3.748247275734248e-05,0.00042749741556393926,3.748247275734248e-05
2044470031,2,10469,1,3.7465189863157336e-05,0.00015659401837887977,3.7465189863157336e-05
4083990225,4,11362,1,3.7411946621556543e-05,0.000191739293520897,3.7411946621556543e-05
3069160081,3,11214,1,-3.7404767456086044e-05,0.00038077178086699814,3.7404767456086044e-05
3016570071,3,11233,1,3.740201893844918e-05,0.0001692790098133976,3.740201893844918e-05
2034300039,2,10473,1,-3.7372380572923186e-05,0.0003334677074159609,3.7372380572923186e-05
4155320022,4,11691,1,3.737160305502681e-05,0.0003109221060675971,3.737160305502681e-05
3051700043,3,11226,1,-3.7300613549718964e-05,0.000899059529453608,3.7300613549718964e-05
2048700067,2,10466,1,-3.729932707280016e-05,0.000252875993967111,3.729932707280016e-05
4007830059,4,11105,1,-3.7285882202112604e-05,0.00033441986235738437,3.7285882202112604e-05
4097260029,4,11435,1,-3.727712495655573e-05,0.0006337168605030322,3.727712495655573e-05
3060600003,3,11209,1,3.7277074986452556e-05,0.00014481114711151102,3.7277074986452556e-05
3077560042,3,11234,1,-3.71894520629826e-05,0.00042835024084509444,3.71894520629826e-05
4024810010,4,11378,1,-3.7159693451700536e-05,0.0001990068528334182,3.7159693451700536e-05
4013930053,4,11369,1,-3.7149145551253273e-05,0.00023887871375644423,3.7149145551253273e-05
3017310105,3,11206,1,3.7146553770380354e-05,7.642567146191702e-05,3.7146553770380354e-05
2056320049,2,10464,1,-3.70529285448642e-05,0.0005833694581094909,3.70529285448642e-05
3079030029,3,11234,1,-3.7046655632153186e-05,0.00022812711112974043,3.7046655632153186e-05
4066760013,4,11367,1,3.6976277672187475e-05,0.0008404142021043972,3.6976277672187475e-05
4095780079,4,11419,1,-3.6973755098261004e-05,0.0004607550197202986,3.6973755098261004e-05
4157620047,4,11691,1,-3.696669968723514e-05,0.0005027617232228363,3.696669968723514e-05
4111020012,4,11429,1,3.6817845428850364e-05,0.0006332280996126995,3.6817845428850364e-05
4066360043,4,11435,1,-3.680144415795635e-05,0.00018325423659691436,3.680144415795635e-05
4126660023,4,11413,1,-3.679016349342811e-05,0.00012858485373162486,3.679016349342811e-05
3041210007,3,11208,1,-3.677984584914657e-05,0.00045747164542705017,3.677984584914657e-05
3008480067,3,11220,1,-3.677179087625809e-05,0.00017886722371711046,3.677179087625809e-05
3077090044,3,11234,1,3.674375554550356e-05,0.0006286377061822827,3.674375554550356e-05
4158180012,4,11691,1,-3.6674989779305054e-05,0.00017027853556322894,3.6674989779305054e-05
4098920054,4,11432,1,3.664549167623159e-05,0.000923283473674422,3.664549167623159e-05
4080020296,4,11426,1,3.6569884045596664e-05,0.0002540124832614012,3.6569884045596664e-05
3008380049,3,11220,1,-3.655451940166875e-05,0.00040279659448437267,3.655451940166875e-05
3019890042,3,11238,1,-3.6540289609999474e-05,0.0005499572625539014,3.6540289609999474e-05
4017740141,4,11368,1,-3.6533518679578844e-05,0.00011299266118770679,3.6533518679578844e-05
3074100076,3,11229,1,-3.651410524503688e-05,0.0002552318860590536,3.651410524503688e-05
3056870022,3,11219,1,3.646082791754377e-05,7.71271604632362e-05,3.646082791754377e-05
4031890075,4,11375,1,3.6349977442314736e-05,0.00035726877341092737,3.6349977442314736e-05
3033910011,3,11221,1,3.634478226452198e-05,0.0004987459212433479,3.634478226452198e-05
3050860081,3,11226,1,3.6312888768941093e-05,0.0003043901016029511,3.6312888768941093e-05
4106690109,4,11427,1,-3.630358265241931e-05,0.00020549237820904537,3.630358265241931e-05
3073230042,3,11229,1,-3.622365775573544e-05,0.0002135472426159989,3.622365775573544e-05
3022320030,3,11206,1,-3.6177599055237466e-05,6.0783115247929e-05,3.6177599055237466e-05
4093500001,4,11418,1,3.611464936740296e-05,0.0002750641346051058,3.611464936740296e-05
4015690016,4,11373,1,3.6056935599177533e-05,0.0002477177879024011,3.6056935599177533e-05
4040290016,4,11356,1,3.60532816666931e-05,0.0007147446582489758,3.60532816666931e-05
3013270010,3,11225,1,3.604831609679627e-05,0.00020054461169684512,3.604831609679627e-05
4073070004,4,11361,1,3.600532855724698e-05,6.574295965385282e-05,3.600532855724698e-05
3016710009,3,11233,1,-3.5985001855342033e-05,0.0008466391004445706,3.5985001855342033e-05
4088690029,4,11421,1,3.5973847705398684e-05,0.0002113157310635728,3.5973847705398684e-05
4139590073,4,11414,1,3.592608936393869e-05,0.000861991045508501,3.592608936393869e-05
4038250037,4,11385,1,3.5895534369841224e-05,0.0006577115505714132,3.5895534369841224e-05
3070880040,3,11223,1,3.586840052330049e-05,0.0011117638027583567,3.586840052330049e-05
3008710069,3,11215,1,-3.585035181659805e-05,0.00031074030900549377,3.585035181659805e-05
3040200020,3,11208,1,3.583453052168801e-05,0.0005971231333583547,3.583453052168801e-05
4000780021,4,11101,1,-3.581680344345249e-05,0.00045139185112322695,3.581680344345249e-05
4004750011,4,11101,1,-3.5816803327001176e-05,0.0004513918508691804,3.5816803327001176e-05
3009610064,3,11215,1,3.579731939973628e-05,0.00011723478009351147,3.579731939973628e-05
4128950072,4,11413,1,-3.579696634893766e-05,0.00022814588940772736,3.579696634893766e-05
3016440079,3,11221,1,3.578246408448223e-05,0.0008391249534203521,3.578246408448223e-05
3018010002,3,11221,1,3.571307723476244e-05,0.00032396371633761637,3.571307723476244e-05
4092880037,4,11418,1,3.570732027657788e-05,0.00016969226713741566,3.570732027657788e-05
2042580152,2,10462,1,-3.567746522635972e-05,0.00022150091519447385,3.567746522635972e-05
4108700001,4,11423,1,3.5665661533187155e-05,0.00020835207644557372,3.5665661533187155e-05
4099060032,4,11423,1,3.5665661507228557e-05,0.00020835207632943344,3.5665661507228557e-05
3015610031,3,11233,1,-3.566521533155312e-05,7.130318532197854e-05,3.566521533155312e-05
3076560008,3,11210,1,-3.5661822367857706e-05,0.00039361191991698307,3.5661822367857706e-05
3069140044,3,11214,1,3.565804764531611e-05,0.00018763196241453452,3.565804764531611e-05
2027830070,2,10456,1,3.5627164172825524e-05,0.00010516305376384222,3.5627164172825524e-05
4047940011,4,11354,1,3.5589008234735574e-05,0.00013083392313381213,3.5589008234735574e-05
4156600053,4,11691,1,3.558737525725096e-05,0.00044334734666611093,3.558737525725096e-05
4031780010,4,11374,1,-3.556529537491744e-05,0.00022307217879158385,3.556529537491744e-05
4083750024,4,11362,1,-3.551795468899777e-05,0.000300223935968327,3.551795468899777e-05
3016750076,3,11233,1,-3.548161917266051e-05,7.315605400471612e-05,3.548161917266051e-05
2022800069,2,10454,1,-3.547191789037035e-05,0.00041320996302835356,3.547191789037035e-05
2055790121,2,10465,1,-3.54045470897217e-05,0.00015405113302791544,3.54045470897217e-05
3010510051,3,11215,1,-3.5381653135072446e-05,0.0005478323250410593,3.5381653135072446e-05
2029770087,2,10460,1,3.5378489475390936e-05,0.0002197483497143731,3.5378489475390936e-05
3040210001,3,11208,1,-3.534973316083643e-05,9.083170950253157e-05,3.534973316083643e-05
4109280056,4,11412,1,-3.5341426167494075e-05,0.0001395423072418692,3.5341426167494075e-05
3016390048,3,11221,1,3.5326679037338016e-05,0.00014119881352946784,3.5326679037338016e-05
4045290051,4,11357,1,3.531726664591248e-05,0.0001797432194445053,3.531726664591248e-05
4088470132,4,11421,1,3.531465914262813e-05,0.0001516549394617491,3.531465914262813e-05
4081740047,4,11362,1,3.530363592434403e-05,0.0007210589621565627,3.530363592434403e-05
4117050049,4,11420,1,-3.529600771004624e-05,0.0001742316072747222,3.529600771004624e-05
4032790046,4,11375,1,-3.52618301125397e-05,0.00020577749928699047,3.52618301125397e-05
4105620038,4,11428,1,-3.524917374455231e-05,0.0006695103573696034,3.524917374455231e-05
4068660407,4,11365,1,3.524785079876023e-05,0.00022796852601537283,3.524785079876023e-05
2032870095,2,10458,1,3.524667125508133e-05,0.0005399033213804337,3.524667125508133e-05
3062890054,3,11214,1,3.524494695733816e-05,0.0005682234771579133,3.524494695733816e-05
2041310142,2,10461,1,3.522678060655125e-05,0.00017735061969615076,3.522678060655125e-05
3086070055,3,11234,1,-3.5225262573317726e-05,0.0002165440647935723,3.5225262573317726e-05
4079820013,4,11426,1,3.516164333267584e-05,0.00012743590619117366,3.516164333267584e-05
4086590013,4,11426,1,3.510859795936248e-05,0.00020149422999324925,3.510859795936248e-05
4089660021,4,11421,1,3.510382401958526e-05,0.0002346999178450873,3.510382401958526e-05
4102700096,4,11433,1,3.5101159782429964e-05,0.0005577454454965418,3.5101159782429964e-05
3051360068,3,11226,1,3.508020442977878e-05,0.0007558537982717052,3.508020442977878e-05
4161180055,4,11693,1,-3.5000799197800966e-05,9.025119238737072e-05,3.5000799197800966e-05
4153180035,4,11693,1,-3.5000799123576086e-05,9.025119226934164e-05,3.5000799123576086e-05
3013400032,3,11213,1,3.4990971212527294e-05,0.00023531563306553732,3.4990971212527294e-05
2042970028,2,10462,1,-3.492391634313339e-05,0.00019639326903746847,3.492391634313339e-05
3064600061,3,11228,1,3.490226090943052e-05,0.00028484012057689,3.490226090943052e-05
2037990144,2,10472,1,-3.487488525286892e-05,0.0002959274553794434,3.487488525286892e-05
4073660059,4,11364,1,-3.480754929933988e-05,0.000448917370259058,3.480754929933988e-05
4045100012,4,11357,1,3.4713838297016227e-05,0.00017512246842668226,3.4713838297016227e-05
3041890142,3,11208,1,3.468744969720816e-05,0.00022196150284680224,3.468744969720816e-05
3060400014,3,11209,1,3.466974952898956e-05,0.0006930447426641647,3.466974952898956e-05
4067290001,4,11365,1,-3.46239181701962e-05,0.0006648920132541195,3.46239181701962e-05
4096300023,4,11418,1,3.456700126696254e-05,0.0002297241691385898,3.456700126696254e-05
4048450064,4,11357,1,-3.456278865894733e-05,0.0010021096611265315,3.456278865894733e-05
3019890027,3,11238,2,-3.456124220545247e-05,0.0004039902620726742,3.456124220545247e-05
4081350006,4,11363,1,-3.454530015556064e-05,0.0004587499243654635,3.454530015556064e-05
3086380030,3,11234,1,3.454335309642208e-05,0.00020385904734448882,3.454335309642208e-05
3055380064,3,11204,1,3.453499650444106e-05,0.0005563671658993318,3.453499650444106e-05
3081990003,3,11236,1,-3.4525901227971976e-05,0.0003529654129457021,3.4525901227971976e-05
3008730044,3,11215,1,-3.448052463497305e-05,0.00014875741171410388,3.448052463497305e-05
4127010001,4,11413,1,-3.446640493904646e-05,0.00019894371420323045,3.446640493904646e-05
3088830961,3,11229,1,-3.443965990605796e-05,0.00010811663267062422,3.443965990605796e-05
4104710010,4,11423,1,3.4438173605725476e-05,0.00022398797305574197,3.4438173605725476e-05
3046930015,3,11212,1,3.443437524210027e-05,0.0003375012151495709,3.443437524210027e-05
4092220020,4,11418,1,-3.44243096143689e-05,0.00019573160159994587,3.44243096143689e-05
3027680009,3,11211,1,3.4385901786208983e-05,0.0007027016689180077,3.4385901786208983e-05
2028790011,2,10453,1,-3.433548849551202e-05,0.00019595410273095154,3.433548849551202e-05
2032100057,2,10453,1,-3.433548841171736e-05,0.0001959541023573321,3.433548841171736e-05
3005870004,3,11231,2,3.42472487659961e-05,0.00034269223522925173,3.42472487659961e-05
3051300222,3,11226,1,-3.4230215592041225e-05,0.00012844441390833,3.4230215592041225e-05
2029360041,2,10456,1,-3.421967726009751e-05,0.0002698536439467077,3.421967726009751e-05
4092030071,4,11418,1,-3.420444844574579e-05,0.000212030841319043,3.420444844574579e-05
3062200051,3,11228,1,3.416609587223718e-05,0.00021302288666797696,3.416609587223718e-05
4093500010,4,11418,1,-3.415489009904484e-05,0.00015463625859454924,3.415489009904484e-05
3082450011,3,11236,1,3.414022311648739e-05,0.00015416609997351098,3.414022311648739e-05
3060680011,3,11209,1,3.4120905557252365e-05,0.0002817769556445932,3.4120905557252365e-05
3042090006,3,11208,1,-3.4104945167856013e-05,0.0002888505193800846,3.4104945167856013e-05
3083530025,3,11234,1,3.403027968701745e-05,0.00017404732021985604,3.403027968701745e-05
4089810039,4,11421,1,-3.3956582033315714e-05,0.00010953542643438261,3.3956582033315714e-05
4160580017,4,11692,1,-3.3911078930089225e-05,0.0002625714563272821,3.3911078930089225e-05
2041200024,2,10461,1,-3.391098140005555e-05,0.0010477876327855855,3.391098140005555e-05
4046580035,4,11357,1,3.3900653153028066e-05,0.00010544835654928089,3.3900653153028066e-05
3015000015,3,11233,1,-3.386526930505999e-05,0.00021798957010700834,3.386526930505999e-05
4082890005,4,11362,1,-3.3843920221303984e-05,0.0006339324993794647,3.3843920221303984e-05
3045140126,3,11208,1,-3.383621294353846e-05,0.0002539246172843452,3.383621294353846e-05
4089120002,4,11421,1,3.3811760533434514e-05,0.00022648960012168137,3.3811760533434514e-05
4038930031,4,11375,1,3.375458980968047e-05,8.090974559379782e-05,3.375458980968047e-05
3082580049,3,11236,1,3.375068633644333e-05,0.0003787658508617625,3.375068633644333e-05
2029600042,2,10460,1,3.369024694744516e-05,0.00020435311193389892,3.369024694744516e-05
4088470202,4,11421,1,3.36177676876301e-05,0.00010262968353534993,3.36177676876301e-05
2050900002,2,10466,1,-3.3582595712659836e-05,0.0001266620935197424,3.3582595712659836e-05
3016780015,3,11233,1,3.3579910743091916e-05,0.0001399322424547504,3.3579910743091916e-05
4024750003,4,11373,1,-3.356037583302615e-05,0.00011124044077152298,3.356037583302615e-05
4036940038,4,11385,1,-3.35156684246266e-05,0.0006577115505714132,3.35156684246266e-05
3005310043,3,11231,1,-3.350425621193754e-05,0.0001711111608277798,3.350425621193754e-05
3016640015,3,11233,1,-3.344163106615267e-05,0.00015215550538662432,3.344163106615267e-05
2054720016,2,10465,1,-3.339715052720361e-05,0.00019907655937726805,3.339715052720361e-05
4063840022,4,11367,1,3.3396051001681885e-05,0.0004423510959323217,3.3396051001681885e-05
4011260035,4,11370,1,3.337593060477181e-05,0.0002376506968677114,3.337593060477181e-05
2030450016,2,10457,1,-3.3299982178615336e-05,0.00019798855302472336,3.3299982178615336e-05
4080950061,4,11363,1,3.3293592701230165e-05,0.0002836102592785343,3.3293592701230165e-05
3056860030,3,11220,1,3.3208554871681735e-05,0.00019298272683110183,3.3208554871681735e-05
4045050023,4,11357,1,-3.317299626924084e-05,0.00019019831511917997,3.317299626924084e-05
3033120005,3,11237,1,-3.316829417534225e-05,0.00039792461511157525,3.316829417534225e-05
3089000034,3,11229,1,-3.3153567389291515e-05,0.00011893878107996043,3.3153567389291515e-05
4032050043,4,11375,1,3.313793567163421e-05,0.00020524028659660347,3.313793567163421e-05
4014090056,4,11369,1,-3.3133952436999416e-05,0.0002136784524183655,3.3133952436999416e-05
4020060016,4,11368,1,3.307957500648377e-05,0.0002785732734436794,3.307957500648377e-05
4077870069,4,11427,1,-3.302834866913187e-05,0.00038571864526354513,3.302834866913187e-05
3041120071,3,11208,1,3.297981161225715e-05,0.00032503106560457574,3.297981161225715e-05
3016240040,3,11221,1,-3.297162000519987e-05,0.00021977661737351438,3.297162000519987e-05
4044530018,4,11357,1,3.29703749377638e-05,0.00010802594410271037,3.29703749377638e-05
3010420056,3,11215,1,3.29640336320583e-05,0.0002015466131381882,3.29640336320583e-05
4024940054,4,11373,1,3.289966232123012e-05,0.0005291598725570217,3.289966232123012e-05
4116110044,4,11420,1,-3.288681099451001e-05,0.00016844082597298004,3.288681099451001e-05
3019520064,3,11238,1,-3.280853634865364e-05,0.00018064880362610218,3.280853634865364e-05
4095290020,4,11417,1,3.277206150654337e-05,8.631457624627604e-05,3.277206150654337e-05
3067550060,3,11230,1,-3.2755045668532785e-05,0.0005241818450453199,3.2755045668532785e-05
4031780005,4,11374,1,-3.271676915014182e-05,0.00022307217879158385,3.271676915014182e-05
4106630099,4,11427,1,3.270598547819599e-05,0.00033480398286603986,3.270598547819599e-05
4029060007,4,11373,1,3.269015748381206e-05,0.0005223913551677061,3.269015748381206e-05
4032940078,4,11375,1,3.2669435334012255e-05,0.0007990642613319702,3.2669435334012255e-05
2058841198,2,10471,1,-3.266123920689182e-05,0.00021524698479063027,3.266123920689182e-05
4095490062,4,11419,1,3.265454585930255e-05,0.0002766767671210781,3.265454585930255e-05
4142531520,4,11414,1,-3.263800356513197e-05,0.000282943228169215,3.263800356513197e-05
4121640018,4,11433,1,-3.263586000812083e-05,0.00025067501771394116,3.263586000812083e-05
4135730033,4,11422,1,-3.260588781951684e-05,0.00021384794673014155,3.260588781951684e-05
2053840049,2,10461,1,3.259372713012024e-05,0.0002157182177818064,3.259372713012024e-05
3014360048,3,11233,1,3.258919889963847e-05,0.00011237236174924467,3.258919889963847e-05
2043080023,2,10461,1,3.2546906025192266e-05,0.00010608445794164794,3.2546906025192266e-05
4087710049,4,11004,1,-3.252179335378508e-05,0.00014085890640216288,3.252179335378508e-05
4063190006,4,11361,1,3.247585538721107e-05,0.0002034467738801791,3.247585538721107e-05
3018090023,3,11216,1,3.246455851797983e-05,0.00034421344537155296,3.246455851797983e-05
4034820003,4,11385,1,3.243430298576447e-05,0.0002983103999980483,3.243430298576447e-05
2042030060,2,10461,1,-3.242366927817028e-05,0.0005300274570401469,3.242366927817028e-05
3035520059,3,11212,1,3.241719525488742e-05,8.712349978255644e-05,3.241719525488742e-05
3068370021,3,11229,1,3.2397581881062094e-05,0.00010419506202796373,3.2397581881062094e-05
4160360008,4,11692,1,-3.239507749169514e-05,0.0004501995445761797,3.239507749169514e-05
4159130074,4,11692,1,-3.23950773045317e-05,0.000450199543790621,3.23950773045317e-05
4045540079,4,11357,1,3.238725442890491e-05,0.0004626880566740251,3.238725442890491e-05
4036510010,4,11385,1,-3.2377573751177237e-05,0.00023627958756096315,3.2377573751177237e-05
3088180032,3,11229,1,-3.236054674528711e-05,0.0005953441145175324,3.236054674528711e-05
4139890016,4,11414,1,3.22049635697326e-05,0.00018288820649493603,3.22049635697326e-05
4082200071,4,11362,1,-3.220255024756055e-05,0.0004016758184371849,3.220255024756055e-05
3071540034,3,11223,1,3.218688639112638e-05,0.00046893710950912654,3.218688639112638e-05
2055790005,2,10465,1,3.217608459574367e-05,0.0001261146046812186,3.217608459574367e-05
3084140040,3,11234,1,3.217300542559256e-05,0.0002210460639714765,3.217300542559256e-05
2045470050,2,10467,1,-3.213808406165772e-05,0.00011980614481491795,3.213808406165772e-05
2053880043,2,10461,1,3.210780023959287e-05,0.0001314071853134439,3.210780023959287e-05
3067150011,3,11230,1,-3.2095881891480845e-05,0.00015994844720052578,3.2095881891480845e-05
3044530057,3,11208,1,-3.2092288300583104e-05,9.014015555232943e-05,3.2092288300583104e-05
2048600035,2,10466,1,-3.209183192325865e-05,0.00018277616621159408,3.209183192325865e-05
2050510030,2,10466,1,3.207559786339125e-05,0.00016248582392654047,3.207559786339125e-05
3079850035,3,11236,1,-3.204877423870182e-05,0.0009898979589782252,3.204877423870182e-05
2027830074,2,10456,1,-3.203306015536307e-05,0.0004919224366628875,3.203306015536307e-05
2050560011,2,10466,1,-3.198299096934912e-05,0.00020853552987542255,3.198299096934912e-05
3040480039,3,11208,1,3.197809807227775e-05,0.00042286861874356763,3.197809807227775e-05
2035110037,2,10473,1,3.194824616771155e-05,0.00011681168920196864,3.194824616771155e-05
4023730269,4,11378,1,-3.1933509492276345e-05,0.00036658590157867023,3.1933509492276345e-05
3078730014,3,11234,1,3.190991501668797e-05,0.00011964087420148458,3.190991501668797e-05
2055170001,2,10465,1,3.1898270132925535e-05,9.384412891347147e-05,3.1898270132925535e-05
4108720004,4,11423,1,3.18505039967933e-05,0.00016122499269986655,3.18505039967933e-05
4102970066,4,11433,1,-3.182377034425993e-05,0.00017563937242513137,3.182377034425993e-05
4081520040,4,11360,1,-3.1622198388527153e-05,0.00021360658193024303,3.1622198388527153e-05
3016140046,3,11221,1,3.15292179025992e-05,0.00014047638450447397,3.15292179025992e-05
4142030038,4,11414,1,3.151479749320598e-05,0.0002417033659150072,3.151479749320598e-05
2026520043,2,10456,1,3.146029473860662e-05,0.0005611606012944433,3.146029473860662e-05
4156220014,4,11691,1,3.1452143627495595e-05,0.0005565801212544688,3.1452143627495595e-05
3040260004,3,11207,1,-3.144607677029605e-05,0.0002480009836495908,3.144607677029605e-05
3049670029,3,11203,1,3.143982394653079e-05,0.0002665603471889603,3.143982394653079e-05
4155520010,4,11691,1,3.1439180281668475e-05,0.00033989566699319944,3.1439180281668475e-05
4111340055,4,11429,1,-3.141853329875401e-05,0.0001350227489859415,3.141853329875401e-05
4073690004,4,11364,1,3.1405609298427496e-05,0.00022891849246419634,3.1405609298427496e-05
3052660007,3,11218,1,-3.139402549779923e-05,0.000830895548478419,3.139402549779923e-05
3041200039,3,11208,1,-3.1377887904567275e-05,0.0002010181455441706,3.1377887904567275e-05
4068550061,4,11432,1,-3.135390723503746e-05,0.0001016556211966758,3.135390723503746e-05
4082060034,4,11362,1,-3.131589861443326e-05,0.0004582275262878574,3.131589861443326e-05
2028000077,2,10457,1,-3.130641692115868e-05,0.0008703781800670539,3.130641692115868e-05
4055320021,4,11358,1,-3.128183613447484e-05,0.0005187414669982175,3.128183613447484e-05
4093200139,4,11418,1,-3.127670985250418e-05,0.00023218428678743202,3.127670985250418e-05
4115000121,4,11417,1,3.1253448144973286e-05,0.00015717906182248498,3.1253448144973286e-05
2037110062,2,10472,1,-3.122513443959935e-05,0.0008879083536052115,3.122513443959935e-05
4068640370,4,11432,1,-3.119129156204658e-05,0.00037236885236695456,3.119129156204658e-05
4119970311,4,11436,1,3.118059051530147e-05,0.00017031629033048925,3.118059051530147e-05
4045060011,4,11357,1,3.1179853211044006e-05,0.0006523185289589005,3.1179853211044006e-05
4125270074,4,11434,1,3.116866710841703e-05,0.00041675840573586454,3.116866710841703e-05
4131930014,4,11413,1,-3.115702164736918e-05,0.00033314663007274445,3.115702164736918e-05
4110120038,4,11412,1,-3.11397030910647e-05,0.00012412190459350632,3.11397030910647e-05
4014140050,4,11370,1,3.11297542087954e-05,0.00019899596662333169,3.11297542087954e-05
3071480060,3,11223,1,3.1116143420332215e-05,0.00023369585376562291,3.1116143420332215e-05
2040970054,2,10462,1,3.1104770511997487e-05,0.00011107784372297493,3.1104770511997487e-05
4067110050,4,11367,1,-3.1102643858967676e-05,0.0007541828167766875,3.1102643858967676e-05
3063970016,3,11214,1,3.1079190241712776e-05,0.00015355493386943423,3.1079190241712776e-05
3072010071,3,11235,1,3.105079647530902e-05,0.00026222284759057737,3.105079647530902e-05
2041310017,2,10461,1,3.1048712106595586e-05,0.00015815371568645873,3.1048712106595586e-05
4112310092,4,11429,1,-3.103175896247127e-05,0.0003004890016658578,3.103175896247127e-05
3014150144,3,11213,1,3.101499620421639e-05,4.800852436197783e-05,3.101499620421639e-05
3054840001,3,11219,1,-3.10105819975957e-05,0.0001917970335847923,3.10105819975957e-05
4129370087,4,11413,1,-3.0917756274795307e-05,0.0005247162487158679,3.0917756274795307e-05
4117210020,4,11420,1,3.0881040505893105e-05,0.00012518683291465126,3.0881040505893105e-05
4017010035,4,11369,2,3.0818700860241074e-05,0.0005068831466375863,3.0818700860241074e-05
4061780015,4,11361,1,3.0801455899160605e-05,0.00019697661760750243,3.0801455899160605e-05
2043540032,2,10469,1,3.071030330732251e-05,0.0003224025240115949,3.071030330732251e-05
4045540031,4,11357,1,3.0700638479352356e-05,0.00013491727582484994,3.0700638479352356e-05
2050870016,2,10470,1,-3.0661074660783385e-05,0.00025965404418863827,3.0661074660783385e-05
3047360041,3,11203,1,-3.0633897525206604e-05,0.0006325034218904502,3.0633897525206604e-05
4095080005,4,11417,1,-3.062657136183984e-05,0.00020014103321004851,3.062657136183984e-05
2048250016,2,10466,1,3.058810959761553e-05,8.265843283035925e-05,3.058810959761553e-05
2029600146,2,10460,1,3.0570536074146594e-05,0.0001608417526288116,3.0570536074146594e-05
4090750060,4,11416,1,3.0512278740685354e-05,0.0002365170818293481,3.0512278740685354e-05
3067550025,3,11230,1,3.0473129826899236e-05,6.920864136598496e-05,3.0473129826899236e-05
3050540052,3,11226,1,-3.0471177015959274e-05,0.00017142344215561627,3.0471177015959274e-05
3012520011,3,11238,1,3.045601161094237e-05,0.0002888807724597093,3.045601161094237e-05
2031560181,2,10457,1,-3.0371725874324106e-05,0.00021817053640460816,3.0371725874324106e-05
3054490026,3,11204,1,-3.0292764288621128e-05,0.0006035470785905997,3.0292764288621128e-05
2042660030,2,10462,1,3.0287738355034756e-05,0.0001626942200623896,3.0287738355034756e-05
4031990002,4,11375,1,-3.0285436443951562e-05,0.0003671411952922823,3.0285436443951562e-05
4024740167,4,11373,1,3.025650715331384e-05,0.0001694027968253457,3.025650715331384e-05
3013430028,3,11233,1,3.0217541864059982e-05,0.00011709680057309541,3.0217541864059982e-05
2055320017,2,10465,1,3.0179690011180585e-05,9.067943685733557e-05,3.0179690011180585e-05
2053840051,2,10461,1,-3.017292717441485e-05,0.00020302038883029922,3.017292717441485e-05
4032860038,4,11375,1,3.0166782253968133e-05,0.00019462524300092562,3.0166782253968133e-05
4127040007,4,11413,1,3.0150402277401492e-05,0.00017090763455397185,3.0150402277401492e-05
3054600003,3,11204,1,3.0143949826974653e-05,6.166604667970976e-05,3.0143949826974653e-05
4091820049,4,11418,1,3.013887239670324e-05,0.00014181566786582525,3.013887239670324e-05
3082430070,3,11236,1,3.013757960352018e-05,8.499927948263325e-05,3.013757960352018e-05
4008480030,4,11105,1,-3.0126811416212604e-05,0.00044404876812894874,3.0126811416212604e-05
4104380026,4,11412,1,3.0120083900518846e-05,7.236821090411013e-05,3.0120083900518846e-05
4080780005,4,11363,1,3.0085827883735972e-05,0.0002153710147636919,3.0085827883735972e-05
4081170030,4,11363,1,3.0085827865111046e-05,0.00021537101486745577,3.0085827865111046e-05
3084780005,3,11234,1,3.0079221330359498e-05,0.000415662152712594,3.0079221330359498e-05
4064860019,4,11367,1,-3.0078197399355887e-05,0.00028478460386649744,3.0078197399355887e-05
2055290808,2,10465,1,-3.0067085359409362e-05,0.00019110700222476005,3.0067085359409362e-05
3055010051,3,11204,1,-3.0061271684177694e-05,0.00016777519406214306,3.0061271684177694e-05
3038070030,3,11207,1,3.0036802159399135e-05,0.00033029461643641094,3.0036802159399135e-05
4162930060,4,11694,1,-2.999806558914593e-05,6.204309370731765e-05,2.999806558914593e-05
2024040033,2,10451,1,-2.9990446591081545e-05,0.0003511715018125762,2.9990446591081545e-05
2023790143,2,10451,1,-2.9990446565537664e-05,0.00035117150237531485,2.9990446565537664e-05
4086190041,4,11426,1,2.998277952437323e-05,0.00013298069938070498,2.998277952437323e-05
4112630017,4,11411,1,-2.9975187022436163e-05,0.0002504990506837798,2.9975187022436163e-05
4157630031,4,11691,1,-2.9952020653986717e-05,0.0001317193909492025,2.9952020653986717e-05
3072040072,3,11235,1,-2.9936916266520308e-05,0.00019388761628626514,2.9936916266520308e-05
2048240080,2,10466,1,2.9894974940090717e-05,0.0003528658745536135,2.9894974940090717e-05
2041250141,2,10462,1,2.9868187724826575e-05,4.745926867525566e-05,2.9868187724826575e-05
3044550054,3,11208,1,-2.986587758129361e-05,0.00034498701508937094,2.986587758129361e-05
4095710012,4,11419,1,-2.9865408875088866e-05,0.0012241453647638234,2.9865408875088866e-05
4119430024,4,11435,1,2.986373417703328e-05,0.00011028584156204102,2.986373417703328e-05
3007190012,3,11232,1,-2.9843610679235606e-05,0.00011792092905967953,2.9843610679235606e-05
4082300066,4,11362,1,2.9825713802105558e-05,0.00029220096030181555,2.9825713802105558e-05
3013380067,3,11233,1,2.981231010839879e-05,0.0003050651182886023,2.981231010839879e-05
3034320028,3,11207,1,2.9798154614306474e-05,0.0002398687269059172,2.9798154614306474e-05
3048560049,3,11203,1,-2.974676075016645e-05,0.0002364325228810308,2.974676075016645e-05
4134710050,4,11413,1,-2.9607698007373272e-05,0.0005198237444485822,2.9607698007373272e-05
2042980014,2,10462,1,-2.959789334489867e-05,4.290400300069059e-05,2.959789334489867e-05
3080660018,3,11236,1,-2.9561317408079025e-05,6.177223537586293e-05,2.9561317408079025e-05
3048030030,3,11225,1,-2.950810015764945e-05,0.00018418583646418745,2.950810015764945e-05
4094550037,4,11419,1,2.9503607105476092e-05,0.0001558408824797823,2.9503607105476092e-05
4013470026,4,11377,1,-2.9434653255203078e-05,0.0001621924009314281,2.9434653255203078e-05
4078320063,4,11364,1,-2.936545370634563e-05,0.0006279428248330441,2.936545370634563e-05
3006810067,3,11232,1,-2.9357298041720322e-05,0.00029304285917907503,2.9357298041720322e-05
3006720011,3,11232,1,-2.935729792587952e-05,0.00029304285848196046,2.935729792587952e-05
4128000105,4,11411,1,2.9287124308941524e-05,0.0002846710826988946,2.9287124308941524e-05
4106320009,4,11428,1,-2.926256986226516e-05,0.00011176843603047181,2.926256986226516e-05
3049160056,3,11226,1,2.924131802667219e-05,0.00026815661639136983,2.924131802667219e-05
3012040048,3,11213,1,2.9234797232129313e-05,0.00047890490589209923,2.9234797232129313e-05
4097240059,4,11435,1,-2.922510097256558e-05,0.0008034589249025542,2.922510097256558e-05
4013840041,4,11369,1,-2.9202949150565675e-05,0.00039524329456166806,2.9202949150565675e-05
3085020045,3,11234,1,-2.919711505177907e-05,0.0008648305557356438,2.919711505177907e-05
3055840051,3,11219,1,2.9184922745336036e-05,0.0001143770068061126,2.9184922745336036e-05
4162340021,4,11694,1,2.9171966458220245e-05,0.0002569735569253151,2.9171966458220245e-05
4057590040,4,11357,1,-2.9158102960507437e-05,0.00026804032773218345,2.9158102960507437e-05
3078950056,3,11234,1,-2.9144712220674717e-05,0.00021369687257577274,2.9144712220674717e-05
2053580021,2,10461,1,-2.9106966599490697e-05,0.00019469107197267818,2.9106966599490697e-05
3032680021,3,11237,1,-2.910609249765274e-05,0.0004634048403826685,2.910609249765274e-05
4052810077,4,11358,1,-2.908194893561278e-05,0.0006317772893463299,2.908194893561278e-05
4116770053,4,11420,1,-2.904592686894526e-05,0.00012916235178202316,2.904592686894526e-05
4008250055,4,11105,1,-2.9036499371681628e-05,0.00019971239937143789,2.9036499371681628e-05
3008210020,3,11220,1,2.901070558382596e-05,0.000997009868041106,2.901070558382596e-05
2046160028,2,10469,1,-2.897773279534304e-05,8.197443326362723e-05,2.897773279534304e-05
2034960050,2,10473,1,2.8963539709938982e-05,0.00011658188847911137,2.8963539709938982e-05
4045500001,4,11357,1,-2.895175632382752e-05,0.00023935528477344822,2.895175632382752e-05
4119740022,4,11436,1,-2.8899671512601874e-05,0.000225066309536446,2.8899671512601874e-05
2049820002,2,10466,1,-2.8897358403587652e-05,0.000252875993967111,2.8897358403587652e-05
4108990019,4,11412,1,2.889206901959848e-05,6.524224423523547e-05,2.889206901959848e-05
4111040063,4,11429,1,-2.883782983963254e-05,0.0003073676312636343,2.883782983963254e-05
2047210109,2,10469,1,-2.883667561032777e-05,0.00023840039711225242,2.883667561032777e-05
3078640005,3,11234,1,-2.8824120685025037e-05,0.000706061115537236,2.8824120685025037e-05
2054810031,2,10465,1,2.877665563781986e-05,6.914496634871303e-05,2.877665563781986e-05
4008470061,4,11105,1,2.8737058775488626e-05,7.910651992405862e-05,2.8737058775488626e-05
3036230046,3,11212,1,2.8688427936180328e-05,0.0001703803216439983,2.8688427936180328e-05
2029770301,2,10459,1,2.8676409658618332e-05,0.00014562673304361546,2.8676409658618332e-05
4100670112,4,11435,1,2.8673437547151314e-05,0.00030446782731961093,2.8673437547151314e-05
3076390039,3,11210,1,2.864491284490191e-05,0.00012333459645510556,2.864491284490191e-05
2054160037,2,10465,2,2.862209424140944e-05,0.00011666074272330358,2.862209424140944e-05
3005310032,3,11231,1,2.8609895860381853e-05,0.0001625989752572838,2.8609895860381853e-05
4161680046,4,11693,1,-2.8608752023392067e-05,0.00012909407642566805,2.8608752023392067e-05
3039580045,3,11208,1,2.8605744064810597e-05,0.00014434624815903046,2.8605744064810597e-05
2048550078,2,10466,1,-2.8595926857246057e-05,0.00024970720206307824,2.8595926857246057e-05
3046240034,3,11203,1,-2.8580811871958368e-05,9.912357304717786e-05,2.8580811871958368e-05
3075950010,3,11210,1,2.85655353474347e-05,0.000257456637967505,2.85655353474347e-05
2026870116,2,10455,1,2.8555430874228773e-05,0.00017420696845881514,2.8555430874228773e-05
3067110065,3,11230,1,-2.8465679672241177e-05,0.00011317244279763616,2.8465679672241177e-05
3044810054,3,11208,1,-2.8456760156090404e-05,6.108336007915134e-05,2.8456760156090404e-05
2029550021,2,10460,1,-2.8430485530455495e-05,0.0003177474871385603,2.8430485530455495e-05
3080640068,3,11236,1,-2.838309044104331e-05,0.000293836596845975,2.838309044104331e-05
2042680061,2,10462,1,-2.8356137072848695e-05,0.00024348482133158914,2.8356137072848695e-05
4044240032,4,11357,1,2.8286262642145997e-05,0.0001820719699287215,2.8286262642145997e-05
4047340011,4,11357,1,2.8281285423098848e-05,0.0003126030777230998,2.8281285423098848e-05
4061940030,4,11361,1,-2.8254855984908654e-05,0.000521230345508457,2.8254855984908654e-05
4102680054,4,11433,1,-2.8254383245469747e-05,8.451213631239748e-05,2.8254383245469747e-05
4007310003,4,11103,1,2.824689239578173e-05,0.00011491027845255532,2.824689239578173e-05
4006820015,4,11103,1,2.8246892337674316e-05,0.00011491027818221194,2.8246892337674316e-05
4006470064,4,11103,1,2.8246892335747882e-05,0.00011491027831780046,2.8246892335747882e-05
4036560057,4,11385,1,-2.8119078390870827e-05,0.0002390507613713435,2.8119078390870827e-05
4054140061,4,11355,1,2.8113676127179967e-05,0.0007523373554826302,2.8113676127179967e-05
3016810065,3,11233,1,2.8054215566557436e-05,0.000176204702592273,2.8054215566557436e-05
4081270057,4,11363,1,-2.8044329281425997e-05,0.0005542391378780923,2.8044329281425997e-05
4156540040,4,11691,1,-2.8019625432986993e-05,0.0003162394130514749,2.8019625432986993e-05
2048430083,2,10466,1,2.8011129768864284e-05,9.280104322209091e-05,2.8011129768864284e-05
3077200047,3,11234,1,-2.798447569585381e-05,0.0006229040393796133,2.798447569585381e-05
3087560023,3,11235,1,2.796866730876486e-05,9.376475732281777e-05,2.796866730876486e-05
2033150031,2,10468,1,2.7968553567317992e-05,0.00040423370900960834,2.7968553567317992e-05
3041290023,3,11208,1,2.796388949114845e-05,0.00010824357580479818,2.796388949114845e-05
3062330046,3,11228,1,-2.793516210053392e-05,0.0005794426242204174,2.793516210053392e-05
2046340073,2,10469,1,2.7929514358942716e-05,0.00021708876994025545,2.7929514358942716e-05
4079840028,4,11426,1,2.790537073781441e-05,0.00020010862632131496,2.790537073781441e-05
3011400008,3,11238,1,-2.78719181357352e-05,0.00011847595374498215,2.78719181357352e-05
4049210002,4,11358,1,2.7850487329209463e-05,0.00025702873921101024,2.7850487329209463e-05
4031690063,4,11375,1,-2.7822532141987182e-05,0.00024253075269194826,2.7822532141987182e-05
4125380031,4,11434,1,2.7816381622065274e-05,0.0001674008347577795,2.7816381622065274e-05
4069870015,4,11366,1,-2.7812360408198e-05,0.00013887970971195921,2.7812360408198e-05
2050840054,2,10470,1,-2.7809351672991052e-05,0.000274910261892089,2.7809351672991052e-05
4158280004,4,11691,1,-2.7807257436817838e-05,0.00021108386818198148,2.7807257436817838e-05
3080350045,3,11236,1,2.780123029813915e-05,0.0005492047765109377,2.780123029813915e-05
4036790019,4,11385,1,-2.777641247621817e-05,0.00023134180398804628,2.777641247621817e-05
4130310011,4,11413,1,2.7758888761230526e-05,0.0001672481866313262,2.7758888761230526e-05
3046460025,3,11212,1,2.773195049416261e-05,0.00018624305135914458,2.773195049416261e-05
4134700047,4,11413,1,2.7712897315713444e-05,0.0003817792230159775,2.7712897315713444e-05
3051680004,3,11226,1,2.769996562096164e-05,0.0002380610600723344,2.769996562096164e-05
3052160022,3,11226,1,2.766717118656912e-05,0.0002338781577781472,2.766717118656912e-05
4155050035,4,11691,1,-2.7653672066578896e-05,0.00012498956167250955,2.7653672066578896e-05
4038750103,4,11385,1,2.7651566268196007e-05,0.00015534273569536736,2.7651566268196007e-05
4096050001,4,11419,1,2.7617911116033328e-05,0.00013636143772617377,2.7617911116033328e-05
3087430013,3,11235,1,2.7616001435861427e-05,2.6328398364196945e-05,2.7616001435861427e-05
4079540052,4,11427,1,2.7578248063174707e-05,0.0005282485033987148,2.7578248063174707e-05
4074660027,4,11364,1,2.7571275795822822e-05,0.0008226378210010057,2.7571275795822822e-05
4109080039,4,11412,1,2.756704042219202e-05,0.000367423949949518,2.756704042219202e-05
4122020101,4,11434,1,2.7545542715346155e-05,0.0004151721578997061,2.7545542715346155e-05
3018390028,3,11216,1,-2.7544546510118687e-05,0.00030985556844403646,2.7544546510118687e-05
3072450040,3,11235,1,2.7486773863054625e-05,0.0002725420879958226,2.7486773863054625e-05
4099340034,4,11423,1,-2.745575366046352e-05,4.2502594638183454e-05,2.745575366046352e-05
3089000044,3,11229,1,-2.7454718794503964e-05,6.640740699242472e-05,2.7454718794503964e-05
3060610006,3,11209,1,2.7444947476400783e-05,0.00034050331834948065,2.7444947476400783e-05
2049590043,2,10466,1,2.7431384031194806e-05,0.0001658398342381731,2.7431384031194806e-05
4095470024,4,11419,1,2.736665963355494e-05,0.00012297814833861726,2.736665963355494e-05
4095440028,4,11417,1,2.735346587071363e-05,0.00022333051508284545,2.735346587071363e-05
3013600054,3,11213,1,2.734648133023538e-05,9.266692844850468e-05,2.734648133023538e-05
3066780120,3,11223,1,-2.731555266268042e-05,0.00018261122648694268,2.731555266268042e-05
2040350020,2,10462,1,-2.730712895044364e-05,0.0001598550713787483,2.730712895044364e-05
3037260040,3,11212,1,-2.730318208952042e-05,9.631047050282139e-05,2.730318208952042e-05
4054600040,4,11358,1,-2.7272438919731685e-05,0.00016986972007000428,2.7272438919731685e-05
4116940018,4,11420,1,2.7239812551840897e-05,9.470598679526255e-05,2.7239812551840897e-05
4038320151,4,11385,1,-2.7219240051788084e-05,0.0006179796267125798,2.7219240051788084e-05
4089920216,4,11421,1,2.718875317544516e-05,0.0004171211408070261,2.718875317544516e-05
4073360036,4,11361,1,-2.7173101948533527e-05,0.0001648755976564852,2.7173101948533527e-05
4124860071,4,11434,1,2.7168533998130736e-05,0.0001503241672831341,2.7168533998130736e-05
4064190027,4,11367,1,-2.7123276168982523e-05,0.00020511468861420068,2.7123276168982523e-05
3053260026,3,11218,1,2.7073145007536133e-05,0.0003898412727310649,2.7073145007536133e-05
4095720055,4,11419,1,-2.7072984164809907e-05,9.3224047303284e-05,2.7072984164809907e-05
3033400049,3,11221,1,2.7068187105179527e-05,8.173960123333455e-05,2.7068187105179527e-05
2046720042,2,10467,1,-2.7042165438421795e-05,0.0005560668454828002,2.7042165438421795e-05
3013560120,3,11213,1,2.70133412123559e-05,0.0002945082526303165,2.70133412123559e-05
4101940001,4,11433,1,-2.700596812959334e-05,0.00012546231140875538,2.700596812959334e-05
2046790165,2,10467,1,-2.699526270399207e-05,0.00012502177232841062,2.699526270399207e-05
4054180044,4,11358,1,-2.698606472675382e-05,0.00022901122944037918,2.698606472675382e-05
4125770040,4,11434,1,2.698272815629652e-05,0.0002713414080110207,2.698272815629652e-05
2035750074,2,10473,1,-2.697005307884005e-05,0.00013490412699349987,2.697005307884005e-05
4052210030,4,11355,1,2.6960439159557324e-05,0.00022822532425078817,2.6960439159557324e-05
4027410037,4,11378,1,2.6941858651546022e-05,0.0003225111571011979,2.6941858651546022e-05
2050100025,2,10466,1,-2.6919533372594322e-05,0.00018393946618009235,2.6919533372594322e-05
3073990019,3,11229,1,2.6919215576782104e-05,0.00012726867519609206,2.6919215576782104e-05
4041000012,4,11356,1,-2.6887783425592216e-05,0.0007699726923333002,2.6887783425592216e-05
4111580017,4,11429,1,-2.6887097245085528e-05,0.0001897180790247412,2.6887097245085528e-05
3018020008,3,11216,1,2.6862010899719235e-05,0.0001307739716182186,2.6862010899719235e-05
4113560021,4,11414,1,-2.685671036783667e-05,0.000293163347471753,2.685671036783667e-05
4014110063,4,11369,1,2.6835425703019124e-05,0.00012483623295608907,2.6835425703019124e-05
4067420005,4,11367,1,2.6797980380485118e-05,0.00012360167158939926,2.6797980380485118e-05
4054080032,4,11355,1,2.677925921812036e-05,0.0001371618167166293,2.677925921812036e-05
4035310070,4,11385,1,2.6672938422970473e-05,0.00012019720542143838,2.6672938422970473e-05
4122970040,4,11434,1,2.666678267620205e-05,0.0001110420617104988,2.666678267620205e-05
4120150166,4,11436,1,-2.666182881082241e-05,0.0002674683036255484,2.666182881082241e-05
2055900064,2,10465,1,-2.6651278639353137e-05,0.0005030187845998356,2.6651278639353137e-05
2050090053,2,10466,1,-2.664145326675662e-05,0.0006717638797562897,2.664145326675662e-05
4096150031,4,11419,1,-2.6638346175677186e-05,0.00019763061691816175,2.6638346175677186e-05
4019820020,4,11368,1,2.6636761420920174e-05,0.0002180647268959574,2.6636761420920174e-05
4045920098,4,11357,1,2.661014030850381e-05,0.0008470261720209302,2.661014030850381e-05
4030100019,4,11379,1,2.6601590878419596e-05,0.0003284950781560988,2.6601590878419596e-05
2047970052,2,10469,1,2.6570894209380934e-05,0.00025840461451361155,2.6570894209380934e-05
4129700021,4,11413,1,2.6550269094709943e-05,0.0007560280879273125,2.6550269094709943e-05
4047100054,4,11357,1,-2.654092541871221e-05,0.00016554019213684112,2.654092541871221e-05
4063960036,4,11367,1,-2.6521069510174667e-05,0.0005947135286255756,2.6521069510174667e-05
3068270083,3,11229,1,2.649660737261144e-05,0.0001892594024898235,2.649660737261144e-05
4129100070,4,11413,1,-2.646887537651692e-05,0.0002370604911444989,2.646887537651692e-05
4141620056,4,11414,1,2.646856766103171e-05,0.00022959932789229262,2.646856766103171e-05
4038430052,4,11385,1,2.64609069395922e-05,0.00037176210094198045,2.64609069395922e-05
4040360014,4,11356,1,2.6452431153826234e-05,0.00014597676861078816,2.6452431153826234e-05
4062740012,4,11361,1,2.6449080652285283e-05,0.0001598676935595835,2.6449080652285283e-05
3018900072,3,11205,1,2.6419647249784252e-05,0.00020335759109270604,2.6419647249784252e-05
4007920074,4,11105,1,-2.6401962355815e-05,0.00010884477019721018,2.6401962355815e-05
4074690049,4,11364,1,2.6401684638853256e-05,0.00032560553346144827,2.6401684638853256e-05
2044380020,2,10467,1,2.6387676173534194e-05,7.388293940277365e-05,2.6387676173534194e-05
4160330062,4,11692,1,-2.637724323409771e-05,0.00017389638339357504,2.637724323409771e-05
3060720047,3,11228,1,2.636303481123496e-05,8.801779146908424e-05,2.636303481123496e-05
4039230016,4,11356,1,2.635634466186244e-05,0.00019704789777771033,2.635634466186244e-05
4118970008,4,11420,1,-2.635572296320483e-05,0.0002692683150756169,2.635572296320483e-05
2048690020,2,10469,1,2.6344502904235634e-05,0.00021667397672503393,2.6344502904235634e-05
4068160053,4,11367,1,2.6335276989745056e-05,0.00019591879253415357,2.6335276989745056e-05
4106030044,4,11428,1,-2.6327968320641437e-05,6.953146589806891e-05,2.6327968320641437e-05
2054390026,2,10465,1,-2.630093501802156e-05,0.0005103618911431737,2.630093501802156e-05
4028120035,4,11378,1,2.6272006419768155e-05,0.0001933009863089691,2.6272006419768155e-05
4024930033,4,11373,1,-2.6264840885713448e-05,0.0003213813931684952,2.6264840885713448e-05
2027830080,2,10456,1,-2.623650940959584e-05,0.0002671046373812603,2.623650940959584e-05
4095940010,4,11419,1,2.62364142834597e-05,0.00031100794317130427,2.62364142834597e-05
3075880013,3,11210,1,2.6224379523738227e-05,0.00023359843194494602,2.6224379523738227e-05
4128170045,4,11411,1,2.620708506868853e-05,0.00034695029601667656,2.620708506868853e-05
3073780012,3,11229,1,2.6178714636488928e-05,0.00012174170033525386,2.6178714636488928e-05
2035080132,2,10473,1,-2.6169326852503633e-05,0.00010661293026174352,2.6169326852503633e-05
4119630029,4,11435,1,-2.6160863563225977e-05,0.0007911437881687788,2.6160863563225977e-05
4126740089,4,11413,1,-2.6154107290106145e-05,0.0009144780230468887,2.6154107290106145e-05
2044620057,2,10469,1,-2.6149469938190832e-05,0.0002245459516753266,2.6149469938190832e-05
3058820052,3,11209,1,2.6126616742168116e-05,0.00012688173940266168,2.6126616742168116e-05
2040520062,2,10462,1,-2.61188856818536e-05,0.000684953630397575,2.61188856818536e-05
4106970037,4,11428,1,-2.6114368655731923e-05,0.00012503663223952893,2.6114368655731923e-05
3087560025,3,11235,1,-2.610703051366656e-05,0.0001983845044285869,2.610703051366656e-05
4057580043,4,11357,1,2.6076884383422546e-05,0.000560991228376673,2.6076884383422546e-05
3048720029,3,11203,1,2.6065740480940916e-05,0.00019891628390511252,2.6065740480940916e-05
3051800072,3,11226,1,-2.6059355357413975e-05,0.0001593749638208995,2.6059355357413975e-05
3046410026,3,11203,1,-2.603930869381498e-05,0.00014364783205401973,2.603930869381498e-05
4101220018,4,11433,1,-2.60245506629992e-05,0.00031312725493571,2.60245506629992e-05
4140290021,4,11414,1,2.6012101059423766e-05,0.0002081251130778753,2.6012101059423766e-05
2056320008,2,10464,1,2.5995201524071625e-05,7.720428640090336e-05,2.5995201524071625e-05
4026360041,4,11378,1,-2.5992532865496835e-05,0.00023909656528184168,2.5992532865496835e-05
3019030037,3,11205,1,-2.5961588847666392e-05,0.0001130412762800991,2.5961588847666392e-05
3010390031,3,11215,1,-2.595965482037299e-05,0.0002946379934030955,2.595965482037299e-05
4096140067,4,11419,1,-2.594978038067698e-05,0.00010334461970934358,2.594978038067698e-05
4153170036,4,11693,1,2.594178399187778e-05,8.605388880956399e-05,2.594178399187778e-05
3010140050,3,11215,1,2.59376863020458e-05,0.00012119895449057679,2.59376863020458e-05
3012610021,3,11216,1,2.5935338715806208e-05,0.0007508406985505879,2.5935338715806208e-05
3006550055,3,11232,1,2.5867638325371613e-05,0.0003673383176721217,2.5867638325371613e-05
4054580046,4,11358,1,-2.5867540389652305e-05,0.00013385307334935049,2.5867540389652305e-05
4009760061,4,11370,1,2.5843873676772038e-05,0.00022773669941343502,2.5843873676772038e-05
3012880025,3,11225,1,-2.581304049608536e-05,0.00023797910886086705,2.581304049608536e-05
4127970020,4,11411,1,2.5785519455230184e-05,3.561920018619805e-05,2.5785519455230184e-05
3086670760,3,11235,1,-2.575417918281964e-05,0.00010263341568185084,2.575417918281964e-05
3089140582,3,11229,1,2.5751880740979684e-05,0.000290445893911803,2.5751880740979684e-05
4089180028,4,11421,1,2.5697894571377398e-05,0.00031260673896210613,2.5697894571377398e-05
4011280049,4,11370,1,2.568283467610693e-05,0.00039981318799218264,2.568283467610693e-05
2035310146,2,10473,1,-2.5662892424068254e-05,8.832032921559255e-05,2.5662892424068254e-05
4161710011,4,11694,1,2.5661703567682135e-05,0.00013127968930111807,2.5661703567682135e-05
2034920051,2,10473,1,2.56539533809949e-05,0.00010366621728062603,2.56539533809949e-05
3072980074,3,11229,1,-2.5630374194151478e-05,9.108258633717503e-05,2.5630374194151478e-05
3071550073,3,11223,1,-2.5614739705094786e-05,7.987789704720725e-05,2.5614739705094786e-05
4058650122,4,11360,1,2.5586454666518582e-05,0.0011081371034884933,2.5586454666518582e-05
4054370032,4,11358,1,-2.556626699499617e-05,0.0003888374380974226,2.556626699499617e-05
4140810057,4,11414,1,2.5563579110302443e-05,0.00020186423517378976,2.5563579110302443e-05
4107010069,4,11428,1,2.5506146298033847e-05,0.0001255234297048337,2.5506146298033847e-05
3082420047,3,11236,1,-2.5497158501971537e-05,0.00020916090270003498,2.5497158501971537e-05
4115130047,4,11417,1,2.548634308135988e-05,8.180998316030945e-05,2.548634308135988e-05
2047240041,2,10469,1,2.5483456955642914e-05,0.00020666389442492702,2.5483456955642914e-05
4030580023,4,11379,1,-2.547248506941076e-05,0.000100675763066827,2.547248506941076e-05
3012160008,3,11213,1,2.5437371928193898e-05,0.00017408188865870373,2.5437371928193898e-05
3041050133,3,11208,1,2.5421886270234003e-05,6.559598087274396e-05,2.5421886270234003e-05
3013570088,3,11233,1,2.540692372250879e-05,0.0005012193635712497,2.540692372250879e-05
4071850037,4,11366,1,2.5406578905495505e-05,0.0006548045805296865,2.5406578905495505e-05
2028000090,2,10457,2,-2.5394285085529817e-05,0.00032971697952997853,2.5394285085529817e-05
4029420015,4,11379,1,-2.5390461546321625e-05,6.85773272873878e-05,2.5390461546321625e-05
4076880064,4,11364,1,-2.5305757756880493e-05,0.00018165452633010334,2.5305757756880493e-05
2054060114,2,10465,1,-2.5298811203206906e-05,0.00013789099868625728,2.5298811203206906e-05
4160330066,4,11692,1,2.5277563195728927e-05,0.00015791544938460438,2.5277563195728927e-05
4028440068,4,11379,1,-2.526650123234328e-05,0.000711355719103407,2.526650123234328e-05
4087670122,4,11004,1,2.5198602274461855e-05,0.00026400977291992874,2.5198602274461855e-05
3039470032,3,11207,1,2.5176095017135304e-05,0.00015607648316179226,2.5176095017135304e-05
4073510026,4,11361,1,-2.5171962036086028e-05,0.0005919984622628173,2.5171962036086028e-05
3065250031,3,11230,1,2.516467723509235e-05,8.830858950101378e-05,2.516467723509235e-05
2045320011,2,10469,1,2.5153664408812152e-05,8.197443326362723e-05,2.5153664408812152e-05
3060920138,3,11209,1,-2.510643705765102e-05,0.0004526030740257336,2.510643705765102e-05
3012100059,3,11213,1,2.5074925252409887e-05,0.0001051298208238603,2.5074925252409887e-05
3047380013,3,11203,1,-2.505041995165667e-05,0.00038034003316509774,2.505041995165667e-05
4109420160,4,11412,1,2.5039333039152488e-05,0.00015489476219405352,2.5039333039152488e-05
4032240048,4,11375,1,-2.5026581874537574e-05,0.00019462524300092562,2.5026581874537574e-05
4073770058,4,11364,1,-2.50124140321794e-05,0.00037229854292901974,2.50124140321794e-05
4054600007,4,11358,1,-2.5010414764362056e-05,0.000152933194836576,2.5010414764362056e-05
4140700070,4,11414,1,2.500027755419235e-05,0.00021763153634820958,2.500027755419235e-05
4064290055,4,11367,1,2.4982961653888542e-05,0.00018145731933238393,2.4982961653888542e-05
4123320158,4,11434,1,-2.4944032743145645e-05,0.00017584128689095483,2.4944032743145645e-05
3020330039,3,11205,1,-2.4942462830524448e-05,0.00025527260757921477,2.4942462830524448e-05
3034690019,3,11207,1,2.4935217534488182e-05,0.00022388452306754174,2.4935217534488182e-05
4123790011,4,11434,1,-2.4864293108359386e-05,0.0006902474207904699,2.4864293108359386e-05
4045450013,4,11357,1,2.4837684799563727e-05,3.1219095692833486e-05,2.4837684799563727e-05
4024900002,4,11378,1,-2.48309356782523e-05,0.0001439231185973872,2.48309356782523e-05
2028730100,2,10452,1,2.482916252387588e-05,0.00039920862917923564,2.482916252387588e-05
2025190015,2,10452,1,2.4829162344804235e-05,0.00039920862821935015,2.4829162344804235e-05
4162270056,4,11694,1,2.478869141383485e-05,8.124155078999341e-05,2.478869141383485e-05
2058750934,2,10471,1,2.4755158899687553e-05,0.0001598562805264382,2.4755158899687553e-05
4038240004,4,11385,1,2.4752827525807935e-05,0.00025183375382428893,2.4752827525807935e-05
4102520003,4,11433,1,-2.4744242554667688e-05,9.053008195680301e-05,2.4744242554667688e-05
3084910025,3,11234,1,-2.473348314145885e-05,9.702672059332983e-05,2.473348314145885e-05
3076330043,3,11210,1,-2.47217087116303e-05,0.00022728967089811225,2.47217087116303e-05
4080970061,4,11363,1,2.4719899432284797e-05,0.00019303881381432447,2.4719899432284797e-05
4031870043,4,11375,1,2.4675694747736022e-05,0.0001633706913706761,2.4675694747736022e-05
3013730076,3,11213,1,-2.4600409993136638e-05,0.00034683086339874834,2.4600409993136638e-05
4089610017,4,11421,1,-2.459629469246311e-05,8.414594390054956e-05,2.459629469246311e-05
3082980074,3,11236,1,2.4581039125871384e-05,0.0002883659403041272,2.4581039125871384e-05
4046820003,4,11357,1,2.45654252149792e-05,0.000554879743205027,2.45654252149792e-05
2039190048,2,10460,1,2.454260596993056e-05,0.00022209863819516696,2.454260596993056e-05
3018300059,3,11221,1,2.4540659893476545e-05,0.00010091885539615488,2.4540659893476545e-05
4035920056,4,11385,1,-2.4448927350256692e-05,0.00013390419310506054,2.4448927350256692e-05
4111150028,4,11429,1,-2.443237563949842e-05,0.000134691969560236,2.443237563949842e-05
4078040004,4,11427,1,-2.4429736755402613e-05,0.0008594064947519107,2.4429736755402613e-05
3016270006,3,11221,1,2.4399081987220393e-05,0.00013917688905912918,2.4399081987220393e-05
3007740033,3,11220,1,2.4330028181692442e-05,0.0003366868900662121,2.4330028181692442e-05
4027530251,4,11378,1,2.4326554254217443e-05,0.00040091950963271907,2.4326554254217443e-05
2028290014,2,10453,1,-2.4281917700027146e-05,0.0004238657897877586,2.4281917700027146e-05
4136650030,4,11422,1,-2.4277706129060163e-05,0.00013945566064561257,2.4277706129060163e-05
4089970126,4,11416,1,2.4258669041026258e-05,0.00022062860684531115,2.4258669041026258e-05
4125170024,4,11434,1,-2.42304930973626e-05,0.0001508504995900305,2.42304930973626e-05
3001900130,3,11217,2,2.4225695966051556e-05,0.0003435872147189165,2.4225695966051556e-05
2048690123,2,10469,1,2.4221575914963462e-05,0.00023500533625455043,2.4221575914963462e-05
4048530015,4,11354,1,-2.42210331890437e-05,0.00015491956544163706,2.42210331890437e-05
3064600091,3,11228,1,-2.420171235986266e-05,7.145319184160819e-05,2.420171235986266e-05
4067500065,4,11365,1,2.4130371012036185e-05,0.0001333017461666158,2.4130371012036185e-05
4093980025,4,11419,1,-2.4129986194765885e-05,0.00018506967484269415,2.4129986194765885e-05
4017750054,4,11368,1,2.411430123998245e-05,0.00039634890743251236,2.411430123998245e-05
4111350101,4,11429,1,-2.4057014589618498e-05,0.000134691969560236,2.4057014589618498e-05
2044740026,2,10469,1,2.4056251199573256e-05,0.00028579529030159226,2.4056251199573256e-05
4093750016,4,11418,1,2.404919401730884e-05,6.429993830840191e-05,2.404919401730884e-05
3068150044,3,11229,1,2.4026610959543404e-05,0.0005121101102358127,2.4026610959543404e-05
3050450068,3,11225,1,-2.399504210195319e-05,9.555691016028041e-05,2.399504210195319e-05
4120150066,4,11436,1,-2.3953297613986867e-05,0.000302180783675484,2.3953297613986867e-05
4109820206,4,11412,1,2.3912734827204193e-05,9.29260634853772e-05,2.3912734827204193e-05
2056280111,2,10464,1,-2.3907447758730704e-05,0.0002262761708722946,2.3907447758730704e-05
3077060031,3,11234,1,-2.386737923186363e-05,0.00017404732021985604,2.386737923186363e-05
4092740087,4,11418,1,2.3850488219956854e-05,0.00012481311584647064,2.3850488219956854e-05
4158210032,4,11691,1,-2.3830308895481954e-05,5.985916729540921e-05,2.3830308895481954e-05
4011830137,4,11377,1,-2.372554582734178e-05,0.0003129989501739175,2.372554582734178e-05
4097390108,4,11435,1,-2.371780081937894e-05,0.00015552062336943992,2.371780081937894e-05
4089590097,4,11421,1,2.3674574793244198e-05,0.000135980717478551,2.3674574793244198e-05
3032460026,3,11237,1,2.3658757212187232e-05,7.283531372788783e-05,2.3658757212187232e-05
3033860021,3,11237,1,2.365875615686631e-05,7.283530999251177e-05,2.365875615686631e-05
4022970008,4,11377,1,2.3651943099195446e-05,0.00010828819149681135,2.3651943099195446e-05
4070010083,4,11366,1,2.3619594862671585e-05,0.00023577343147413392,2.3619594862671585e-05
4102290001,4,11433,1,-2.3607007243821024e-05,0.00020923258375317544,2.3607007243821024e-05
4089640058,4,11421,1,2.360303289762363e-05,0.00021076120970472704,2.360303289762363e-05
3007900024,3,11220,1,-2.359864145276957e-05,0.000171729141944353,2.359864145276957e-05
4038610022,4,11385,2,-2.3579959746326875e-05,0.00012661770105933665,2.3579959746326875e-05
2055620101,2,10465,1,-2.357295918863697e-05,0.0001783507994973338,2.357295918863697e-05
4095000108,4,11419,1,-2.3568737093815765e-05,0.00019974759030683289,2.3568737093815765e-05
3071600071,3,11223,1,2.355360293417253e-05,7.685148825412673e-05,2.355360293417253e-05
3014520024,3,11233,1,2.353140669407468e-05,0.00016048499541529724,2.353140669407468e-05
3056020007,3,11219,1,-2.348515988425048e-05,8.056847256959471e-05,2.348515988425048e-05
2027820142,2,10456,1,-2.3484079998471956e-05,0.0005667299983702398,2.3484079998471956e-05
2035620017,2,10473,1,2.3478113112826032e-05,0.0002394681909207719,2.3478113112826032e-05
4010540052,4,11370,1,-2.3444169494842357e-05,7.710639525773655e-05,2.3444169494842357e-05
2035120042,2,10473,1,2.3393086094638574e-05,0.0001229243684890423,2.3393086094638574e-05
2048250017,2,10466,1,-2.3384523012465773e-05,0.00018060175901128445,2.3384523012465773e-05
4018690001,4,11373,1,-2.3369734175685994e-05,0.0002383098748047682,2.3369734175685994e-05
3020270014,3,11205,1,2.3365026427378383e-05,0.00014341100353188556,2.3365026427378383e-05
3012440086,3,11213,1,2.3360076766367778e-05,0.00010287188952884805,2.3360076766367778e-05
4046960048,4,11357,1,2.334657388116893e-05,0.001010342767710458,2.334657388116893e-05
2030680068,2,10457,1,-2.3343418325987603e-05,0.00015811789513306478,2.3343418325987603e-05
4119430030,4,11435,1,-2.3335772577293917e-05,0.00023925730336914848,2.3335772577293917e-05
4162930012,4,11694,1,-2.3319809154001308e-05,0.0005480572645799045,2.3319809154001308e-05
4079150025,4,11427,1,-2.3305966444651298e-05,0.00011071316175284271,2.3305966444651298e-05
3079820185,3,11236,1,-2.3287761253524013e-05,8.560842632550952e-05,2.3287761253524013e-05
4015530023,4,11373,1,-2.3275759827508004e-05,0.00019160347113572748,2.3275759827508004e-05
3062310030,3,11228,2,-2.327057980155142e-05,0.000709611167160963,2.327057980155142e-05
3049330065,3,11203,1,2.3239341291716916e-05,0.0004055326723767949,2.3239341291716916e-05
3034340016,3,11207,1,2.3206717584457327e-05,7.256213220568057e-05,2.3206717584457327e-05
3088300016,3,11229,1,2.3185087652827443e-05,0.0002472643576684622,2.3185087652827443e-05
3072180049,3,11223,1,-2.315586768798609e-05,0.0001387096044080545,2.315586768798609e-05
4060770018,4,11358,1,2.3122274050885124e-05,0.00022050651331155746,2.3122274050885124e-05
4160480005,4,11692,1,-2.308206800020026e-05,5.1928821004247634e-05,2.308206800020026e-05
3036050105,3,11212,1,-2.3061598403975946e-05,0.00015619499221150744,2.3061598403975946e-05
4088700057,4,11421,1,-2.300669937846303e-05,7.064340217438713e-05,2.300669937846303e-05
4072690001,4,11423,1,2.298296657299219e-05,8.134629238359812e-05,2.298296657299219e-05
3059670029,3,11209,1,2.29802047674235e-05,0.00026160949457087806,2.29802047674235e-05
4017370015,4,11368,1,2.2977598101553033e-05,0.00013498371335385692,2.2977598101553033e-05
3035180008,3,11212,1,2.2953308335629505e-05,0.0003217067914633336,2.2953308335629505e-05
3064270021,3,11228,1,-2.295015595784547e-05,8.244740620897377e-05,2.295015595784547e-05
3076080025,3,11210,1,-2.2916668897362076e-05,0.0001487766224494333,2.2916668897362076e-05
3045970013,3,11212,1,-2.2857417024302787e-05,0.0002430069055134886,2.2857417024302787e-05
4048600040,4,11357,1,-2.2856147665830806e-05,7.090235654520138e-05,2.2856147665830806e-05
3073520064,3,11229,1,-2.2807396937328723e-05,7.884320514857187e-05,2.2807396937328723e-05
3065670021,3,11230,1,2.2805608077764237e-05,0.00014272654462272672,2.2805608077764237e-05
4106460011,4,11428,1,2.280304825766806e-05,0.00024309628755446894,2.280304825766806e-05
3074280009,3,11235,1,-2.2792187204763133e-05,0.0001549812184768547,2.2792187204763133e-05
2048370012,2,10466,1,-2.2792009628167605e-05,0.00024500985548882195,2.2792009628167605e-05
3040060032,3,11208,1,2.2784262063148577e-05,0.00016855791179550174,2.2784262063148577e-05
4156910033,4,11691,1,-2.275864062122763e-05,0.00010944273930611905,2.275864062122763e-05
4106540049,4,11427,1,2.2748983401536045e-05,0.00021384507886304494,2.2748983401536045e-05
4136420026,4,11422,1,-2.2725563513774573e-05,0.00024958317634614087,2.2725563513774573e-05
4032810004,4,11375,1,2.266831051482154e-05,0.000291234685329853,2.266831051482154e-05
3034830036,3,11207,1,-2.266625262796515e-05,0.00015100409342056335,2.266625262796515e-05
2047400040,2,10469,1,-2.266267250003774e-05,0.00013932141765373972,2.266267250003774e-05
2054140216,2,10465,1,2.265565714887801e-05,7.463075258265504e-05,2.265565714887801e-05
2030970074,2,10457,1,-2.2654088728575357e-05,0.00016688508163363854,2.2654088728575357e-05
3053800060,3,11204,1,2.261848335053142e-05,0.00021977010066163977,2.261848335053142e-05
4016570103,4,11369,1,2.2597441409507677e-05,0.00023626554201851304,2.2597441409507677e-05
2033110037,2,10468,1,2.2572072347114343e-05,0.00015998584032329995,2.2572072347114343e-05
3001870044,3,11201,1,-2.255759277414989e-05,0.0002959512345051532,2.255759277414989e-05
3001870001,3,11201,1,-2.255759256415626e-05,0.0002959512345640801,2.255759256415626e-05
3041050129,3,11208,1,2.2530835666286803e-05,9.613889000956624e-05,2.2530835666286803e-05
4102010037,4,11433,1,-2.2507221979062827e-05,0.00019541111498387826,2.2507221979062827e-05
3075960026,3,11210,2,-2.2498607129116604e-05,0.000493312622941798,2.2498607129116604e-05
3008490006,3,11220,1,-2.2468845367040837e-05,0.00021328986935148853,2.2468845367040837e-05
3070370092,3,11224,1,2.2466601806075654e-05,0.00039169546017287806,2.2466601806075654e-05
3069770042,3,11224,1,2.2466601773811423e-05,0.0003916954599670844,2.2466601773811423e-05
4157820039,4,11691,1,2.2427858650142833e-05,0.0002937899977918921,2.2427858650142833e-05
2046800056,2,10467,1,-2.2404138599899005e-05,0.00010044238605829309,2.2404138599899005e-05
4055100058,4,11358,1,-2.2343939685468986e-05,8.848444092523379e-05,2.2343939685468986e-05
3062460039,3,11214,1,-2.2328680317768192e-05,4.637976255572637e-05,2.2328680317768192e-05
4056060002,4,11358,1,2.229464954399707e-05,0.00028920447104422044,2.229464954399707e-05
4079020014,4,11426,1,-2.225262984008995e-05,0.0001533260038010239,2.225262984008995e-05
4054270030,4,11358,1,-2.2233104209447046e-05,0.000597502356560552,2.2233104209447046e-05
4089150070,4,11421,1,-2.2228272743658372e-05,0.00026572520602883307,2.2228272743658372e-05
4120700064,4,11436,1,-2.2226901280006173e-05,0.0001359247108289876,2.2226901280006173e-05
3073660026,3,11229,1,-2.2168962232408738e-05,0.00019536484936572162,2.2168962232408738e-05
3086470026,3,11234,1,-2.2166191049542435e-05,0.00011957711442471428,2.2166191049542435e-05
2048690021,2,10469,1,2.2164540394069103e-05,0.00011718741086776753,2.2164540394069103e-05
3086520004,3,11234,1,2.2163667581405626e-05,0.0002665683243529494,2.2163667581405626e-05
3015370066,3,11233,1,2.216292767743219e-05,6.460018233503692e-05,2.216292767743219e-05
2044370025,2,10467,1,-2.215869189505474e-05,5.7608078210042265e-05,2.215869189505474e-05
3015210037,3,11233,1,2.2152896428039574e-05,0.0002688292406775247,2.2152896428039574e-05
4136610040,4,11422,1,2.214546722292107e-05,0.0005356249905859678,2.214546722292107e-05
4122860031,4,11434,1,-2.2084102357029066e-05,0.00033904315946238777,2.2084102357029066e-05
3005560116,3,11231,1,-2.2027427844828533e-05,5.7661518334473625e-05,2.2027427844828533e-05
4136800014,4,11422,1,-2.1974413892018606e-05,0.0008532372269756971,2.1974413892018606e-05
2037640008,2,10472,1,2.196964872102436e-05,7.515534379333234e-05,2.196964872102436e-05
4117520083,4,11420,1,-2.1942758800206436e-05,0.00024819329899198385,2.1942758800206436e-05
4047440175,4,11357,1,2.1936928416009996e-05,0.00017458656958958832,2.1936928416009996e-05
2057680829,2,10463,1,-2.189959072193012e-05,0.00025285687831551795,2.189959072193012e-05
4163100004,4,11694,1,-2.1830056776534984e-05,0.00012792747095285225,2.1830056776534984e-05
3067230113,3,11230,1,-2.1803569267575446e-05,0.000236863647214175,2.1803569267575446e-05
2047620162,2,10469,1,2.1801423848364904e-05,8.376846495430913e-05,2.1801423848364904e-05
4006000025,4,11106,1,-2.173061753814268e-05,0.00023943868873829293,2.173061753814268e-05
4031030076,4,11374,1,2.1697941293170446e-05,0.00016931959377990526,2.1697941293170446e-05
3016870040,3,11233,1,2.1688889570983712e-05,0.00012139711105838095,2.1688889570983712e-05
2058411954,2,10471,1,-2.1669166540051703e-05,0.00027670945532919707,2.1669166540051703e-05
2046690079,2,10467,1,2.1665987354691757e-05,0.0001862239737631109,2.1665987354691757e-05
3036640038,3,11207,1,-2.1663179870594428e-05,0.00015238678526885107,2.1663179870594428e-05
2030800064,2,10457,1,2.1656722537814434e-05,0.00033173049668336736,2.1656722537814434e-05
3020320048,3,11205,1,-2.1625715171067905e-05,0.00012201716805250925,2.1625715171067905e-05
3010830022,3,11215,1,2.159924298995042e-05,0.00020999623876183983,2.159924298995042e-05
2039130039,2,10460,2,2.1577149629020085e-05,0.0002613504051687852,2.1577149629020085e-05
3070240007,3,11224,1,2.1529930153773154e-05,0.00024569370860199154,2.1529930153773154e-05
3070050009,3,11224,1,2.1529930120407523e-05,0.000245693708566221,2.1529930120407523e-05
4130970009,4,11413,1,-2.1516088985997155e-05,0.00011439621824660859,2.1516088985997155e-05
4089870035,4,11421,1,-2.1515507765699255e-05,0.00011926865218835558,2.1515507765699255e-05
3033480043,3,11221,1,2.1483199193938326e-05,8.173960123333455e-05,2.1483199193938326e-05
3063670043,3,11214,1,2.1461571544165812e-05,0.0003034231552968845,2.1461571544165812e-05
2024470066,2,10456,1,2.1453325170746624e-05,0.00010074828511136557,2.1453325170746624e-05
4038510060,4,11385,1,2.1438580510021394e-05,0.00011061166395529728,2.1438580510021394e-05
3058280043,3,11220,1,2.143740644892925e-05,0.0007015693826750792,2.143740644892925e-05
3016700069,3,11233,1,2.1433305575633105e-05,0.00041649727682142645,2.1433305575633105e-05
4039220033,4,11356,1,2.1430521198510474e-05,7.557329012238269e-05,2.1430521198510474e-05
4099230015,4,11423,1,2.14281001273357e-05,0.00022713052506534437,2.14281001273357e-05
3041210020,3,11208,1,-2.1411687384207797e-05,0.0002503174946325223,2.1411687384207797e-05
3086640473,3,11235,1,2.1405253988260216e-05,0.00026739296413717453,2.1405253988260216e-05
3051930034,3,11226,1,-2.138747367391265e-05,0.0001421713779342918,2.138747367391265e-05
3048850063,3,11226,1,2.138095326352491e-05,5.7264874185084414e-05,2.138095326352491e-05
3076550063,3,11234,1,-2.137946171767415e-05,0.0009888992586039327,2.137946171767415e-05
2031420016,2,10457,1,2.1377675069301107e-05,0.0005466414461089108,2.1377675069301107e-05
4117130065,4,11420,1,2.1335949130083838e-05,0.00016871988089034226,2.1335949130083838e-05
4106160018,4,11428,1,-2.1309978181286915e-05,9.663892318046814e-05,2.1309978181286915e-05
2042620042,2,10462,1,2.1275810629926142e-05,0.0002309577687270293,2.1275810629926142e-05
3043210005,3,11207,1,2.1266185942251193e-05,6.656015343576415e-05,2.1266185942251193e-05
4040400047,4,11356,1,2.1244866822660012e-05,0.000235930110040876,2.1244866822660012e-05
4137290062,4,11422,1,-2.1240768986176013e-05,0.00017980552882006953,2.1240768986176013e-05
3059070028,3,11209,1,2.1224336593829047e-05,0.00019210071290964108,2.1224336593829047e-05
4064360046,4,11367,1,2.1222040653931282e-05,0.0005644156729373854,2.1222040653931282e-05
2032550088,2,10463,1,2.1221021450407235e-05,0.0001242573338424599,2.1221021450407235e-05
4078230025,4,11427,1,-2.1200638608037836e-05,0.00015873375848935264,2.1200638608037836e-05
3056880024,3,11219,1,2.1192852569931574e-05,0.00018205667504994096,2.1192852569931574e-05
4044160007,4,11357,1,2.113039640073536e-05,6.74067070661666e-05,2.113039640073536e-05
4120250065,4,11436,1,2.111738361128741e-05,0.00011912892126620409,2.111738361128741e-05
3003320033,3,11231,1,2.109999644456794e-05,9.466646036209017e-05,2.109999644456794e-05
2028110032,2,10457,1,2.108267598918379e-05,0.00011042747882438191,2.108267598918379e-05
2057580312,2,10463,1,2.1081236274074047e-05,5.1020931367769444e-05,2.1081236274074047e-05
2058552277,2,10471,2,2.1039510485398324e-05,0.0008401115474716716,2.1039510485398324e-05
3073570055,3,11229,1,2.102429368657442e-05,0.00010387847486518768,2.102429368657442e-05
4019650001,4,11368,1,2.0993062723018125e-05,1.7252634903492976e-05,2.0993062723018125e-05
2058070635,2,10471,1,-2.097235118600896e-05,0.00010341832606145649,2.097235118600896e-05
2043280017,2,10461,1,-2.0953172420346973e-05,0.00032512248832163303,2.0953172420346973e-05
4088080019,4,11001,1,2.0931599447768045e-05,0.00015213965106408586,2.0931599447768045e-05
2044350060,2,10467,1,2.0905195431339952e-05,0.00018801821954267118,2.0905195431339952e-05
4087180017,4,11004,1,-2.0892247824802837e-05,0.00017566867273799866,2.0892247824802837e-05
3025720039,3,11222,1,2.0845247600391478e-05,0.0003119841901589929,2.0845247600391478e-05
4086640001,4,11426,1,-2.0845160623155487e-05,0.0002236512156444784,2.0845160623155487e-05
4161250081,4,11693,1,-2.0844103111793598e-05,0.0003475592777947072,2.0844103111793598e-05
3033840060,3,11221,1,2.08282642010646e-05,6.581166331505833e-05,2.08282642010646e-05
3085380140,3,11234,1,-2.0811523816743424e-05,0.00011816086038210537,2.0811523816743424e-05
4016510024,4,11369,2,2.0773459249214442e-05,0.0002789797591649356,2.0773459249214442e-05
3083930057,3,11234,1,-2.0721471874772848e-05,0.00010648390314324249,2.0721471874772848e-05
2053240005,2,10465,1,-2.0711647926552392e-05,9.800039013764484e-05,2.0711647926552392e-05
4095510036,4,11419,1,2.069169886429679e-05,0.00021801008228287765,2.069169886429679e-05
4126070046,4,11412,1,2.067115879934608e-05,7.192798915610264e-05,2.067115879934608e-05
4075000080,4,11364,1,-2.066510875588276e-05,0.0007027904645940105,2.066510875588276e-05
4106140031,4,11428,1,2.0653875865162705e-05,0.00014787577674982478,2.0653875865162705e-05
3033610022,3,11221,1,2.0590589497754218e-05,4.4931774609904953e-05,2.0590589497754218e-05
3081980043,3,11236,1,2.057951659591881e-05,0.00019505039889869207,2.057951659591881e-05
2038990004,2,10460,1,-2.053525636099814e-05,0.0002021124569736802,2.053525636099814e-05
3055190022,3,11204,1,-2.0506361078656835e-05,9.783975709014254e-05,2.0506361078656835e-05
3018100036,3,11221,2,2.0492008818761747e-05,0.0001792993344115442,2.0492008818761747e-05
4132710001,4,11434,1,-2.04749723231599e-05,8.245676558488391e-05,2.04749723231599e-05
2031860068,2,10453,1,-2.0473236861494067e-05,0.0007963808712090005,2.0473236861494067e-05
4072740034,4,11423,1,2.0417221291611762e-05,0.0006656131640341372,2.0417221291611762e-05
4085890055,4,11426,1,2.0396591909579702e-05,0.00010339165182900939,2.0396591909579702e-05
4069480013,4,11365,1,-2.035593473855077e-05,0.00013237469880059138,2.035593473855077e-05
4140220054,4,11414,1,2.035026317159027e-05,0.0003237772735703559,2.035026317159027e-05
4093270016,4,11418,1,2.0346578630747983e-05,0.00027558980684234583,2.0346578630747983e-05
4065970057,4,11367,1,-2.0332465017884484e-05,0.0001309165710484202,2.0332465017884484e-05
4108160035,4,11423,1,2.0324292990007802e-05,0.00012983770723329558,2.0324292990007802e-05
2040500061,2,10462,1,2.029548855620419e-05,0.00032333673177059125,2.029548855620419e-05
3060550009,3,11228,1,2.0261624181928384e-05,0.00011377210577796349,2.0261624181928384e-05
3049170037,3,11226,1,2.0257708884926453e-05,0.00027907160869583575,2.0257708884926453e-05
4086540008,4,11426,1,2.0141492071427647e-05,8.74879399050037e-05,2.0141492071427647e-05
4078170021,4,11427,1,2.0126028350650254e-05,0.00027333661422843764,2.0126028350650254e-05
2029580053,2,10460,1,2.0125010098634478e-05,9.124484165638427e-05,2.0125010098634478e-05
2022740015,2,10455,1,2.0097312181707345e-05,0.00020079248882685268,2.0097312181707345e-05
2057630554,2,10463,1,2.0096767256651776e-05,0.00031593089754203713,2.0096767256651776e-05
2055790018,2,10465,1,2.0072124047477646e-05,0.0004192260615758307,2.0072124047477646e-05
4037310035,4,11385,1,2.0024363090751716e-05,6.340473161540921e-05,2.0024363090751716e-05
4141800047,4,11414,1,-2.000789337257382e-05,0.00010841154318572829,2.000789337257382e-05
3062200043,3,11228,1,2.0001847917080008e-05,8.995185773507877e-05,2.0001847917080008e-05
4116000036,4,11420,1,1.9989987546734947e-05,9.511356525779028e-05,1.9989987546734947e-05
3077490012,3,11234,1,-1.9964058500496552e-05,0.00032764800843688676,1.9964058500496552e-05
4112800038,4,11411,1,1.9950587983086398e-05,0.00020122327058190033,1.9950587983086398e-05
3076750103,3,11210,1,1.9847539429511335e-05,0.0006101980886249406,1.9847539429511335e-05
3051150059,3,11218,1,-1.9835801799151025e-05,0.0002151440030044155,1.9835801799151025e-05
4116510019,4,11420,1,1.9829105873433826e-05,0.0005544013642483094,1.9829105873433826e-05
4126440045,4,11412,1,-1.9806434643150525e-05,0.00016380829703799995,1.9806434643150525e-05
3076610034,3,11210,1,1.9801472134155782e-05,0.00033098230370531313,1.9801472134155782e-05
3065350033,3,11230,1,-1.9768740429790327e-05,0.00020486704751217794,1.9768740429790327e-05
3086470070,3,11234,1,-1.975259473909929e-05,0.00012152499854458285,1.975259473909929e-05
2025550112,2,10454,1,-1.971567548793964e-05,0.00031974546835733487,1.971567548793964e-05
4013660049,4,11369,1,1.9701383127084935e-05,0.00016082443640568972,1.9701383127084935e-05
3067770003,3,11229,1,-1.966383947463691e-05,0.0001028587604259191,1.966383947463691e-05
2049570057,2,10466,1,-1.963241552691891e-05,0.00016465345177397645,1.963241552691891e-05
3032530031,3,11221,1,1.962313114165006e-05,0.0002763860766139276,1.962313114165006e-05
3071840106,3,11223,1,1.956523265377841e-05,0.00011594224274574959,1.956523265377841e-05
3003820028,3,11231,1,-1.956041589727484e-05,0.00021767753336016034,1.956041589727484e-05
3068900040,3,11214,1,-1.9542028912428895e-05,0.00017927827458664742,1.9542028912428895e-05
3017970105,3,11216,1,1.9516828634578926e-05,0.0003660291969457038,1.9516828634578926e-05
4128930096,4,11413,1,-1.9516418696027787e-05,0.0006378120979504547,1.9516418696027787e-05
4089710025,4,11421,2,-1.9509822246541405e-05,0.00028157337090484256,1.9509822246541405e-05
2055440122,2,10465,1,1.9492695386125943e-05,0.0002715172969802454,1.9492695386125943e-05
4089590066,4,11421,1,1.9491683075808953e-05,0.00018214242860647225,1.9491683075808953e-05
3056590014,3,11219,1,-1.9479401126128127e-05,0.00037945780676803805,1.9479401126128127e-05
4057510062,4,11357,1,-1.9455259471698314e-05,0.00013441203024603337,1.9455259471698314e-05
3076700062,3,11234,1,-1.9454450781268508e-05,7.793694077167678e-05,1.9454450781268508e-05
3048840060,3,11226,1,1.9437100526177284e-05,6.259109719595777e-05,1.9437100526177284e-05
3076320002,3,11210,1,-1.9425586526056897e-05,0.00010993301318712374,1.9425586526056897e-05
4061530006,4,11361,1,1.9419215370714913e-05,0.00010945607556835754,1.9419215370714913e-05
2045330004,2,10469,1,1.9365432685207198e-05,9.697006018092799e-05,1.9365432685207198e-05
4024580034,4,11377,1,-1.9348106117466846e-05,0.0003451126686103355,1.9348106117466846e-05
4009430021,4,11370,1,1.9340359515469008e-05,0.00017033560902401132,1.9340359515469008e-05
4013400061,4,11377,1,-1.9333163924834355e-05,8.995664805086308e-05,1.9333163924834355e-05
4034940066,4,11385,1,1.9320075734053385e-05,0.00020379793941127457,1.9320075734053385e-05
4093160053,4,11418,1,-1.931832222025566e-05,0.0001715638026724826,1.931832222025566e-05
4129400098,4,11413,1,1.9291655358262896e-05,0.00020491773180344433,1.9291655358262896e-05
4140430062,4,11414,1,1.928787187690568e-05,5.863871209911312e-05,1.928787187690568e-05
4082890086,4,11362,1,-1.9251941156273672e-05,0.00014511410653344326,1.9251941156273672e-05
4031460077,4,11374,1,-1.9240865837639472e-05,0.00014892142919674696,1.9240865837639472e-05
4027520017,4,11378,1,1.9218696055012088e-05,0.00012874422571109153,1.9218696055012088e-05
3011220057,3,11238,1,-1.9213213024965385e-05,0.00015501546907716523,1.9213213024965385e-05
4117220043,4,11420,1,1.920381321925908e-05,0.00012937554269645894,1.920381321925908e-05
4085980006,4,11426,1,1.9193557866948397e-05,0.0002053477843386401,1.9193557866948397e-05
4042920058,4,11354,1,1.9183182188725785e-05,0.00025108890359082364,1.9183182188725785e-05
4102290012,4,11433,1,1.91813842520964e-05,6.696890272578566e-05,1.91813842520964e-05
4090920010,4,11416,1,-1.9167777028133197e-05,0.00016747082147292784,1.9167777028133197e-05
3042500048,3,11208,1,1.9147309731017565e-05,0.0003356150430950842,1.9147309731017565e-05
2037800125,2,10472,1,-1.9122165480627052e-05,7.371791914462814e-05,1.9122165480627052e-05
4071790006,4,11366,1,1.908867937669334e-05,0.0003008927549703543,1.908867937669334e-05
4046440026,4,11357,1,-1.9082027091646666e-05,0.0005731380061538859,1.9082027091646666e-05
3015680025,3,11233,1,-1.9052070685428973e-05,0.00017320663754759119,1.9052070685428973e-05
4105240252,4,11423,1,-1.903462304153093e-05,0.00010071051354114182,1.903462304153093e-05
2031490182,2,10457,1,-1.9021146333875908e-05,0.00011868425642025066,1.9021146333875908e-05
2024390124,2,10456,1,1.8998959491386073e-05,4.619907507975556e-05,1.8998959491386073e-05
4090360036,4,11416,1,1.8991834598924444e-05,9.189055554723078e-05,1.8991834598924444e-05
3049760074,3,11203,1,1.898360140633981e-05,0.00031845705435004363,1.898360140633981e-05
3035340049,3,11212,1,-1.8962933976228096e-05,0.00020117569480463074,1.8962933976228096e-05
4107210015,4,11428,1,1.8941673169202493e-05,0.0002172757041673334,1.8941673169202493e-05
3075870074,3,11210,1,1.8925293283754276e-05,0.00013581296764803447,1.8925293283754276e-05
4107070005,4,11428,1,-1.8921671738730044e-05,0.0001794624760125365,1.8921671738730044e-05
2055620194,2,10465,1,-1.8870751531748583e-05,0.00013137631018412594,1.8870751531748583e-05
4031780042,4,11374,1,1.8870715836910893e-05,3.729697542325104e-05,1.8870715836910893e-05
2031440003,2,10457,1,1.885047361855118e-05,6.54321109093565e-05,1.885047361855118e-05
4041140003,4,11357,1,1.8830886141970543e-05,0.00018948364074397361,1.8830886141970543e-05
4108160012,4,11423,1,-1.882584853503046e-05,0.00032239555830921034,1.882584853503046e-05
3049490017,3,11203,1,1.8798730809403633e-05,0.0002602993253533285,1.8798730809403633e-05
4160330073,4,11692,1,1.878841631817561e-05,0.00013839267464323373,1.878841631817561e-05
2044400049,2,10467,1,1.8786350442516334e-05,0.00010887615981439757,1.8786350442516334e-05
3040610124,3,11207,1,1.878587963961078e-05,0.00013184607051161838,1.878587963961078e-05
3033570027,3,11221,1,-1.877322212575982e-05,0.0002109828297608756,1.877322212575982e-05
3076040019,3,11210,1,-1.876625517975708e-05,0.00011309737471499896,1.876625517975708e-05
4114810060,4,11417,1,1.8761945417559993e-05,0.0010391152660287292,1.8761945417559993e-05
3059630070,3,11209,1,-1.8741963925941025e-05,0.00016133395537877283,1.8741963925941025e-05
4161570002,4,11694,1,-1.8707291078795286e-05,0.00018094315921046798,1.8707291078795286e-05
3057630024,3,11220,1,1.8665297513930018e-05,0.00010516742411470405,1.8665297513930018e-05
4064380055,4,11355,1,1.8632714353828397e-05,0.00020697025181682773,1.8632714353828397e-05
2028480050,2,10453,1,-1.862068694616576e-05,0.00022905935163236203,1.862068694616576e-05
3016420061,3,11221,1,-1.861740511228916e-05,6.118511911119598e-05,1.861740511228916e-05
4154000028,4,11693,1,-1.8613352615190264e-05,0.00021853771016613292,1.8613352615190264e-05
4137120098,4,11413,1,-1.8599857269038007e-05,0.0001835563755853342,1.8599857269038007e-05
2041300028,2,10461,1,1.8592224409180892e-05,7.206967341246676e-05,1.8592224409180892e-05
4123710304,4,11434,1,1.85859422566188e-05,0.0008293607431248584,1.85859422566188e-05
3058520029,3,11220,1,1.8583581031017314e-05,9.257244086763693e-05,1.8583581031017314e-05
3008580042,3,11220,1,1.8583581026730074e-05,9.257244089719689e-05,1.8583581026730074e-05
3065010055,3,11230,1,1.8582394759701537e-05,0.00010470460806488529,1.8582394759701537e-05
3082420046,3,11236,1,-1.8572308858110085e-05,0.00021258887347501407,1.8572308858110085e-05
2058261668,2,10471,1,-1.855502621095397e-05,0.00021261815796760157,1.855502621095397e-05
4089050023,4,11421,1,1.8496688544431337e-05,0.00026024240594431386,1.8496688544431337e-05
3079680111,3,11236,1,-1.8491687493659654e-05,4.65737917566321e-05,1.8491687493659654e-05
2022830118,2,10454,1,1.846842505031475e-05,5.9011381011091134e-05,1.846842505031475e-05
2023140082,2,10454,1,1.8468424985011145e-05,5.9011380780948366e-05,1.8468424985011145e-05
3076460069,3,11210,1,-1.8461990440355265e-05,0.00018347935013928422,1.8461990440355265e-05
4156280031,4,11691,1,-1.845442858433032e-05,0.00014693491148090173,1.845442858433032e-05
4160380032,4,11692,1,-1.8449907210814862e-05,0.00014605733686238082,1.8449907210814862e-05
3074680030,3,11235,1,1.8419835610453472e-05,0.00018831062574456127,1.8419835610453472e-05
3064660060,3,11214,1,1.840827147697075e-05,0.00018346069906371721,1.840827147697075e-05
3003820029,3,11231,1,1.840093446233939e-05,4.054553864925206e-05,1.840093446233939e-05
4159050111,4,11692,1,1.838879231280621e-05,6.60729046643897e-05,1.838879231280621e-05
3077190002,3,11234,1,-1.837358186745506e-05,0.0002570061271486325,1.837358186745506e-05
3053760014,3,11218,1,-1.8352010879599328e-05,0.000304976808937299,1.8352010879599328e-05
2050500002,2,10466,1,1.8345638461331822e-05,0.00011844357865285423,1.8345638461331822e-05
4099850032,4,11435,1,-1.8323991508892822e-05,0.0006073844288952981,1.8323991508892822e-05
2049690039,2,10466,1,-1.832394959016697e-05,0.00018488630292278678,1.832394959016697e-05
2037990001,2,10472,1,1.8312075307842407e-05,0.0004568583898182391,1.8312075307842407e-05
4109770026,4,11412,1,-1.8245812800662817e-05,0.0005316120518928545,1.8245812800662817e-05
4161850006,4,11694,1,1.823666359517052e-05,6.069070089406744e-05,1.823666359517052e-05
3006030032,3,11231,1,1.8231527709732705e-05,0.00016534894862080312,1.8231527709732705e-05
3040500140,3,11208,1,-1.820922600054185e-05,9.480942762211605e-05,1.820922600054185e-05
3008780055,3,11218,1,-1.820883487085267e-05,5.981673396864079e-05,1.820883487085267e-05
3026250046,3,11222,1,1.8195295458135803e-05,0.00013929720040027426,1.8195295458135803e-05
2054750026,2,10465,1,-1.8171198216531397e-05,0.00020506862826286373,1.8171198216531397e-05
4017470001,4,11368,1,1.8159463466714016e-05,0.00010753962537113338,1.8159463466714016e-05
4053800047,4,11355,1,-1.8153756126014686e-05,0.00016916384658382017,1.8153756126014686e-05
4081710040,4,11362,1,1.8125814631847124e-05,0.0006382291713589584,1.8125814631847124e-05
3080760067,3,11236,1,-1.8100815038416392e-05,5.1528692538125505e-05,1.8100815038416392e-05
4031910037,4,11375,1,1.8089925087947654e-05,0.00014613461977476498,1.8089925087947654e-05
3078630023,3,11234,1,-1.8063942173842104e-05,0.00010750543262646167,1.8063942173842104e-05
4073030015,4,11361,1,1.8054947837480456e-05,0.0001064975488534048,1.8054947837480456e-05
3066780032,3,11223,1,1.8050905704655397e-05,0.0007844995574732232,1.8050905704655397e-05
2050950144,2,10466,1,-1.8048509369295716e-05,0.00019227904968494293,1.8048509369295716e-05
4112900001,4,11411,1,1.8043208662662778e-05,8.430260838660824e-05,1.8043208662662778e-05
4135700052,4,11422,1,1.803361983805218e-05,0.0003111786142202643,1.803361983805218e-05
4073780048,4,11364,1,-1.8022386339729235e-05,0.00013191079150091646,1.8022386339729235e-05
2042410033,2,10461,1,-1.7969948320829558e-05,8.986131787666394e-05,1.7969948320829558e-05
4109990089,4,11412,1,-1.7969767720779165e-05,0.00010112040415255514,1.7969767720779165e-05
4125230022,4,11434,1,-1.7966623943156253e-05,5.356059044699029e-05,1.7966623943156253e-05
4010490051,4,11370,1,-1.7959095307842905e-05,0.00024348019624549795,1.7959095307842905e-05
3049900033,3,11203,1,1.795327976556342e-05,0.00019884457708128184,1.795327976556342e-05
2026620042,2,10456,1,1.790952492725724e-05,6.382089985860965e-05,1.790952492725724e-05
4125680009,4,11434,1,1.788102146695556e-05,3.399768927183844e-05,1.788102146695556e-05
3019420028,3,11205,1,-1.7877563924982735e-05,0.00022983991993119277,1.7877563924982735e-05
3063030027,3,11228,1,-1.787507305362965e-05,0.0001685329661176266,1.787507305362965e-05
4017800086,4,11368,1,-1.7815698414374976e-05,0.00025747052333474494,1.7815698414374976e-05
4105740011,4,11427,1,-1.7814288552129635e-05,0.00042419236711953724,1.7814288552129635e-05
4014270003,4,11369,1,1.7798938782759742e-05,7.125137201868428e-05,1.7798938782759742e-05
4105140027,4,11423,1,1.7790204946425537e-05,0.0001711671434596462,1.7790204946425537e-05
4161970034,4,11694,1,1.7778602692607076e-05,0.0003267637375475772,1.7778602692607076e-05
3009890075,3,11215,1,1.775085642364511e-05,0.0002149048137059365,1.775085642364511e-05
2045430074,2,10467,1,1.775014551896883e-05,0.00029038220371586503,1.775014551896883e-05
4012400074,4,11377,1,-1.7742884782270464e-05,0.00011925886998870959,1.7742884782270464e-05
3052380021,3,11230,1,-1.7737949333403934e-05,0.000893208295667462,1.7737949333403934e-05
3040520111,3,11208,1,1.7730007524211626e-05,0.0003212583672663741,1.7730007524211626e-05
4157330064,4,11691,1,-1.770425690758257e-05,0.0001454051020502738,1.770425690758257e-05
3086510033,3,11234,1,1.770215782836823e-05,0.0003298753736194489,1.770215782836823e-05
3076970035,3,11234,1,1.7701447191440168e-05,0.00011619966611910428,1.7701447191440168e-05
4157730069,4,11691,1,1.764268653815686e-05,7.960833042051202e-05,1.764268653815686e-05
3049160035,3,11226,1,-1.7612195322821177e-05,0.00012451134664937324,1.7612195322821177e-05
3009820061,3,11215,1,-1.7612116195121226e-05,5.2443325642710604e-05,1.7612116195121226e-05
3041360007,3,11208,1,-1.7609603004208256e-05,0.00017413365655509583,1.7609603004208256e-05
2054790016,2,10465,1,-1.7555816410907053e-05,0.0002814312296679008,1.7555816410907053e-05
4092970024,4,11418,1,-1.754487563148281e-05,9.42602515988935e-05,1.754487563148281e-05
2055190039,2,10465,1,1.7530310719862593e-05,0.00025162946364725184,1.7530310719862593e-05
2057130119,2,10463,1,1.75157558368499e-05,0.00019311769275766284,1.75157558368499e-05
3057700015,3,11220,1,1.7502023415796167e-05,0.0008253400015099335,1.7502023415796167e-05
2046650175,2,10467,1,1.743045142603078e-05,5.1770605913288206e-05,1.743045142603078e-05
4068230016,4,11366,1,1.7411939466107867e-05,0.00017922971375383933,1.7411939466107867e-05
3051540019,3,11218,1,1.7389632749394725e-05,0.00013279759752986086,1.7389632749394725e-05
4120390028,4,11436,1,-1.734172981203175e-05,0.00017942841499831577,1.734172981203175e-05
3069080017,3,11214,1,-1.7336165848321795e-05,3.998194821185807e-05,1.7336165848321795e-05
2046680023,2,10467,1,-1.7295469946693003e-05,0.00016491516430663683,1.7295469946693003e-05
3088180030,3,11229,1,-1.7268347381343117e-05,0.00035639929009015483,1.7268347381343117e-05
3055440042,3,11204,1,1.725868204097865e-05,6.573156333137761e-05,1.725868204097865e-05
3071040169,3,11223,1,-1.7242977143325518e-05,0.0002845424703499666,1.7242977143325518e-05
4112870029,4,11411,1,1.7232147068656407e-05,0.00010313250596237588,1.7232147068656407e-05
4127720201,4,11411,1,1.7232147049887058e-05,0.00010313250591485,1.7232147049887058e-05
4045490021,4,11357,1,1.722754243984844e-05,0.00012033717852415798,1.722754243984844e-05
4063830041,4,11367,1,-1.7223794157039058e-05,0.00015014886547753167,1.7223794157039058e-05
4082400028,4,11362,1,1.7193364288333456e-05,0.00030577973971982386,1.7193364288333456e-05
3016410026,3,11221,1,1.718982229919156e-05,0.00045470124246644873,1.718982229919156e-05
2045930006,2,10467,1,-1.7143069876369304e-05,0.00025694257426606257,1.7143069876369304e-05
2054510037,2,10465,1,-1.7141096407064912e-05,0.00014673017974760615,1.7141096407064912e-05
4106440031,4,11428,1,1.713976128077003e-05,6.071948345867458e-05,1.713976128077003e-05
4046560043,4,11357,1,1.7115316608623167e-05,0.0002786770097785581,1.7115316608623167e-05
2048250035,2,10466,1,1.7108088644935047e-05,0.00010103186187163002,1.7108088644935047e-05
3087570042,3,11235,1,-1.7099025893976582e-05,0.00010310165631504157,1.7099025893976582e-05
2032550040,2,10463,1,1.709471436955553e-05,3.70199948102729e-05,1.709471436955553e-05
3012370051,3,11213,1,1.7076971578710026e-05,0.00012367375106808048,1.7076971578710026e-05
2040260010,2,10460,1,-1.7076527275447534e-05,0.0002205081713526484,1.7076527275447534e-05
3040570015,3,11207,1,-1.7072799208546417e-05,9.53532302486167e-05,1.7072799208546417e-05
4098520041,4,11432,1,-1.7060533003949773e-05,9.305522928093153e-05,1.7060533003949773e-05
4010420057,4,11370,1,1.7056391516746016e-05,0.00011037313033009297,1.7056391516746016e-05
4157660035,4,11691,1,1.703453073004223e-05,0.00021266879618320097,1.703453073004223e-05
2035210035,2,10473,1,-1.7013241129751235e-05,0.00013798038561342016,1.7013241129751235e-05
2046600048,2,10467,1,-1.6973680023845707e-05,0.0001516270277315361,1.6973680023845707e-05
2058841201,2,10471,1,-1.6972259631863846e-05,7.54302939564334e-05,1.6972259631863846e-05
3089140284,3,11229,1,-1.6954535645098294e-05,0.00013515505730796008,1.6954535645098294e-05
4035620047,4,11385,1,1.6937226784450605e-05,0.00016512246113376276,1.6937226784450605e-05
4081180006,4,11363,1,-1.6927910637936083e-05,0.0004473673449019096,1.6927910637936083e-05
4096750003,4,11435,1,1.6914722064510296e-05,8.127064709032897e-05,1.6914722064510296e-05
4087540036,4,11004,1,-1.691110321917886e-05,0.0003484972121193508,1.691110321917886e-05
2053770042,2,10461,1,-1.6887311926736156e-05,9.27774678541359e-05,1.6887311926736156e-05
4088160001,4,11001,1,1.6877642482299104e-05,0.0006626923951920332,1.6877642482299104e-05
3085400062,3,11234,1,1.687172783773255e-05,0.00014294941457747003,1.687172783773255e-05
4135560037,4,11422,1,1.686432303235932e-05,0.00010546613775051321,1.686432303235932e-05
3022110026,3,11211,1,1.685384305577976e-05,0.0003062997833423132,1.685384305577976e-05
4052350035,4,11354,1,-1.684129371446599e-05,0.00011420753536736897,1.684129371446599e-05
4079500096,4,11427,1,-1.683534582594397e-05,6.709423197670215e-05,1.683534582594397e-05
4074680031,4,11364,1,1.6826303488596688e-05,0.00019280194742290785,1.6826303488596688e-05
4067090023,4,11367,1,-1.6818751856860967e-05,0.00016798043484278057,1.6818751856860967e-05
3034000012,3,11237,1,-1.6787016762110465e-05,8.023978080383686e-05,1.6787016762110465e-05
2053470008,2,10461,1,-1.6774085452672972e-05,0.00016559412548895422,1.6774085452672972e-05
4055750030,4,11365,1,-1.6773607979532404e-05,0.00014523251549909482,1.6773607979532404e-05
2054080013,2,10465,1,-1.6767092766467963e-05,9.800039013764484e-05,1.6767092766467963e-05
2044830037,2,10469,1,1.6754305678236005e-05,0.000256952958632145,1.6754305678236005e-05
2026170055,2,10455,2,-1.674280250278266e-05,0.00022584713986698702,1.674280250278266e-05
4119710025,4,11436,1,1.6730885989130685e-05,0.0005486881481495549,1.6730885989130685e-05
4135880044,4,11422,1,-1.6720789912600244e-05,3.814486164415424e-05,1.6720789912600244e-05
2048510026,2,10466,1,1.671528580469033e-05,0.00024185749154000832,1.671528580469033e-05
3052260023,3,11210,1,-1.670947468241541e-05,0.00019463602880485248,1.670947468241541e-05
2027540137,2,10459,1,1.6709149378342163e-05,9.560645519490752e-05,1.6709149378342163e-05
4039400015,4,11356,1,-1.670283890991784e-05,0.00019489202062057017,1.670283890991784e-05
4135680039,4,11422,1,-1.66985798616768e-05,9.974495975179224e-05,1.66985798616768e-05
3071430034,3,11223,1,1.6681765823176072e-05,0.00013015301602224057,1.6681765823176072e-05
4114920052,4,11417,1,-1.6668069450837707e-05,0.0001075106143132566,1.6668069450837707e-05
3060390061,3,11228,1,1.6660507270032647e-05,0.00012997158008771868,1.6660507270032647e-05
4056150004,4,11358,1,1.6640149608418397e-05,4.9333253447791464e-05,1.6640149608418397e-05
4126030054,4,11412,1,-1.6636811250355644e-05,8.754090965491928e-05,1.6636811250355644e-05
4119770018,4,11436,1,1.6625757924304905e-05,0.0005837027967623826,1.6625757924304905e-05
4158970134,4,11692,1,1.662313304183364e-05,0.00018452231454924148,1.662313304183364e-05
3088160026,3,11229,1,-1.6604162685892107e-05,0.00027664784343623013,1.6604162685892107e-05
4121010026,4,11436,1,-1.6598580183442592e-05,0.00016565273723553197,1.6598580183442592e-05
3088452220,3,11229,1,-1.656478607349012e-05,0.00012041318334165791,1.656478607349012e-05
4162380081,4,11694,1,1.6555898300223066e-05,9.731088562467662e-05,1.6555898300223066e-05
4038210026,4,11385,1,1.6524882448155245e-05,0.00019449209435703477,1.6524882448155245e-05
4003830020,4,11101,1,1.6522874767946673e-05,8.167878664452563e-05,1.6522874767946673e-05
4140040061,4,11414,1,-1.650937245908653e-05,0.0001170474824141864,1.650937245908653e-05
4035010025,4,11385,1,1.6484781850392263e-05,6.838008135940887e-05,1.6484781850392263e-05
3040410044,3,11207,1,-1.648459181813816e-05,0.00011062811998519285,1.648459181813816e-05
4093880026,4,11416,1,-1.648415574316271e-05,0.00017378564723016576,1.648415574316271e-05
3083810037,3,11234,1,1.64025880630695e-05,0.0001206055052857194,1.64025880630695e-05
4031900048,4,11375,1,1.6397737171445843e-05,0.0006194362961235555,1.6397737171445843e-05
3082410041,3,11236,1,1.638518573338128e-05,0.00019643009811116228,1.638518573338128e-05
4038280024,4,11385,1,-1.638034939768402e-05,3.710675263763065e-05,1.638034939768402e-05
4112380048,4,11429,1,1.6371516302825637e-05,0.00015420300042264431,1.6371516302825637e-05
3061620042,3,11204,1,1.6332369845396935e-05,9.005394364956069e-05,1.6332369845396935e-05
4077610105,4,11364,1,1.6313273799805105e-05,0.0001923125849277113,1.6313273799805105e-05
2041270019,2,10462,1,1.6306915906310402e-05,9.654767141781782e-05,1.6306915906310402e-05
4085780001,4,11426,1,1.6305019810707024e-05,0.000828398581661443,1.6305019810707024e-05
4082870034,4,11362,2,-1.62741566290123e-05,0.0005321460560049712,1.62741566290123e-05
2055310061,2,10465,1,1.626092617270043e-05,0.00011209776517798178,1.626092617270043e-05
4053430012,4,11358,1,-1.620755094167074e-05,3.168063733513624e-05,1.620755094167074e-05
2047620070,2,10469,1,1.6179421465534916e-05,0.00010066473671357844,1.6179421465534916e-05
3041490031,3,11208,1,-1.6165876204341608e-05,0.00019103696585338445,1.6165876204341608e-05
3012100020,3,11213,1,-1.6159987278576904e-05,5.950415653013174e-05,1.6159987278576904e-05
4024830137,4,11377,1,1.6128990416808542e-05,0.00015336687704895575,1.6128990416808542e-05
4019720111,4,11368,1,-1.6127391804443317e-05,6.878222568341605e-05,1.6127391804443317e-05
4131510003,4,11413,1,-1.6106587377638645e-05,0.00017489072127840276,1.6106587377638645e-05
4088870010,4,11421,1,1.6104518128121245e-05,0.00017070648455624942,1.6104518128121245e-05
2039320048,2,10462,1,1.6097777193211303e-05,0.00045451850603619217,1.6097777193211303e-05
4046660021,4,11357,1,1.608594626926196e-05,7.193138483375693e-05,1.608594626926196e-05
4014660009,4,11372,1,1.606665357098749e-05,2.061382672704878e-05,1.606665357098749e-05
4014470061,4,11372,1,1.6066653385483933e-05,2.0613826487997413e-05,1.6066653385483933e-05
3010550017,3,11215,1,-1.604882234122049e-05,0.00030293705660932766,1.604882234122049e-05
4130500012,4,11413,1,1.6018779416065605e-05,0.0003653466012129289,1.6018779416065605e-05
3057660045,3,11219,1,-1.6000178656153262e-05,0.0003850476856213262,1.6000178656153262e-05
3088300084,3,11229,1,-1.5988403323459222e-05,0.00019198996751880237,1.5988403323459222e-05
2034830073,2,10473,1,-1.5987201148875044e-05,9.6186345368965e-05,1.5987201148875044e-05
4139530016,4,11414,1,1.598421693409297e-05,0.0002099425208945364,1.598421693409297e-05
4129330059,4,11413,1,-1.598086635503153e-05,0.0001568937155288564,1.598086635503153e-05
3083660196,3,11234,1,1.597397827732198e-05,0.00019714801824888937,1.597397827732198e-05
4076140034,4,11364,1,-1.597358456979102e-05,0.0007039805931897683,1.597358456979102e-05
3040870128,3,11207,1,1.5973330188884838e-05,0.00016805823963105172,1.5973330188884838e-05
4095950061,4,11419,1,-1.5936111841697587e-05,0.00018123344709865274,1.5936111841697587e-05
2040930123,2,10462,1,-1.592699353967009e-05,0.000201258711680413,1.592699353967009e-05
3063100017,3,11228,1,1.592116733005699e-05,6.310023503378359e-05,1.592116733005699e-05
3043160025,3,11208,1,1.591377718687412e-05,0.00014724594508595113,1.591377718687412e-05
4024630007,4,11377,1,-1.5913158835655696e-05,0.00013320044602688864,1.5913158835655696e-05
3014570007,3,11233,1,-1.591284322031579e-05,0.0001476535062087201,1.591284322031579e-05
3041640053,3,11208,1,1.589756541490563e-05,0.00011911775073582468,1.589756541490563e-05
3042810021,3,11208,1,-1.589135829890619e-05,0.00018296294095068266,1.589135829890619e-05
4017510020,4,11368,1,1.5875088322155487e-05,9.816467451195167e-05,1.5875088322155487e-05
3029130002,3,11211,1,1.5860227721908923e-05,0.000342938435286719,1.5860227721908923e-05
4094650017,4,11419,1,-1.5841573260206133e-05,9.3224047303284e-05,1.5841573260206133e-05
4039980107,4,11356,1,1.5833805734695607e-05,0.00020384606596664435,1.5833805734695607e-05
4067240018,4,11365,1,-1.5823731970925292e-05,0.00024940994868662657,1.5823731970925292e-05
3007670058,3,11220,1,1.5810930555743392e-05,0.00020211692089027114,1.5810930555743392e-05
3086470001,3,11234,1,1.5792804365040483e-05,0.00013374752441678612,1.5792804365040483e-05
2038950074,2,10460,1,-1.577198088865466e-05,8.95936746413749e-05,1.577198088865466e-05
4103480020,4,11412,1,1.5761698305283684e-05,0.00011920661523670312,1.5761698305283684e-05
3048860053,3,11226,1,-1.5759408789575388e-05,0.00015181159259051075,1.5759408789575388e-05
3035820001,3,11212,1,-1.5741339978552073e-05,0.0001845316651603277,1.5741339978552073e-05
3046900035,3,11212,1,-1.574133995631835e-05,0.00018453166540368762,1.574133995631835e-05
3071740084,3,11223,1,-1.569586995914348e-05,0.00027980326568124753,1.569586995914348e-05
2029120117,2,10457,1,1.568767540292358e-05,0.00017888162774517194,1.568767540292358e-05
4068110015,4,11367,1,-1.5687200541240248e-05,0.00014862323040101193,1.5687200541240248e-05
3044570067,3,11208,1,-1.5676160349697255e-05,4.198173134428555e-05,1.5676160349697255e-05
3014680041,3,11233,1,1.5665645066505925e-05,0.00039583556648421087,1.5665645066505925e-05
4031370024,4,11374,1,-1.5649828338111653e-05,0.00012068493908135273,1.5649828338111653e-05
4094330026,4,11419,1,-1.5648713599057103e-05,0.00011845871749084931,1.5648713599057103e-05
2024360069,2,10456,1,-1.5633316090069193e-05,0.00019932093950911358,1.5633316090069193e-05
4023800059,4,11378,1,1.5616582259844673e-05,0.00022189881056270744,1.5616582259844673e-05
2040910013,2,10462,1,-1.5607701528229992e-05,0.0004812422750613355,1.5607701528229992e-05
3078310053,3,11234,1,-1.5604641273030962e-05,4.066366654136686e-05,1.5604641273030962e-05
4054890034,4,11358,1,1.5593430229215638e-05,9.822062707177541e-05,1.5593430229215638e-05
4010890059,4,11369,1,1.558596269792567e-05,0.0001725491293688724,1.558596269792567e-05
3086200039,3,11234,1,-1.5579981738356023e-05,0.00016231879627815916,1.5579981738356023e-05
4088880021,4,11421,1,-1.5570457832228423e-05,0.00015511923330224805,1.5570457832228423e-05
4116830109,4,11420,1,-1.556665922947665e-05,0.00014465737185459572,1.556665922947665e-05
2047440008,2,10469,1,-1.55477521393132e-05,0.0006122036207448611,1.55477521393132e-05
3018220049,3,11216,1,-1.5546592422587142e-05,0.0002374112581043039,1.5546592422587142e-05
3007280053,3,11220,1,-1.5535018760182067e-05,9.405652887620239e-05,1.5535018760182067e-05
4087190006,4,11004,1,1.5532079859299393e-05,0.0001409595680494635,1.5532079859299393e-05
2028280042,2,10453,1,1.5531604009165052e-05,6.875882257608156e-05,1.5531604009165052e-05
3050090017,3,11210,1,1.55248648789292e-05,0.00036201510812262146,1.55248648789292e-05
3046100061,3,11212,1,1.5511149994554498e-05,0.0006066720827592051,1.5511149994554498e-05
3015040010,3,11233,1,-1.5484907616598844e-05,9.269120276769394e-05,1.5484907616598844e-05
4069250016,4,11365,1,1.5469053566638874e-05,0.0001377854548174583,1.5469053566638874e-05
4060930005,4,11361,1,-1.5468311601659895e-05,0.00017207929317628984,1.5468311601659895e-05
4062060037,4,11361,1,1.5450561425110834e-05,0.0008561355253815727,1.5450561425110834e-05
2055920152,2,10465,1,-1.544586369458241e-05,0.00012633369135628365,1.544586369458241e-05
4092030055,4,11418,1,-1.5435650497672296e-05,0.0001562357836121784,1.5435650497672296e-05
2054060073,2,10465,1,-1.5426598675063345e-05,0.00025047243612751,1.5426598675063345e-05
2051200030,2,10466,1,1.5411376876522634e-05,0.00017287196664086463,1.5411376876522634e-05
3016210007,3,11221,1,1.5409936848400466e-05,3.915607038574442e-05,1.5409936848400466e-05
4127660072,4,11411,1,1.5403098235048064e-05,0.0006642179312111142,1.5403098235048064e-05
3015510021,3,11233,1,1.5393044169943537e-05,0.00010209775933396687,1.5393044169943537e-05
3087760021,3,11235,1,1.5385757435091748e-05,0.000910076546402062,1.5385757435091748e-05
4126210005,4,11412,1,-1.5359485630186627e-05,0.0007264650027389527,1.5359485630186627e-05
2046880021,2,10469,1,1.535643051507407e-05,0.00018376640300177738,1.535643051507407e-05
4021130018,4,11374,1,-1.5354485605073502e-05,7.706052723146816e-05,1.5354485605073502e-05
4023810078,4,11378,1,-1.5342959245660442e-05,0.0001588649393995479,1.5342959245660442e-05
3037890044,3,11207,1,1.532608977227287e-05,4.95615968322853e-05,1.532608977227287e-05
2042620028,2,10462,1,1.5323828863488555e-05,0.00046342906459097787,1.5323828863488555e-05
3082440007,3,11236,1,1.5295585689449286e-05,8.92813335700918e-05,1.5295585689449286e-05
4070460047,4,11432,1,1.528301103568495e-05,0.00015157157830192415,1.528301103568495e-05
4033110026,4,11375,1,1.528074271161764e-05,0.0011876243402758925,1.528074271161764e-05
2025160142,2,10452,1,1.5278320092870746e-05,3.925057845335353e-05,1.5278320092870746e-05
4049330052,4,11358,1,-1.5266573454529203e-05,7.885964989018209e-05,1.5266573454529203e-05
3040630019,3,11207,1,1.5249594014710547e-05,0.0003147347404010548,1.5249594014710547e-05
3066240075,3,11223,1,1.5248978737233925e-05,8.477628057572477e-05,1.5248978737233925e-05
3018010006,3,11221,1,-1.5243242276831192e-05,0.00019228685372397322,1.5243242276831192e-05
2054800070,2,10465,1,1.5224798972677227e-05,9.417706346906833e-05,1.5224798972677227e-05
3036260107,3,11212,1,-1.5223449884719752e-05,9.463800349810653e-05,1.5223449884719752e-05
4055890013,4,11365,1,-1.5207212265400376e-05,0.0001472545885367039,1.5207212265400376e-05
4081260014,4,11363,1,-1.5196591487736233e-05,5.675818622194654e-05,1.5196591487736233e-05
3009300067,3,11217,1,-1.5193372789459251e-05,0.0003512531323791556,1.5193372789459251e-05
3075950044,3,11210,1,1.517299574690547e-05,0.00017644214932802988,1.517299574690547e-05
3038300033,3,11212,1,-1.5161870069737912e-05,0.00020589200941050094,1.5161870069737912e-05
4068470028,4,11366,1,-1.515720730679548e-05,6.647405665159519e-05,1.515720730679548e-05
2048770031,2,10466,1,1.5137901734201317e-05,0.00015195180008716102,1.5137901734201317e-05
4093240005,4,11418,1,-1.5132823339601163e-05,0.00014925349646673812,1.5132823339601163e-05
2058720992,2,10471,1,1.5113837688705178e-05,0.00020764290126686638,1.5113837688705178e-05
4153170035,4,11693,1,-1.510956421782135e-05,3.944169113684478e-05,1.510956421782135e-05
4135520048,4,11422,1,1.5108132019153828e-05,0.0001256146153145012,1.5108132019153828e-05
2053650048,2,10461,1,1.5103936963763001e-05,0.0001904381349142971,1.5103936963763001e-05
2046220058,2,10467,1,1.5103697829375508e-05,0.00010365963549818368,1.5103697829375508e-05
4133560121,4,11413,1,1.5095094613742981e-05,0.0003647054504968503,1.5095094613742981e-05
4131160006,4,11413,1,-1.509355952472997e-05,0.000163860740654596,1.509355952472997e-05
3076720002,3,11234,1,-1.5092644875733943e-05,5.964678140788542e-05,1.5092644875733943e-05
2053560051,2,10461,1,-1.507958760308871e-05,0.00028464908791474275,1.507958760308871e-05
4089630087,4,11421,1,1.5067694435393754e-05,0.00016074633944431545,1.5067694435393754e-05
4101910030,4,11433,1,1.5052800809208148e-05,0.0001328999710659673,1.5052800809208148e-05
4052450020,4,11358,1,1.5044608813334819e-05,0.0002960723219192211,1.5044608813334819e-05
3080260042,3,11236,1,-1.5044481832212237e-05,5.003945531364082e-05,1.5044481832212237e-05
3038860022,3,11207,1,1.5035646657813852e-05,0.00025923432113084577,1.5035646657813852e-05
4065960023,4,11367,1,1.5006505072352507e-05,0.00016533546899403183,1.5006505072352507e-05
2022890128,2,10454,1,1.4952438454404355e-05,5.229472090845305e-05,1.4952438454404355e-05
4086040069,4,11426,1,1.494732668108446e-05,6.111815796133828e-05,1.494732668108446e-05
4055410043,4,11358,1,-1.492784734334806e-05,0.00014005488171303854,1.492784734334806e-05
3020960059,3,11217,1,-1.4913031935835211e-05,0.00028647593406161707,1.4913031935835211e-05
3001710101,3,11217,1,-1.491303193053373e-05,0.0002864759339342222,1.491303193053373e-05
4112910019,4,11411,1,1.4899444679839162e-05,0.00014941519829046745,1.4899444679839162e-05
4069020038,4,11365,1,1.4889269358179991e-05,0.00015283807179357686,1.4889269358179991e-05
2044620061,2,10469,1,-1.4888305623155486e-05,0.000409942759250372,1.4888305623155486e-05
4056700061,4,11365,1,-1.4864729232865488e-05,0.00012377430688484707,1.4864729232865488e-05
2054490004,2,10465,1,-1.4858393945647576e-05,0.00010916083578635411,1.4858393945647576e-05
3079920002,3,11236,1,1.4845290200051158e-05,0.00016415603617529357,1.4845290200051158e-05
4089860010,4,11421,1,-1.4844295892758402e-05,0.00016774152050457898,1.4844295892758402e-05
3033760015,3,11221,1,-1.4839544943624173e-05,0.0001023707756451257,1.4839544943624173e-05
3072230001,3,11235,1,-1.4835531625199865e-05,5.391532546397638e-05,1.4835531625199865e-05
3006550060,3,11232,1,1.4832258770116439e-05,4.409525031594071e-05,1.4832258770116439e-05
3073830012,3,11229,1,-1.4797883870451853e-05,0.00023261207330334152,1.4797883870451853e-05
3010820027,3,11215,1,-1.479354889938983e-05,4.5077256583508044e-05,1.479354889938983e-05
3042990006,3,11207,1,1.4767568595261223e-05,7.504662951824532e-05,1.4767568595261223e-05
4154790001,4,11693,1,-1.4766408993091965e-05,7.913521452732693e-05,1.4766408993091965e-05
3033890016,3,11221,1,1.4747676424137798e-05,2.3255717428487488e-05,1.4747676424137798e-05
2035310110,2,10473,1,-1.4735093054857304e-05,8.524397802986197e-05,1.4735093054857304e-05
3053080011,3,11218,1,1.471231112751249e-05,0.0005035291584471208,1.471231112751249e-05
3055790049,3,11204,1,-1.470907287982526e-05,3.5811262828924857e-05,1.470907287982526e-05
4026930063,4,11378,1,1.4708192247524573e-05,0.00027168893027863794,1.4708192247524573e-05
4017620030,4,11368,1,1.4692322927126023e-05,0.00011874651865613255,1.4692322927126023e-05
3019090026,3,11205,1,1.4688510119976292e-05,0.0002066854381357189,1.4688510119976292e-05
3019420002,3,11205,1,1.4688510048378765e-05,0.0002066854378329555,1.4688510048378765e-05
3055520130,3,11204,1,1.4667298737345374e-05,7.283204107176163e-05,1.4667298737345374e-05
2025120027,2,10452,1,-1.4663851928437758e-05,0.00017094770287924804,1.4663851928437758e-05
2025240011,2,10452,1,-1.4663851899559039e-05,0.00017094770257555293,1.4663851899559039e-05
2039480040,2,10462,1,1.4653495466450335e-05,0.0002205536060978205,1.4653495466450335e-05
3046070001,3,11203,1,-1.464921156025686e-05,0.0003556486027996696,1.464921156025686e-05
3016470056,3,11221,1,-1.464173858189368e-05,0.0005800243189162483,1.464173858189368e-05
3009480005,3,11217,1,-1.4635738443078442e-05,0.00014447602407876415,1.4635738443078442e-05
3050100057,3,11210,1,-1.4630941785493118e-05,7.857168022516029e-05,1.4630941785493118e-05
3054951041,3,11230,1,-1.4623676045515857e-05,0.0006480974801004766,1.4623676045515857e-05
3013780043,3,11213,1,1.4610745853936413e-05,0.0002390673316082306,1.4610745853936413e-05
4102950048,4,11433,1,-1.4585603422022294e-05,4.5208263094640974e-05,1.4585603422022294e-05
4077470054,4,11364,1,1.4585352305124706e-05,0.00010289859550042222,1.4585352305124706e-05
4079490011,4,11427,1,-1.456446089446154e-05,0.00044702505465557546,1.456446089446154e-05
2044960054,2,10469,1,-1.4559063850174897e-05,9.959973866496759e-05,1.4559063850174897e-05
4035030040,4,11385,1,-1.455797232530243e-05,6.348257488462264e-05,1.455797232530243e-05
3070860090,3,11223,1,1.454909838596724e-05,0.00010742567320567616,1.454909838596724e-05
4091420016,4,11417,1,-1.4535033248399355e-05,0.00018322634434636605,1.4535033248399355e-05
2033600061,2,10467,1,-1.4516087150278728e-05,3.9718036985986405e-05,1.4516087150278728e-05
2046610051,2,10467,1,1.4510780757393904e-05,0.0001862239737631109,1.4510780757393904e-05
4066620033,4,11367,1,1.4491645636288113e-05,0.00018437577201511242,1.4491645636288113e-05
2042620009,2,10462,1,-1.4490997042827528e-05,0.0001628042605816122,1.4490997042827528e-05
3018910025,3,11205,1,1.4485774338984051e-05,0.00011231044759486628,1.4485774338984051e-05
4060310026,4,11361,1,1.4483791441970991e-05,0.00014453974484171522,1.4483791441970991e-05
2044680060,2,10469,1,-1.4468084724756629e-05,0.00018612981809238446,1.4468084724756629e-05
4080060150,4,11426,1,1.4457421016063205e-05,0.00038321065072295375,1.4457421016063205e-05
4052510068,4,11358,1,-1.4453268129932115e-05,0.0001657007697207171,1.4453268129932115e-05
4046080049,4,11357,1,1.4445795648152867e-05,8.830952075743125e-05,1.4445795648152867e-05
3057730035,3,11219,1,-1.4439703780062875e-05,5.0588383726764594e-05,1.4439703780062875e-05
3041650008,3,11208,1,1.4434610484152675e-05,0.00017413365655509583,1.4434610484152675e-05
2026120065,2,10456,1,-1.4433453437632625e-05,0.0002764534070970859,1.4433453437632625e-05
4090920004,4,11416,1,-1.4424761421362063e-05,0.00012054000735613307,1.4424761421362063e-05
2041000024,2,10461,1,1.4400767585789884e-05,0.0003784125646789687,1.4400767585789884e-05
3078810027,3,11234,1,-1.4398586439031738e-05,0.0001736841675030854,1.4398586439031738e-05
3040300010,3,11207,1,1.4386055772594418e-05,8.461294374381297e-05,1.4386055772594418e-05
3049320057,3,11226,1,1.4382247825634475e-05,0.0001391569488331656,1.4382247825634475e-05
4059440080,4,11360,1,-1.4374869741073776e-05,8.390352814548038e-05,1.4374869741073776e-05
3008340059,3,11220,1,-1.4363466027167427e-05,9.454603523597486e-05,1.4363466027167427e-05
2033080044,2,10458,1,1.4349498676956843e-05,0.0001659744898912618,1.4349498676956843e-05
4028690003,4,11373,1,-1.4338801329922042e-05,6.406325873495192e-05,1.4338801329922042e-05
2045570030,2,10469,1,-1.4335969555261005e-05,0.0001310670382915655,1.4335969555261005e-05
4060330015,4,11361,1,-1.4333706914578456e-05,0.0002198974819071729,1.4333706914578456e-05
3049940055,3,11210,1,-1.43321073491844e-05,0.00013161297052642634,1.43321073491844e-05
4088950052,4,11421,1,1.4329074767538717e-05,7.223926434593339e-05,1.4329074767538717e-05
4046250078,4,11357,1,-1.4320362748455016e-05,0.0006331249998357733,1.4320362748455016e-05
2054410072,2,10465,1,1.4287413129545955e-05,4.253031889013134e-05,1.4287413129545955e-05
4079660118,4,11426,1,-1.4287260088869708e-05,0.00014140793460763968,1.4287260088869708e-05
4162710014,4,11694,1,-1.4281385101676396e-05,0.0002888690564802491,1.4281385101676396e-05
4088450030,4,11421,1,1.4270994697080228e-05,5.3066451997243477e-05,1.4270994697080228e-05
3049970016,3,11210,1,1.4260053891197402e-05,2.2706910617338142e-05,1.4260053891197402e-05
3011140086,3,11215,1,-1.4252180376884553e-05,0.00016150608603496876,1.4252180376884553e-05
4072390022,4,11432,1,-1.4234564485443035e-05,0.00011359918408848928,1.4234564485443035e-05
4085830051,4,11426,1,1.4229655713419707e-05,0.00014505996720108564,1.4229655713419707e-05
4137690036,4,11422,1,-1.4181691129854981e-05,7.842721610580617e-05,1.4181691129854981e-05
3003740005,3,11231,1,-1.4145244527182261e-05,0.00019833459461545295,1.4145244527182261e-05
2038000016,2,10472,1,1.4142830566512672e-05,0.00011663209555202219,1.4142830566512672e-05
4045660097,4,11357,1,-1.4138486346211189e-05,9.99988473898109e-05,1.4138486346211189e-05
4100850006,4,11435,1,1.413520582319126e-05,5.273204023331375e-05,1.413520582319126e-05
4013940031,4,11370,1,1.411110954534455e-05,0.00025667387003973374,1.411110954534455e-05
2024520071,2,10456,1,1.4094625233908576e-05,0.00010643670387029807,1.4094625233908576e-05
4101940068,4,11433,1,-1.4087994549970996e-05,0.00010015070233483616,1.4087994549970996e-05
4119900003,4,11436,1,-1.4083147558712643e-05,0.0003107753939543304,1.4083147558712643e-05
4097500013,4,11432,1,-1.4067019914495652e-05,0.00012194001702992043,1.4067019914495652e-05
2031050051,2,10458,1,-1.4060133944000203e-05,0.00013162244283296487,1.4060133944000203e-05
4157410019,4,11691,1,1.4041736608485606e-05,6.754776766548844e-05,1.4041736608485606e-05
3007140074,3,11232,1,-1.4039755330202671e-05,0.00037677376810172844,1.4039755330202671e-05
3007270045,3,11232,1,-1.4039755277196032e-05,0.00037677376822698393,1.4039755277196032e-05
4071340078,4,11365,1,1.4032547516817953e-05,0.0005289992223941748,1.4032547516817953e-05
2058100430,2,10471,1,-1.4024710543791197e-05,0.00024039437512632952,1.4024710543791197e-05
4052840071,4,11358,1,-1.4024085222557316e-05,0.0001596056589700612,1.4024085222557316e-05
3015530042,3,11233,1,-1.4021138935320193e-05,0.00018645453757854037,1.4021138935320193e-05
4055950044,4,11365,1,1.4016387358754257e-05,7.543311487712556e-05,1.4016387358754257e-05
3076970034,3,11234,1,-1.3964793272461236e-05,0.00014510876118158756,1.3964793272461236e-05
4141910005,4,11414,1,-1.3951710940627033e-05,7.337129967775516e-05,1.3951710940627033e-05
4091580036,4,11417,1,-1.3939977431893559e-05,0.00045999441520581014,1.3939977431893559e-05
2054700012,2,10465,1,-1.3931342124181023e-05,0.00047080436203485453,1.3931342124181023e-05
4102650009,4,11433,1,1.392918639749736e-05,0.00018045758919300192,1.392918639749736e-05
2044100063,2,10469,1,1.3887731781113945e-05,0.0006696600344045156,1.3887731781113945e-05
3086070025,3,11234,1,-1.388416386364753e-05,0.000145168304200964,1.388416386364753e-05
4155160034,4,11691,1,1.3870911642718717e-05,0.0001087801849565119,1.3870911642718717e-05
3052300114,3,11210,1,1.3865553652110044e-05,0.00012730775793583674,1.3865553652110044e-05
4094200028,4,11416,1,-1.3851653541948218e-05,0.00014596860983932054,1.3851653541948218e-05
4017400135,4,11368,1,1.3849709451334638e-05,8.566282117678409e-05,1.3849709451334638e-05
3087320014,3,11235,1,1.3832247852554817e-05,4.265696947392488e-05,1.3832247852554817e-05
4090470009,4,11416,1,-1.3820389685214869e-05,0.00012069187468961414,1.3820389685214869e-05
4049200011,4,11358,1,1.3793976142192747e-05,0.00028920447104422044,1.3793976142192747e-05
3007910072,3,11220,1,1.3789020695135763e-05,0.00039180610698167034,1.3789020695135763e-05
4122850024,4,11434,1,-1.3777661192131362e-05,0.00011134523995208076,1.3777661192131362e-05
3081670034,3,11236,1,1.3775155536142674e-05,0.0001196319345085162,1.3775155536142674e-05
4088620012,4,11421,1,1.377029622734076e-05,7.50611313468403e-05,1.377029622734076e-05
4061120021,4,11361,1,-1.3761757690706183e-05,2.2565467108486783e-05,1.3761757690706183e-05
4037150066,4,11385,1,-1.3760724884293673e-05,0.00011906640741071686,1.3760724884293673e-05
4077940463,4,11427,1,-1.3760063998083312e-05,0.000295922096273313,1.3760063998083312e-05
4036500029,4,11385,1,1.3746586042948341e-05,0.000210365753022867,1.3746586042948341e-05
4095910050,4,11419,1,1.3736275943621958e-05,0.00013667651047549726,1.3736275943621958e-05
4049290044,4,11358,1,1.3730652362344375e-05,8.78134280481629e-05,1.3730652362344375e-05
3075610069,3,11210,1,-1.3707059032635852e-05,6.126855203066305e-05,1.3707059032635852e-05
4076180010,4,11364,1,1.3702067366831503e-05,0.0007928305790000341,1.3702067366831503e-05
2040980058,2,10462,1,-1.3696086220280463e-05,7.868101210271338e-05,1.3696086220280463e-05
2043040007,2,10461,1,1.3681877890204294e-05,0.00023238493286646022,1.3681877890204294e-05
2042340043,2,10461,1,1.367826779070892e-05,3.2512144304147655e-05,1.367826779070892e-05
3014400004,3,11233,1,1.3670563667315774e-05,0.00012139711105838095,1.3670563667315774e-05
4054420086,4,11358,1,1.3667794661981217e-05,0.0010880725346968162,1.3667794661981217e-05
4021680025,4,11375,1,-1.366116205242597e-05,9.403844344940806e-05,1.366116205242597e-05
4060900016,4,11361,1,1.3660694323763077e-05,0.00010920971335576067,1.3660694323763077e-05
4081690026,4,11362,1,1.3657531455481397e-05,0.0001370165713771841,1.3657531455481397e-05
4023280028,4,11377,1,-1.361009772980165e-05,0.00015872258653371786,1.361009772980165e-05
4032600005,4,11375,1,-1.3607210431911798e-05,8.233559478998864e-05,1.3607210431911798e-05
3062430167,3,11228,1,1.3597310780341615e-05,8.802239492728793e-05,1.3597310780341615e-05
2029650105,2,10459,1,-1.3594259479800413e-05,0.00011367078122049812,1.3594259479800413e-05
4120260062,4,11436,1,1.3590391105367288e-05,0.0001556419475591093,1.3590391105367288e-05
4156940035,4,11691,1,1.3588357358156451e-05,0.000899415992910187,1.3588357358156451e-05
3088180026,3,11229,1,-1.3570598281271056e-05,0.00011141639769627121,1.3570598281271056e-05
3015050043,3,11233,1,-1.356320435530333e-05,5.625421169155135e-05,1.356320435530333e-05
3027820013,3,11211,1,-1.3554487414232979e-05,6.510956538113266e-05,1.3554487414232979e-05
4127660076,4,11411,1,-1.3551738060737597e-05,0.0002825825057360229,1.3551738060737597e-05
4141750036,4,11414,1,1.3542650352507528e-05,0.0008147456792434016,1.3542650352507528e-05
2036110041,2,10473,1,1.3535603048172054e-05,0.00010440472706724395,1.3535603048172054e-05
4010970042,4,11369,1,-1.3526026428588815e-05,0.0005316049424456513,1.3526026428588815e-05
3077930063,3,11234,1,-1.3522578984591587e-05,0.0001683801794426691,1.3522578984591587e-05
4094920137,4,11419,1,1.3513025466193308e-05,8.938483710283565e-05,1.3513025466193308e-05
3084160047,3,11234,1,-1.351117984673392e-05,9.252648002642406e-05,1.351117984673392e-05
3076140008,3,11210,1,1.3510236273830334e-05,0.00018413808525913355,1.3510236273830334e-05
4113450012,4,11417,1,-1.3502293527173268e-05,0.00031491992554200505,1.3502293527173268e-05
3059120058,3,11228,1,1.3501375794221863e-05,7.507319119403949e-05,1.3501375794221863e-05
3016760061,3,11233,1,1.3499437200881977e-05,4.228205284174278e-05,1.3499437200881977e-05
3051320035,3,11226,1,-1.349300781310375e-05,3.691789025263155e-05,1.349300781310375e-05
4132680234,4,11434,1,-1.3486524035525132e-05,0.0001173709426149959,1.3486524035525132e-05
4102510057,4,11433,1,-1.3456666559506722e-05,0.00011801386833977915,1.3456666559506722e-05
2029720028,2,10459,1,-1.3443166597718788e-05,0.0001465911144466721,1.3443166597718788e-05
2045800010,2,10469,1,-1.3432832968890186e-05,8.242693458390967e-05,1.3432832968890186e-05
4060280014,4,11360,1,-1.3417923674185166e-05,0.0003718476220500403,1.3417923674185166e-05
4056090003,4,11358,1,1.3400798407453153e-05,0.0003538587451579701,1.3400798407453153e-05
2038790021,2,10472,1,-1.3392644271924313e-05,3.5597814685013276e-05,1.3392644271924313e-05
2026230123,2,10455,1,-1.336754684265949e-05,9.76096623518592e-05,1.336754684265949e-05
3084780007,3,11234,1,-1.3331669686059975e-05,6.999159630759293e-05,1.3331669686059975e-05
3086720062,3,11235,1,1.3307795076140308e-05,7.518674039446063e-05,1.3307795076140308e-05
2027580013,2,10459,1,-1.3299849931313982e-05,0.0001467634510145142,1.3299849931313982e-05
4072000036,4,11366,1,-1.3294869254259198e-05,0.00015857672005787745,1.3294869254259198e-05
2033110110,2,10458,1,1.328638242830429e-05,7.744647793571857e-05,1.328638242830429e-05
4086200048,4,11426,1,1.327451602286204e-05,4.602770361131492e-05,1.327451602286204e-05
4103880032,4,11412,1,-1.3257001317150092e-05,8.252311266514584e-05,1.3257001317150092e-05
2032890042,2,10458,1,-1.324974576362909e-05,0.0001942279167061846,1.324974576362909e-05
4097870011,4,11432,1,-1.3246045940062769e-05,0.00011464312662702185,1.3246045940062769e-05
4048700040,4,11358,1,1.3221799626195635e-05,0.0002969206070121822,1.3221799626195635e-05
4031900057,4,11375,1,-1.321545399375088e-05,0.0002477342613821707,1.321545399375088e-05
4048810027,4,11357,1,-1.3211917978731637e-05,0.00013958017316322284,1.3211917978731637e-05
2047430029,2,10469,1,-1.3209102459933975e-05,0.00041818710345980234,1.3209102459933975e-05
4059480025,4,11360,1,-1.3204335633308663e-05,0.0002296786104859353,1.3204335633308663e-05
4123960065,4,11434,1,1.319084309527082e-05,0.00014293347064503874,1.319084309527082e-05
4141720086,4,11414,1,-1.3163459640597384e-05,0.00016564006906482216,1.3163459640597384e-05
4079660028,4,11426,1,-1.3138261741823238e-05,0.0001807600813028166,1.3138261741823238e-05
2029950122,2,10460,1,-1.311088695200088e-05,4.1465691245994435e-05,1.311088695200088e-05
4089380030,4,11421,1,-1.3089180664326994e-05,0.0003067982972593873,1.3089180664326994e-05
3064610053,3,11214,1,-1.3077827990764214e-05,8.970956463493972e-05,1.3077827990764214e-05
2046760031,2,10467,1,-1.3071808586911747e-05,0.00015831572331930066,1.3071808586911747e-05
4091360203,4,11417,1,1.30716378855645e-05,0.0007539268745703923,1.30716378855645e-05
4031800030,4,11374,1,-1.3055764454707154e-05,7.43232684392337e-05,1.3055764454707154e-05
3086630322,3,11235,1,-1.3049413687241222e-05,8.255149054941983e-05,1.3049413687241222e-05
2032840016,2,10458,1,1.3039490453580213e-05,0.00017117997194128395,1.3039490453580213e-05
4055700010,4,11365,1,-1.3038460928086204e-05,0.00012181256254237616,1.3038460928086204e-05
2035270019,2,10473,1,-1.3035568065414701e-05,8.524397802986197e-05,1.3035568065414701e-05
3040340003,3,11208,1,-1.3033620030183965e-05,0.0007752857211423733,1.3033620030183965e-05
3059870027,3,11209,1,1.3014604095422144e-05,6.330751192917304e-05,1.3014604095422144e-05
4107680043,4,11429,1,1.3013667098956776e-05,7.958791322095672e-05,1.3013667098956776e-05
4053110009,4,11358,1,1.2972098901995149e-05,0.00021148303809965946,1.2972098901995149e-05
4126780066,4,11412,1,1.2967757868287507e-05,0.00016441528977932733,1.2967757868287507e-05
3040190034,3,11208,1,1.296571456431425e-05,0.00016824678175936757,1.296571456431425e-05
3033300007,3,11221,1,-1.2927580724720997e-05,5.300114713435456e-05,1.2927580724720997e-05
4102710137,4,11433,1,-1.292333336714912e-05,0.00014847774957944248,1.292333336714912e-05
2035990017,2,10473,1,1.292155607287679e-05,0.0001076167351697838,1.292155607287679e-05
4024560006,4,11377,1,-1.2913792620202132e-05,9.274683466989735e-05,1.2913792620202132e-05
4076880058,4,11364,1,-1.2911916246866581e-05,3.7391251897362434e-05,1.2911916246866581e-05
4097160156,4,11435,1,1.2902428422816825e-05,0.00027395462916060347,1.2902428422816825e-05
4060810017,4,11361,1,1.2891213332034473e-05,7.691002363972949e-05,1.2891213332034473e-05
4094540033,4,11419,1,-1.2886519547013279e-05,0.0001066081801981607,1.2886519547013279e-05
4049010027,4,11358,1,1.2884735897955443e-05,0.000103409491474141,1.2884735897955443e-05
4119760069,4,11436,1,-1.2870199751051082e-05,0.00017608041853269064,1.2870199751051082e-05
4069180043,4,11365,1,-1.2869064006957952e-05,7.379885960618628e-05,1.2869064006957952e-05
4105270010,4,11423,1,1.2851929675976091e-05,7.6269093067748e-05,1.2851929675976091e-05
4032800003,4,11375,1,1.2843384196611967e-05,5.9329535120664035e-05,1.2843384196611967e-05
4102040026,4,11433,1,-1.2836594639920966e-05,0.0002111895944188487,1.2836594639920966e-05
4026750007,4,11378,1,-1.2823717720425578e-05,0.00025093158022226436,1.2823717720425578e-05
4028330052,4,11378,1,-1.2817400932518559e-05,8.156033680117497e-05,1.2817400932518559e-05
4115010201,4,11417,1,-1.2806830243477272e-05,5.1589864742557234e-05,1.2806830243477272e-05
4035980016,4,11385,1,-1.280203594000832e-05,5.017127933222511e-05,1.280203594000832e-05
2026280042,2,10455,1,-1.279554361910829e-05,0.00018050718096409475,1.279554361910829e-05
4117830036,4,11420,1,1.2790547426479804e-05,0.00010248979804658101,1.2790547426479804e-05
4040020052,4,11356,1,1.2782352651998e-05,7.75601731634924e-05,1.2782352651998e-05
2030680144,2,10457,1,1.274319091378925e-05,0.0004913617105682941,1.274319091378925e-05
4159050065,4,11692,1,1.2737275732067192e-05,0.00010730502718048535,1.2737275732067192e-05
3048930060,3,11203,1,-1.271847340008569e-05,0.0001950157784436843,1.271847340008569e-05
4123690042,4,11434,1,1.271313037961375e-05,8.450575638099815e-05,1.271313037961375e-05
4072580022,4,11432,1,1.2712223492302948e-05,4.7873147673358846e-05,1.2712223492302948e-05
4056020037,4,11358,1,1.2710727716200584e-05,6.269540931636385e-05,1.2710727716200584e-05
4122060002,4,11434,1,1.2703151653532483e-05,6.796748043514544e-05,1.2703151653532483e-05
3058600123,3,11220,1,1.270178418774242e-05,0.0010354883038690562,1.270178418774242e-05
4098790096,4,11432,1,-1.2698053139124265e-05,0.0001629004676808561,1.2698053139124265e-05
3053300049,3,11218,1,1.2696214686176156e-05,0.00014774944506825772,1.2696214686176156e-05
4055980024,4,11365,1,1.2671362656020517e-05,0.00015142893779539361,1.2671362656020517e-05
4118960009,4,11420,1,1.266779151375874e-05,4.093423397046501e-05,1.266779151375874e-05
4074430017,4,11364,1,1.2647105114907465e-05,0.00019300151788656297,1.2647105114907465e-05
3067280026,3,11230,1,-1.2643580865625211e-05,0.00010415452439764586,1.2643580865625211e-05
4104240049,4,11412,1,1.2638066349057448e-05,5.9672614916494176e-05,1.2638066349057448e-05
3084110061,3,11234,1,1.2630525229656414e-05,0.00012365577563121357,1.2630525229656414e-05
2039090020,2,10460,1,1.2623156964390752e-05,6.643985258954801e-05,1.2623156964390752e-05
4049340021,4,11358,1,-1.2614345091488139e-05,0.00011461210883856737,1.2614345091488139e-05
4082890074,4,11362,1,1.2611070961427776e-05,0.0002419694792038562,1.2611070961427776e-05
4111750046,4,11429,1,1.2609374994412413e-05,7.246092225809431e-05,1.2609374994412413e-05
3037900043,3,11207,1,-1.2596597068782603e-05,0.00016234133581538546,1.2596597068782603e-05
4011060013,4,11369,1,-1.2592894315128557e-05,4.238147767750822e-05,1.2592894315128557e-05
4055250067,4,11358,1,-1.2577342389908548e-05,0.00011185503838155358,1.2577342389908548e-05
4109630199,4,11429,1,-1.2561464537688368e-05,0.00025755791735224956,1.2561464537688368e-05
3073120004,3,11229,1,-1.2555019668811946e-05,0.0006042905702967245,1.2555019668811946e-05
4040360012,4,11356,1,1.2554316370320416e-05,6.994534166269379e-05,1.2554316370320416e-05
3052300008,3,11210,1,1.2551160751720524e-05,4.750267853809086e-05,1.2551160751720524e-05
2048240066,2,10466,1,1.2550073983837736e-05,0.0004000879285276632,1.2550073983837736e-05
4156220017,4,11691,1,-1.2548169871618517e-05,0.0001396628577238713,1.2548169871618517e-05
4098280120,4,11432,1,1.25442989817264e-05,0.0005636454578147334,1.25442989817264e-05
2035280009,2,10473,1,-1.2532776617707651e-05,3.1966440594556795e-05,1.2532776617707651e-05
2057410105,2,10463,1,1.2525628809100824e-05,0.00039354400664874765,1.2525628809100824e-05
3061920068,3,11204,1,-1.2499254023153928e-05,0.00012829447263111848,1.2499254023153928e-05
4079820030,4,11426,1,1.2493565048157942e-05,0.00017177671154795053,1.2493565048157942e-05
4120500249,4,11436,1,-1.2479466384120461e-05,0.00015922998908813436,1.2479466384120461e-05
2037630025,2,10472,1,1.2474043391272217e-05,7.599258049262207e-05,1.2474043391272217e-05
4095340079,4,11419,1,1.2469377317323377e-05,2.8783116973434376e-05,1.2469377317323377e-05
4019390046,4,11368,1,-1.2456387616700382e-05,7.617362234580157e-05,1.2456387616700382e-05
3007740054,3,11220,1,-1.2454799508511424e-05,0.00011364567561897683,1.2454799508511424e-05
2049550054,2,10466,1,-1.2439262679050163e-05,0.00018025700280312526,1.2439262679050163e-05
3076890038,3,11229,1,1.2438143265290009e-05,0.0002649431402136566,1.2438143265290009e-05
4065980076,4,11367,1,1.2424117464352865e-05,0.00027798170735963783,1.2424117464352865e-05
2037940044,2,10472,1,-1.2401482332029655e-05,0.00016833904095107127,1.2401482332029655e-05
3001780035,3,11217,1,1.2398568630505294e-05,9.084870709876852e-05,1.2398568630505294e-05
4094200037,4,11417,1,1.2397815209046963e-05,9.492556693476201e-05,1.2397815209046963e-05
3018460053,3,11216,1,1.2396610542026236e-05,0.00013149947654346334,1.2396610542026236e-05
2031020076,2,10458,1,-1.2390564512218209e-05,0.00013442230624877738,1.2390564512218209e-05
4082450039,4,11362,1,1.2377119090474302e-05,0.0006009478818337442,1.2377119090474302e-05
3062930026,3,11228,1,1.2367411493200437e-05,0.00012088453388840194,1.2367411493200437e-05
3068430011,3,11229,1,1.2349844090547624e-05,0.00032148542902793204,1.2349844090547624e-05
2041660006,2,10461,1,-1.2348770261794535e-05,9.584839027498921e-05,1.2348770261794535e-05
4135060202,4,11413,1,1.233867257656208e-05,0.00018090641933804597,1.233867257656208e-05
4085890014,4,11426,1,-1.2334550332391275e-05,6.949752165568224e-05,1.2334550332391275e-05
4013880064,4,11369,1,1.2333555046326692e-05,0.00024402231963239595,1.2333555046326692e-05
3084080039,3,11234,1,1.233209551024502e-05,5.358428492037025e-05,1.233209551024502e-05
4031990003,4,11375,1,1.2331904011712386e-05,0.0003477534252766612,1.2331904011712386e-05
4100400026,4,11435,1,1.232047025779601e-05,0.0001625745505764648,1.232047025779601e-05
2048500035,2,10466,1,1.2311998140524387e-05,3.720357472937e-05,1.2311998140524387e-05
4089130002,4,11421,1,-1.2297155243734237e-05,0.00013868368531618841,1.2297155243734237e-05
4083960117,4,11362,1,-1.227247692744537e-05,0.00044177099339485327,1.227247692744537e-05
4090210016,4,11416,1,-1.2255853883204519e-05,0.00018538148080166577,1.2255853883204519e-05
4061530042,4,11361,1,-1.2248871420369825e-05,0.0002198974819071729,1.2248871420369825e-05
4113660039,4,11417,1,-1.2245327713570794e-05,0.0008202748487933619,1.2245327713570794e-05
2051180069,2,10470,1,1.2240274194479748e-05,8.444677440085725e-05,1.2240274194479748e-05
3065450080,3,11230,1,-1.2231142058847469e-05,8.326216501770449e-05,1.2231142058847469e-05
4116780027,4,11420,1,-1.2229399692858506e-05,0.0005558831376451316,1.2229399692858506e-05
3037730107,3,11207,1,-1.2219247213446612e-05,5.980589690799381e-05,1.2219247213446612e-05
3046740028,3,11203,1,-1.2218758853267107e-05,5.3124871670943896e-05,1.2218758853267107e-05
3017810056,3,11221,1,1.2213671816157982e-05,0.00010877367045085221,1.2213671816157982e-05
4011060035,4,11369,1,1.2202162024181492e-05,0.0004133213575460815,1.2202162024181492e-05
4052890029,4,11358,1,-1.2200679911328044e-05,0.0002065500987999289,1.2200679911328044e-05
2058171732,2,10471,1,-1.2199390166947094e-05,6.752962980113608e-05,1.2199390166947094e-05
3058920038,3,11209,1,1.219202642372211e-05,0.000251066734660322,1.219202642372211e-05
3081430011,3,11236,1,1.2153852141487537e-05,0.0001734334675673208,1.2153852141487537e-05
3015220140,3,11233,1,-1.214211708759136e-05,0.0005959032298004714,1.214211708759136e-05
3073030035,3,11229,1,-1.2141949501866209e-05,6.061786150991162e-05,1.2141949501866209e-05
2026630027,2,10456,1,-1.2140525784039895e-05,6.647535006153646e-05,1.2140525784039895e-05
4088950021,4,11421,1,1.2136794566534211e-05,7.441056988556055e-05,1.2136794566534211e-05
4065790141,4,11367,1,1.2125246792648058e-05,8.898376008878965e-05,1.2125246792648058e-05
3070810082,3,11223,1,1.2118592269591015e-05,5.94928230367065e-05,1.2118592269591015e-05
4094200020,4,11416,1,1.2115961212546056e-05,3.5905331269263596e-05,1.2115961212546056e-05
3052900008,3,11218,1,1.211131523801523e-05,0.0006761585947129759,1.211131523801523e-05
4091870035,4,11418,1,1.2108827368181609e-05,5.91266205719857e-05,1.2108827368181609e-05
3033420133,3,11221,1,1.2095750863004214e-05,0.0008500939923608203,1.2095750863004214e-05
2046120040,2,10469,1,1.205746114196111e-05,0.00024233107911906008,1.205746114196111e-05
2040450059,2,10462,1,-1.2047310163661195e-05,0.0001493891361099033,1.2047310163661195e-05
3052400080,3,11230,1,1.2045615567140921e-05,0.00040179264065109147,1.2045615567140921e-05
4086310018,4,11426,1,-1.2044168074872422e-05,0.00024676913898219596,1.2044168074872422e-05
3063980019,3,11214,1,1.2035782602864667e-05,9.782475099145892e-05,1.2035782602864667e-05
4119700015,4,11436,1,-1.2025230149879234e-05,0.00031135184258333597,1.2025230149879234e-05
2050580070,2,10466,1,1.2024143600054579e-05,5.527358657208337e-05,1.2024143600054579e-05
3012550009,3,11216,2,1.2021187542757337e-05,0.0006819452354046113,1.2021187542757337e-05
3019670022,3,11238,1,1.2020708058004107e-05,0.00020446771832628968,1.2020708058004107e-05
4095990029,4,11419,1,1.2015491485164286e-05,8.962094904260497e-05,1.2015491485164286e-05
2037760021,2,10472,1,1.2007617954897087e-05,0.0001835368045397007,1.2007617954897087e-05
3014640067,3,11233,1,-1.2007238330818516e-05,0.00011659961668100848,1.2007238330818516e-05
2049980023,2,10466,1,-1.1993082285254162e-05,0.00011578334227378631,1.1993082285254162e-05
4086620028,4,11426,1,-1.1986134177886368e-05,7.838702877725504e-05,1.1986134177886368e-05
3068690013,3,11214,1,1.1976183346131199e-05,8.187467395411936e-05,1.1976183346131199e-05
4027430062,4,11378,1,1.1970782811632033e-05,0.00013454459539436728,1.1970782811632033e-05
4130130121,4,11413,1,1.1970596086716388e-05,0.00031637304660864425,1.1970596086716388e-05
3051750050,3,11218,1,-1.1970253442211954e-05,9.91489991494666e-05,1.1970253442211954e-05
3062340113,3,11228,1,1.1948765657330341e-05,0.00011773637085265997,1.1948765657330341e-05
3066770072,3,11223,1,1.1941650971801562e-05,6.019458709542737e-05,1.1941650971801562e-05
2046530089,2,10467,1,-1.193739520815211e-05,2.6540493357108598e-05,1.193739520815211e-05
2053780044,2,10461,1,1.1931035573038308e-05,0.00010317019979434711,1.1931035573038308e-05
4110670045,4,11412,1,1.1925677907214557e-05,9.551182022184688e-05,1.1925677907214557e-05
4068110023,4,11367,1,-1.1918965819318995e-05,9.107825738526539e-05,1.1918965819318995e-05
2049600070,2,10466,1,-1.1915177018995111e-05,0.00015272152057662386,1.1915177018995111e-05
2044780014,2,10469,1,-1.1881898577489217e-05,0.00036745176233537915,1.1881898577489217e-05
4060820033,4,11361,1,1.188039836254262e-05,0.00012987436868645442,1.188039836254262e-05
4052960018,4,11358,1,1.1867055196778714e-05,3.4826168477287305e-05,1.1867055196778714e-05
4045920115,4,11357,1,1.186078535669513e-05,0.0006146510178610482,1.186078535669513e-05
4158070001,4,11691,1,-1.1851514703032754e-05,0.0002215305188565016,1.1851514703032754e-05
3015680023,3,11233,1,1.1844672742223376e-05,8.170811649366263e-05,1.1844672742223376e-05
4088190004,4,11001,1,-1.1819174287405434e-05,0.00024389622083082884,1.1819174287405434e-05
4088170050,4,11001,1,-1.181917424198531e-05,0.00024389622111583998,1.181917424198531e-05
3080680021,3,11236,1,-1.1816683393662247e-05,0.00012236206492429765,1.1816683393662247e-05
3062350070,3,11228,1,1.1806566145391274e-05,0.00016805387546170347,1.1806566145391274e-05
2039770038,2,10461,1,-1.1795900505612277e-05,0.00010578897515112562,1.1795900505612277e-05
2049840001,2,10466,1,-1.178774535628309e-05,0.00010273559024940079,1.178774535628309e-05
4111270035,4,11429,1,-1.1772916154686662e-05,0.00042181053252055315,1.1772916154686662e-05
4082880026,4,11362,1,-1.1754768996380337e-05,5.338485765084809e-05,1.1754768996380337e-05
2042460009,2,10461,1,1.1752749038511817e-05,0.00011943715539329894,1.1752749038511817e-05
4061200042,4,11361,1,1.1749549414586352e-05,0.0001342621048139815,1.1749549414586352e-05
4071800064,4,11366,1,-1.1741644921673699e-05,0.0001784766870892922,1.1741644921673699e-05
3060630005,3,11209,1,-1.1727816161444084e-05,0.0010340617091277532,1.1727816161444084e-05
3010170070,3,11215,1,-1.171925399367558e-05,2.1213816456013598e-05,1.171925399367558e-05
4056270024,4,11365,1,-1.1716693266236049e-05,7.873655153206103e-05,1.1716693266236049e-05
4035150014,4,11385,1,-1.170448423057992e-05,8.970160617051903e-05,1.170448423057992e-05
4012140029,4,11377,1,-1.1668819565364905e-05,0.00028716337233276765,1.1668819565364905e-05
3039950024,3,11207,1,1.1666514489953156e-05,0.00017228961488801014,1.1666514489953156e-05
2032890029,2,10458,1,-1.1648795628819475e-05,0.0001789378733969833,1.1648795628819475e-05
3084760065,3,11234,1,1.1631474961220704e-05,9.669761817470178e-05,1.1631474961220704e-05
4062040030,4,11361,1,-1.1625221805644511e-05,0.00018527109209995977,1.1625221805644511e-05
4121480007,4,11433,1,1.1617160616561166e-05,0.00017607164510488894,1.1617160616561166e-05
2045470022,2,10467,1,-1.1600423648912914e-05,9.924044366170991e-05,1.1600423648912914e-05
3075980039,3,11210,1,-1.1591529953590146e-05,0.0010371071946892682,1.1591529953590146e-05
4117910011,4,11420,1,-1.1588798019487166e-05,6.80281672793824e-05,1.1588798019487166e-05
4008540052,4,11105,1,-1.1586281297117598e-05,0.0001760717862696717,1.1586281297117598e-05
4126380059,4,11412,1,-1.1560388390172636e-05,0.0002298015947835239,1.1560388390172636e-05
4107450042,4,11428,1,-1.1556653370872348e-05,3.734876434976879e-05,1.1556653370872348e-05
3085940003,3,11234,1,-1.15414526573417e-05,0.0008750358509955799,1.15414526573417e-05
3004300014,3,11231,1,-1.153828259427853e-05,0.00024691879698981653,1.153828259427853e-05
4042670003,4,11354,1,-1.1535052137646116e-05,0.00011547065727483757,1.1535052137646116e-05
3076950001,3,11234,1,1.1532434689066613e-05,0.00016836301711680552,1.1532434689066613e-05
3047970071,3,11225,1,1.1531569473231438e-05,0.00019821460252859017,1.1531569473231438e-05
4055110104,4,11358,1,-1.1521864536358268e-05,0.00039716583548675215,1.1521864536358268e-05
2030000036,2,10460,1,-1.1519370340551295e-05,9.647373050655929e-05,1.1519370340551295e-05
4068640482,4,11432,1,1.1509465333242355e-05,0.0002732917485567798,1.1509465333242355e-05
2058441900,2,10471,1,-1.1501685279929011e-05,7.536141302914861e-05,1.1501685279929011e-05
3080750031,3,11236,1,1.1496530386971159e-05,0.00013387593845900169,1.1496530386971159e-05
4019040011,4,11368,1,-1.1490257742961878e-05,6.596135850400217e-05,1.1490257742961878e-05
4048710063,4,11358,1,-1.1487836720391043e-05,0.00015137442760280602,1.1487836720391043e-05
3077460059,3,11210,1,-1.1486116274565483e-05,0.0005885499345245893,1.1486116274565483e-05
4136730055,4,11422,1,-1.1472688317857377e-05,9.969871579715132e-05,1.1472688317857377e-05
2028770521,2,10453,1,-1.14699833896562e-05,0.00011437363251522701,1.14699833896562e-05
2028680274,2,10453,1,-1.1469983349009652e-05,0.00011437363204007293,1.1469983349009652e-05
2032060012,2,10453,1,-1.1469983344002164e-05,0.00011437363197562133,1.1469983344002164e-05
2033600055,2,10467,1,-1.145969712009451e-05,0.00029133507430135835,1.145969712009451e-05
3070800105,3,11223,1,-1.1458197614262508e-05,9.036348331782363e-05,1.1458197614262508e-05
4086680163,4,11426,1,-1.1452609843718396e-05,3.356547447922254e-05,1.1452609843718396e-05
2033000080,2,10458,1,1.1443465166457557e-05,0.00031443682590140344,1.1443465166457557e-05
4120550042,4,11436,1,1.1441041340062812e-05,7.898630961059907e-05,1.1441041340062812e-05
3018200019,3,11221,1,-1.1425911699119182e-05,0.00010091885539615488,1.1425911699119182e-05
3034500030,3,11207,1,1.1414448674447421e-05,9.659606759405027e-05,1.1414448674447421e-05
3060630068,3,11209,1,1.1408056344722931e-05,0.0001523237653969894,1.1408056344722931e-05
4089270023,4,11421,1,-1.1401903101131236e-05,0.0001281090216248873,1.1401903101131236e-05
4042320013,4,11356,1,1.1396807215189352e-05,6.411195822160595e-05,1.1396807215189352e-05
3076130007,3,11210,1,1.1380412238495796e-05,0.0006524178267096128,1.1380412238495796e-05
3056100018,3,11219,1,-1.1373244335717941e-05,1.7303774634738455e-05,1.1373244335717941e-05
4046440001,4,11357,1,1.1370176943408947e-05,0.0005258729743818678,1.1370176943408947e-05
4115150039,4,11417,1,-1.1362465239438605e-05,0.0003704593643441257,1.1362465239438605e-05
4012170057,4,11377,1,1.1361839043269423e-05,9.222662256668409e-05,1.1361839043269423e-05
4012170061,4,11377,1,1.1361839043269423e-05,9.222662256668409e-05,1.1361839043269423e-05
3076210072,3,11210,1,-1.1355204795157597e-05,0.00010872459140021459,1.1355204795157597e-05
3017910026,3,11221,1,1.1354799913498165e-05,0.0001944686479227359,1.1354799913498165e-05
3055490060,3,11204,1,1.1339157217758658e-05,0.00028510576418276087,1.1339157217758658e-05
2047420003,2,10469,1,1.1335427523035846e-05,9.892342456391335e-05,1.1335427523035846e-05
4016520042,4,11369,1,-1.1328967086106538e-05,5.051176018728491e-05,1.1328967086106538e-05
2032890073,2,10458,1,-1.131717045431787e-05,0.00017765864897929625,1.131717045431787e-05
4094580007,4,11419,1,-1.129761999511405e-05,0.0002360993239083219,1.129761999511405e-05
4054170051,4,11358,1,-1.1290667927199777e-05,0.00011889748680307791,1.1290667927199777e-05
4140470076,4,11414,1,-1.1287468470832167e-05,0.00012075328212879147,1.1287468470832167e-05
3048090071,3,11225,1,-1.1284649380108665e-05,0.00012046266369662045,1.1284649380108665e-05
3065040033,3,11230,1,1.1278361710546953e-05,3.9228399294420795e-05,1.1278361710546953e-05
4095790031,4,11419,1,1.1240994471439231e-05,0.00035063136381654954,1.1240994471439231e-05
2025140061,2,10452,1,-1.1236073944605339e-05,0.00037009733247719725,1.1236073944605339e-05
4090480009,4,11416,1,-1.1235020323903342e-05,0.0001260735616722237,1.1235020323903342e-05
4107680015,4,11429,1,1.1234599983177674e-05,9.615275049566814e-05,1.1234599983177674e-05
3081610007,3,11236,1,-1.1233327206300497e-05,0.00016025922791269165,1.1233327206300497e-05
4139380021,4,11414,1,1.1207717081072372e-05,0.0001181381099683809,1.1207717081072372e-05
4136980033,4,11422,1,-1.1202504689280078e-05,4.6208604076671147e-05,1.1202504689280078e-05
4079640046,4,11426,1,-1.119777498583337e-05,0.00011794455788557413,1.119777498583337e-05
4076270035,4,11364,1,-1.1191542897036437e-05,8.818703740799469e-05,1.1191542897036437e-05
4085720124,4,11426,1,-1.1161613780498159e-05,0.0002061598924748726,1.1161613780498159e-05
4090510015,4,11416,1,1.1158714095405104e-05,0.0002203774426950768,1.1158714095405104e-05
4070420025,4,11432,1,-1.1152656251662539e-05,7.440130988593097e-05,1.1152656251662539e-05
4081160050,4,11363,1,-1.1141040855741749e-05,0.0002469701661700891,1.1141040855741749e-05
4051350039,4,11355,1,-1.113672817132824e-05,5.3123034002803095e-05,1.113672817132824e-05
4051350139,4,11355,1,-1.113672817132824e-05,5.3123034002803095e-05,1.113672817132824e-05
3004740045,3,11231,1,-1.1134463708043604e-05,0.00017773639538104058,1.1134463708043604e-05
4024690050,4,11373,1,1.112937992049911e-05,0.0001411922335823607,1.112937992049911e-05
3005770044,3,11231,1,-1.1116989421474811e-05,6.867999328639328e-05,1.1116989421474811e-05
3013730077,3,11213,1,1.1109949603317442e-05,7.553841062428052e-05,1.1109949603317442e-05
3073970023,3,11229,1,-1.1105343483342744e-05,0.00010632214857973284,1.1105343483342744e-05
4097880033,4,11432,1,-1.110055689685405e-05,0.00029499403462416923,1.110055689685405e-05
2048760047,2,10466,1,1.109781185668746e-05,0.0003190348678749947,1.109781185668746e-05
4087020119,4,11004,1,-1.1084581444362351e-05,0.0005642051642414062,1.1084581444362351e-05
4035830022,4,11385,1,-1.1055949082238853e-05,0.0001252681526932979,1.1055949082238853e-05
3026240110,3,11222,1,1.1053320051788573e-05,0.0001630087946119611,1.1053320051788573e-05
2054610065,2,10465,1,1.104832724562436e-05,5.015346175192348e-05,1.104832724562436e-05
2023880047,2,10456,1,1.1028469718120838e-05,0.0007028064083233124,1.1028469718120838e-05
4134710065,4,11413,1,1.1025013786447453e-05,0.0003107903208958112,1.1025013786447453e-05
4056150041,4,11358,1,-1.1020118942526736e-05,0.00016200290732295753,1.1020118942526736e-05
3012040004,3,11213,1,-1.1003854341335554e-05,8.345631863206332e-05,1.1003854341335554e-05
3012930034,3,11213,1,-1.1000749942195346e-05,0.0001059210605773367,1.1000749942195346e-05
2023710005,2,10456,1,-1.095769611316423e-05,0.00025128584702130126,1.095769611316423e-05
3013290042,3,11225,1,1.0916408285029544e-05,6.989121447129012e-05,1.0916408285029544e-05
4123420113,4,11434,1,-1.0912653770655081e-05,6.739150538181221e-05,1.0912653770655081e-05
4028460019,4,11379,1,1.0905845724467054e-05,0.00012211670587113587,1.0905845724467054e-05
4109310012,4,11412,1,-1.0903558396429876e-05,8.847546153500772e-05,1.0903558396429876e-05
4036180029,4,11385,1,1.0900299485556194e-05,0.00019784606570727776,1.0900299485556194e-05
4088150001,4,11001,1,-1.0894166277461344e-05,0.00015372021420833844,1.0894166277461344e-05
4112010025,4,11429,1,-1.0891540676163117e-05,9.396881101323544e-05,1.0891540676163117e-05
2029600148,2,10460,1,1.0879705577633314e-05,6.337470791903674e-05,1.0879705577633314e-05
2055460103,2,10465,1,1.0869463035119375e-05,0.00011410744120891596,1.0869463035119375e-05
4109680086,4,11412,1,1.0861836096717336e-05,0.00014130761300168852,1.0861836096717336e-05
4139720105,4,11414,1,-1.0861399583592304e-05,6.77684280408874e-05,1.0861399583592304e-05
4116200050,4,11420,1,1.084077186551281e-05,0.00019124927357548014,1.084077186551281e-05
4157520025,4,11691,1,1.0830987360272067e-05,0.00014741475163177175,1.0830987360272067e-05
2054100172,2,10465,1,1.0802886632712766e-05,0.0001646104439215765,1.0802886632712766e-05
4008670004,4,11105,1,-1.0796538289356543e-05,1.501116445985641e-05,1.0796538289356543e-05
4095360051,4,11419,1,-1.0791529304315698e-05,0.00010203865603255623,1.0791529304315698e-05
4057550018,4,11357,1,-1.0779281989681849e-05,0.00011642071539525966,1.0779281989681849e-05
4089070010,4,11421,1,1.0764165157397931e-05,0.00010414061152734633,1.0764165157397931e-05
4122020085,4,11434,1,-1.0759245988599563e-05,9.924858753943632e-05,1.0759245988599563e-05
4046570011,4,11357,1,1.0757656655564592e-05,0.00014727329046883476,1.0757656655564592e-05
4104660053,4,11423,1,-1.0755139518298025e-05,0.0003757961705170414,1.0755139518298025e-05
4121130038,4,11436,1,-1.0754202530891101e-05,0.00016667768897315633,1.0754202530891101e-05
3072030019,3,11235,1,-1.0728437480284756e-05,6.354412720672246e-05,1.0728437480284756e-05
3041230117,3,11208,1,1.0725829431597475e-05,6.161899529392001e-05,1.0725829431597475e-05
2033780097,2,10470,1,1.0714584321298865e-05,5.226069455596706e-05,1.0714584321298865e-05
3044190029,3,11207,1,-1.0697025811417796e-05,0.00015277835665903874,1.0697025811417796e-05
3047810007,3,11203,1,-1.0693412391227713e-05,6.12013719787353e-05,1.0693412391227713e-05
4156060030,4,11691,1,-1.0690224745394542e-05,7.556507971885971e-05,1.0690224745394542e-05
3068340005,3,11229,1,-1.0688832142680737e-05,0.0001581191963759029,1.0688832142680737e-05
4140260044,4,11414,1,1.0686653456049561e-05,0.0006674519550193703,1.0686653456049561e-05
4059610020,4,11358,1,-1.0664964718968429e-05,0.00010591977486209127,1.0664964718968429e-05
4108630022,4,11423,1,1.064790076306978e-05,9.039450713981998e-05,1.064790076306978e-05
3064600064,3,11228,1,-1.0628923988066076e-05,6.588256216248436e-05,1.0628923988066076e-05
2048340019,2,10466,1,1.0623339745465088e-05,0.0003414465999773981,1.0623339745465088e-05
3073850040,3,11229,1,-1.0613328660562505e-05,0.00018774638409708462,1.0613328660562505e-05
3051730069,3,11226,1,-1.0607303833703623e-05,0.0008043199110443133,1.0607303833703623e-05
3084900054,3,11234,1,-1.060281726030999e-05,8.821693994625318e-05,1.060281726030999e-05
2053980047,2,10461,1,-1.0592709626017237e-05,0.00013149324321761792,1.0592709626017237e-05
4053260047,4,11354,1,1.0588493081693158e-05,6.607254190478176e-05,1.0588493081693158e-05
4126780061,4,11412,1,-1.0579516378207109e-05,7.145474546120608e-05,1.0579516378207109e-05
4086380026,4,11426,1,-1.0576821241192809e-05,0.00016285280214609063,1.0576821241192809e-05
3053810084,3,11204,1,-1.0575000848673866e-05,1.4841811596513345e-05,1.0575000848673866e-05
4117290044,4,11420,1,-1.0571384643687792e-05,0.0001343441869231444,1.0571384643687792e-05
3017540061,3,11206,1,-1.0546347378196223e-05,6.522143955718201e-05,1.0546347378196223e-05
2053190057,2,10465,1,1.0525246054282868e-05,7.267009714008698e-05,1.0525246054282868e-05
4121400023,4,11433,1,1.0522704991404105e-05,0.00012575477060605754,1.0522704991404105e-05
4080960036,4,11363,1,1.0514357400294775e-05,0.00016320289391819602,1.0514357400294775e-05
2049850176,2,10466,1,-1.05074710750395e-05,0.00010435967633321576,1.05074710750395e-05
4057620041,4,11357,1,1.0482299794882386e-05,7.227531608683475e-05,1.0482299794882386e-05
2046370050,2,10469,1,1.0476312908801364e-05,8.912635977318602e-05,1.0476312908801364e-05
3076340028,3,11210,1,-1.0472223791464063e-05,5.3588497687763874e-05,1.0472223791464063e-05
2040360012,2,10462,1,1.0448514552095016e-05,7.534797969519522e-05,1.0448514552095016e-05
2042640039,2,10462,1,1.0446305319774815e-05,0.00013293455432054655,1.0446305319774815e-05
4100760022,4,11435,1,1.0445601148178966e-05,0.0001216093181330347,1.0445601148178966e-05
4080040234,4,11426,1,-1.0442940677349347e-05,0.00013045176076813405,1.0442940677349347e-05
4045230038,4,11357,1,1.0438199762396541e-05,0.00011591264824260683,1.0438199762396541e-05
4072450009,4,11432,1,1.0425729969863174e-05,0.0002007637729804352,1.0425729969863174e-05
4097010057,4,11435,1,1.0422465878347631e-05,6.135627167183668e-05,1.0422465878347631e-05
3065140049,3,11230,1,1.0407684404411993e-05,2.668470563023933e-05,1.0407684404411993e-05
4062710036,4,11361,1,1.038555486233185e-05,9.285910549447936e-05,1.038555486233185e-05
4130300101,4,11413,1,-1.0357804406793836e-05,0.0001322699082219056,1.0357804406793836e-05
4113430010,4,11417,1,1.035316110542206e-05,0.00010701012766793712,1.035316110542206e-05
4021730044,4,11375,1,1.0339536009058875e-05,6.710000859069336e-05,1.0339536009058875e-05
2054800044,2,10465,1,-1.0331973057733462e-05,3.76374711165178e-05,1.0331973057733462e-05
4100790032,4,11435,1,1.0317319963366967e-05,0.0002525327989115586,1.0317319963366967e-05
4026370030,4,11378,1,-1.0305800518473594e-05,8.14660775080021e-05,1.0305800518473594e-05
4077660042,4,11364,1,-1.0247855735295252e-05,0.0005130403910796788,1.0247855735295252e-05
4040730046,4,11356,1,1.0238254440249414e-05,0.00020414686408032538,1.0238254440249414e-05
2030470029,2,10457,1,1.0205345583998241e-05,0.0005286317334767723,1.0205345583998241e-05
3071990046,3,11223,1,-1.0203330038481565e-05,0.00010221392372886921,1.0203330038481565e-05
4077790041,4,11364,1,1.0201677609228801e-05,0.00010769133235198209,1.0201677609228801e-05
4150110002,4,11434,1,1.0197195393162429e-05,9.801827713045947e-05,1.0197195393162429e-05
4076090017,4,11364,1,-1.0170092638221793e-05,8.043833923321368e-05,1.0170092638221793e-05
2045440059,2,10467,1,-1.016253430589907e-05,0.00013441329517044137,1.016253430589907e-05
3089001000,3,11229,1,-1.01613568055737e-05,0.0001262227156278153,1.01613568055737e-05
2034870139,2,10473,1,1.016130648827798e-05,7.318236244320123e-05,1.016130648827798e-05
4129190298,4,11422,1,1.0152434420755432e-05,0.0001502451135927702,1.0152434420755432e-05
4102570077,4,11433,1,-1.0145825156247484e-05,0.000102004267287392,1.0145825156247484e-05
4126830046,4,11412,1,-1.0134039278265202e-05,9.770079457613582e-05,1.0134039278265202e-05
2049340046,2,10466,1,-1.0131880489581183e-05,0.0005259646344253838,1.0131880489581183e-05
3067530026,3,11230,1,-1.0110940377074871e-05,7.793683259222595e-05,1.0110940377074871e-05
4060960019,4,11361,1,-1.0104517308510614e-05,5.7550497698600475e-05,1.0104517308510614e-05
4017800003,4,11368,1,1.0094668192110328e-05,0.00033516410189932453,1.0094668192110328e-05
3049750027,3,11203,1,1.0086471259236498e-05,0.0002181300508850536,1.0086471259236498e-05
4094320048,4,11419,1,-1.0083905231415178e-05,0.00024317678022034583,1.0083905231415178e-05
4031450017,4,11374,1,-1.0063091400357347e-05,8.242546522971316e-05,1.0063091400357347e-05
4127790008,4,11411,1,1.005489175515696e-05,0.00034271372139322675,1.005489175515696e-05
4110820055,4,11411,1,-1.0054575356378144e-05,0.00015682632254866315,1.0054575356378144e-05
4102320049,4,11433,1,1.0046085893969275e-05,4.515963355854472e-05,1.0046085893969275e-05
4159660054,4,11691,1,-1.002273150680042e-05,0.0001692224198970033,1.002273150680042e-05
4087660016,4,11004,1,-1.0013756259694833e-05,0.00011120241790208847,1.0013756259694833e-05
2042950037,2,10462,1,1.0009481094032357e-05,5.388729911508256e-05,1.0009481094032357e-05
3059050062,3,11209,1,1.0008220890785323e-05,0.00025386518114278494,1.0008220890785323e-05
2036080062,2,10473,1,-1.0000248279050016e-05,7.538015934177401e-05,1.0000248279050016e-05
4023050049,4,11377,1,-9.997374908653926e-06,0.00029491320554920786,9.997374908653926e-06
3077350074,3,11234,1,-9.976204583825774e-06,5.975720447632265e-05,9.976204583825774e-06
4029940015,4,11379,1,9.97484252418135e-06,0.00013354457895792035,9.97484252418135e-06
4024970050,4,11378,1,-9.96882670582227e-06,0.0002720313713870983,9.96882670582227e-06
4106570060,4,11427,1,9.956227743156284e-06,0.00046724641594140994,9.956227743156284e-06
4135490023,4,11422,1,9.94842460492829e-06,0.00030913583360300123,9.94842460492829e-06
4116060026,4,11420,1,-9.946752028151236e-06,0.00010838307304190531,9.946752028151236e-06
2054070038,2,10465,1,9.944493337046668e-06,4.407450673047069e-05,9.944493337046668e-06
4090410043,4,11416,1,9.94142381388993e-06,0.0001378613788053109,9.94142381388993e-06
4139670065,4,11414,1,9.933554663799941e-06,0.00033545337044094126,9.933554663799941e-06
3077470022,3,11210,1,9.929238864305477e-06,0.00011119588775675592,9.929238864305477e-06
2037310064,2,10472,1,-9.909132752151783e-06,0.000593618389402582,9.909132752151783e-06
3079590077,3,11236,1,-9.905325935747454e-06,0.0001228749571817561,9.905325935747454e-06
3075710071,3,11210,1,-9.904140843281057e-06,5.841773262405743e-05,9.904140843281057e-06
4001820072,4,11104,1,-9.903309550319473e-06,0.0001262362757252059,9.903309550319473e-06
2039920003,2,10462,1,9.898954105063533e-06,7.931612051302839e-05,9.898954105063533e-06
3076960081,3,11234,1,-9.884535157842163e-06,8.541109972464135e-05,9.884535157842163e-06
3080750030,3,11236,1,9.866908328505143e-06,0.00012351353025293236,9.866908328505143e-06
2057840334,2,10463,1,9.859213624437508e-06,8.129962747866342e-05,9.859213624437508e-06
4104180045,4,11412,1,9.853267069432328e-06,5.543763632972045e-05,9.853267069432328e-06
4068410025,4,11366,1,9.853151545576522e-06,6.344117767082947e-05,9.853151545576522e-06
4085490064,4,11040,1,-9.844860439105512e-06,7.98299703055009e-05,9.844860439105512e-06
4085460046,4,11040,1,-9.844860424341933e-06,7.982997025185303e-05,9.844860424341933e-06
4051790035,4,11355,1,9.844476206927975e-06,0.00031421346993741085,9.844476206927975e-06
3072420008,3,11235,1,-9.839602532819936e-06,6.743388078161373e-05,9.839602532819936e-06
3050120048,3,11210,1,-9.83942657187129e-06,0.0006249108015143149,9.83942657187129e-06
3079920055,3,11236,1,9.829620319924256e-06,0.00010168401081709106,9.829620319924256e-06
3048850035,3,11226,1,-9.822249440363413e-06,3.453332948973053e-05,9.822249440363413e-06
3074290064,3,11235,1,-9.816689147545191e-06,3.947590854552882e-05,9.816689147545191e-06
4126270014,4,11412,1,9.801407996276288e-06,0.00014405369545723612,9.801407996276288e-06
4047980098,4,11354,1,9.780545562194868e-06,0.00011469771786494008,9.780545562194868e-06
4121700028,4,11433,1,-9.777229126238265e-06,0.0004016367991103585,9.777229126238265e-06
3039380006,3,11207,1,-9.774899155950826e-06,7.373731815060408e-05,9.774899155950826e-06
2040460049,2,10462,1,9.774438373915627e-06,4.830916756243657e-05,9.774438373915627e-06
4088390026,4,11421,1,9.771635451517156e-06,9.49164356892328e-05,9.771635451517156e-06
4087590170,4,11004,1,-9.767236212803296e-06,0.00011478589646759691,9.767236212803296e-06
4060240032,4,11358,1,9.743416400867268e-06,0.0001960424044285981,9.743416400867268e-06
4116600030,4,11420,1,9.724438691297336e-06,7.844634423108247e-05,9.724438691297336e-06
3080650050,3,11236,1,9.720078635024079e-06,3.4726505865912086e-05,9.720078635024079e-06
4072310110,4,11432,1,-9.703734402040122e-06,5.283712820602782e-05,9.703734402040122e-06
4014060035,4,11369,1,9.69962913872142e-06,0.00018278804010211382,9.69962913872142e-06
4080520010,4,11363,1,-9.695708444813028e-06,0.0003567959000600715,9.695708444813028e-06
4111010087,4,11429,1,-9.690356255558088e-06,0.00018493751426809228,9.690356255558088e-06
2046360012,2,10469,1,-9.68888687900941e-06,0.00016316676570013076,9.68888687900941e-06
4046570047,4,11357,1,9.65784240878209e-06,7.17192886699243e-05,9.65784240878209e-06
4060780068,4,11358,1,9.656943635965742e-06,0.0002434636263070361,9.656943635965742e-06
4029120033,4,11379,1,9.64820996021192e-06,7.226573401316791e-05,9.64820996021192e-06
3040880046,3,11207,1,-9.630009321370789e-06,0.00015886040915478065,9.630009321370789e-06
4035810046,4,11385,1,-9.620515349900477e-06,9.963318380424201e-05,9.620515349900477e-06
4072050027,4,11366,1,-9.618890183937626e-06,5.693295476968244e-05,9.618890183937626e-06
4111380033,4,11429,1,9.601587580570147e-06,0.00012384838991098772,9.601587580570147e-06
4123160004,4,11434,1,-9.592822177515074e-06,7.55539464160473e-05,9.592822177515074e-06
3012630026,3,11213,1,9.5795061993252e-06,0.0002266190936102414,9.5795061993252e-06
4118980036,4,11420,1,9.579085086478412e-06,0.00021174791630176206,9.579085086478412e-06
4091560056,4,11417,1,9.57427829577604e-06,0.0002178154038845984,9.57427829577604e-06
3040480015,3,11207,1,-9.570847389830527e-06,0.00020984894753784124,9.570847389830527e-06
2050100032,2,10466,1,9.559376453507559e-06,0.00014821370995150097,9.559376453507559e-06
3041340012,3,11208,1,-9.553297035523844e-06,5.8185649126995875e-05,9.553297035523844e-06
4131800024,4,11413,1,9.552670628237426e-06,0.00018114933025470406,9.552670628237426e-06
2050260089,2,10466,1,-9.53481614757611e-06,4.734986209519719e-05,9.53481614757611e-06
3056960029,3,11219,1,-9.532947369371922e-06,5.6118494641204576e-05,9.532947369371922e-06
4048000032,4,11354,1,9.531917609132393e-06,0.00016193114821986214,9.531917609132393e-06
2054140002,2,10465,1,-9.531853344510147e-06,0.00024095861758789873,9.531853344510147e-06
4109720002,4,11412,1,9.52896328832897e-06,0.00010923874733082475,9.52896328832897e-06
2028020032,2,10457,1,9.52430318241516e-06,0.00011740811531554394,9.52430318241516e-06
4131660058,4,11413,1,9.521222021327127e-06,0.00038529135557598224,9.521222021327127e-06
2054120087,2,10465,1,9.511398690888783e-06,0.00012776429938389416,9.511398690888783e-06
4063240014,4,11361,1,9.50959394390184e-06,4.2924539134130105e-05,9.50959394390184e-06
4060860034,4,11361,1,-9.49965950478297e-06,0.00011142912875851831,9.49965950478297e-06
3054920027,3,11204,1,9.487476160786052e-06,1.6937701529198452e-05,9.487476160786052e-06
2054020088,2,10461,1,-9.470492077375636e-06,7.013474230294317e-05,9.470492077375636e-06
4099520049,4,11432,1,-9.441400894165461e-06,0.00018338231786601788,9.441400894165461e-06
4115990006,4,11420,1,-9.387772572011075e-06,0.00019551989339893205,9.387772572011075e-06
4091200019,4,11417,1,-9.383462848385542e-06,0.00013525075019177134,9.383462848385542e-06
4075090075,4,11364,1,-9.377053504555125e-06,0.00016695074773206487,9.377053504555125e-06
4074150012,4,11364,1,9.363044357160635e-06,0.0006678671581408159,9.363044357160635e-06
4037830018,4,11379,1,-9.362936166847964e-06,8.202795477354936e-05,9.362936166847964e-06
4040880034,4,11356,1,-9.360128082165918e-06,0.00016424549016193693,9.360128082165918e-06
2028790145,2,10453,1,-9.358726751295483e-06,0.00016910211567080504,9.358726751295483e-06
3074100104,3,11229,1,-9.354598305499739e-06,0.00019954997552336487,9.354598305499739e-06
4074630034,4,11364,1,-9.348917612957958e-06,0.0002483039669904755,9.348917612957958e-06
3040060033,3,11208,1,9.33989612527604e-06,0.00023197529395667347,9.33989612527604e-06
2056060158,2,10465,1,-9.336411527406235e-06,7.800121714358535e-05,9.336411527406235e-06
4075160019,4,11364,1,-9.330235749444882e-06,4.0468533470694424e-05,9.330235749444882e-06
4091830015,4,11418,1,9.321320294446802e-06,0.00013583442140380875,9.321320294446802e-06
2058251508,2,10471,1,-9.312119072316373e-06,0.00017611410835685517,9.312119072316373e-06
2058800709,2,10471,1,-9.312119037378368e-06,0.00017611410825494873,9.312119037378368e-06
4109720012,4,11412,1,-9.310580294075942e-06,8.995834433517827e-05,9.310580294075942e-06
4022970027,4,11377,1,9.286486900851469e-06,0.00010796110757672775,9.286486900851469e-06
4157660037,4,11691,1,-9.282261339038789e-06,0.00018825213090774891,9.282261339038789e-06
3075570027,3,11210,1,-9.245704583927081e-06,9.721310978722885e-05,9.245704583927081e-06
4067120105,4,11367,1,-9.221144113892178e-06,0.001060076634877097,9.221144113892178e-06
4089790036,4,11421,1,9.195141777373994e-06,0.00014803911725921214,9.195141777373994e-06
3019930026,3,11238,1,9.190567707711224e-06,0.00012050263104476953,9.190567707711224e-06
3062450010,3,11228,1,-9.177821964721632e-06,5.8189154682858896e-05,9.177821964721632e-06
3072950058,3,11229,1,-9.160007719603301e-06,7.950897859876903e-05,9.160007719603301e-06
4030910073,4,11374,1,-9.15923207847936e-06,8.366067912980058e-05,9.15923207847936e-06
4119780021,4,11436,1,-9.146964217001002e-06,0.0001284048851110271,9.146964217001002e-06
4089470060,4,11421,1,-9.146211352798319e-06,7.789513491401884e-05,9.146211352798319e-06
4037080048,4,11385,1,9.142603171871262e-06,0.0002590064550559175,9.142603171871262e-06
2050400013,2,10466,1,9.123569074095907e-06,0.00015358429888430973,9.123569074095907e-06
4162240058,4,11694,1,9.119483430050658e-06,6.0602723508508035e-05,9.119483430050658e-06
4110990019,4,11429,1,-9.117402600361346e-06,0.00010651588813666177,9.117402600361346e-06
3066470051,3,11223,1,9.098823752987124e-06,0.00014610081720066892,9.098823752987124e-06
4056640013,4,11365,1,9.094231209613099e-06,5.811678765970399e-05,9.094231209613099e-06
4017430130,4,11368,1,9.093067126416143e-06,0.0008296998092217499,9.093067126416143e-06
4069860012,4,11366,1,9.072950372268842e-06,5.9443546740663024e-05,9.072950372268842e-06
4110730003,4,11412,1,-9.072220445240645e-06,0.00013940166924812671,9.072220445240645e-06
4045290034,4,11357,1,9.062987233897964e-06,0.00016917965329045793,9.062987233897964e-06
4140280063,4,11414,1,-9.05723482819045e-06,5.8049223332435633e-05,9.05723482819045e-06
4100510031,4,11435,1,-9.038064632067173e-06,7.229726168715121e-05,9.038064632067173e-06
4159680029,4,11691,1,9.036193981269825e-06,6.606291070548014e-05,9.036193981269825e-06
4095430075,4,11417,1,-9.029596267638427e-06,0.00010587988511812038,9.029596267638427e-06
4102340277,4,11433,1,-9.02577030560184e-06,0.00023698380116215565,9.02577030560184e-06
4118020010,4,11420,1,-9.020964950988356e-06,0.0002756621557747529,9.020964950988356e-06
4112860003,4,11411,1,-9.01996468863775e-06,0.00016046746876776432,9.01996468863775e-06
4073300003,4,11361,1,-9.007905951354017e-06,8.70067559796625e-05,9.007905951354017e-06
2029600145,2,10460,1,-9.001542418400437e-06,0.00021883051596194688,9.001542418400437e-06
2054640046,2,10465,1,-8.993049645485824e-06,0.0005738843373783213,8.993049645485824e-06
3083860065,3,11234,1,-8.98543289381888e-06,0.00019160253967395236,8.98543289381888e-06
3079900048,3,11236,1,8.980726025373378e-06,0.00010805513170057693,8.980726025373378e-06
4160960023,4,11692,1,8.97337199387949e-06,5.972024683888208e-05,8.97337199387949e-06
4037320061,4,11385,1,8.967205536979249e-06,7.924227493461548e-05,8.967205536979249e-06
3059620031,3,11209,1,-8.964614008851498e-06,3.0035248464163665e-05,8.964614008851498e-06
4111270053,4,11429,1,-8.962651250587863e-06,3.1470960568784665e-05,8.962651250587863e-06
4060330050,4,11361,1,8.961069136906106e-06,0.00016762970832227863,8.961069136906106e-06
2055000002,2,10465,1,-8.959201362324098e-06,0.00012571150405257635,8.959201362324098e-06
3016510030,3,11221,1,8.958333737850792e-06,0.0003751044648112118,8.958333737850792e-06
3073270013,3,11229,1,-8.956187998719074e-06,0.00012090399625129251,8.956187998719074e-06
3085920063,3,11234,1,-8.946821308512426e-06,3.947080109402838e-05,8.946821308512426e-06
3057830039,3,11220,1,8.937473032106511e-06,0.0001482867230674495,8.937473032106511e-06
4089050027,4,11421,1,8.92691498977857e-06,9.878207421453602e-05,8.92691498977857e-06
3060040142,3,11209,1,8.924326331128743e-06,2.1472678869525075e-05,8.924326331128743e-06
4116490001,4,11420,1,8.91174445302873e-06,0.00014720978715155892,8.91174445302873e-06
4064870030,4,11367,1,8.903918458871479e-06,6.690554641249129e-05,8.903918458871479e-06
4030130011,4,11379,1,8.899178011267196e-06,5.3453395972611814e-05,8.899178011267196e-06
3079080078,3,11236,1,-8.890790348536543e-06,0.00012791125586426684,8.890790348536543e-06
2050990052,2,10466,1,-8.881257677815044e-06,8.882463297834987e-05,8.881257677815044e-06
2048750026,2,10466,1,-8.870900658300161e-06,0.0002907247992584346,8.870900658300161e-06
2046110041,2,10469,1,8.857670757547987e-06,8.567505452660644e-05,8.857670757547987e-06
3082740028,3,11236,1,-8.857350601963548e-06,0.00019475024640039314,8.857350601963548e-06
4161960008,4,11694,1,8.840959396541324e-06,3.716680631252118e-05,8.840959396541324e-06
3069580035,3,11224,1,8.840776318224694e-06,0.000533080565476948,8.840776318224694e-06
4081200056,4,11363,1,8.838645222498235e-06,0.0004183887940724792,8.838645222498235e-06
4097220005,4,11435,1,8.824052076776931e-06,0.00010384131568488979,8.824052076776931e-06
3056050040,3,11219,1,-8.824020611131395e-06,3.8896592063405506e-05,8.824020611131395e-06
2054090515,2,10465,1,-8.818297640417806e-06,9.048615388095004e-05,8.818297640417806e-06
3050000015,3,11210,1,8.81710868934623e-06,0.0004284484939364028,8.81710868934623e-06
3050000016,3,11210,1,8.81710868934623e-06,0.0004284484939364028,8.81710868934623e-06
3018300047,3,11221,1,8.805632229494771e-06,7.638000709957551e-05,8.805632229494771e-06
3071300076,3,11223,1,8.788475840219181e-06,3.631617245946359e-05,8.788475840219181e-06
3011440045,3,11238,1,-8.784821807737522e-06,0.0004404936639946384,8.784821807737522e-06
3013760017,3,11213,1,-8.766606444807643e-06,0.00011293511427389604,8.766606444807643e-06
4071070007,4,11365,1,8.754157280215108e-06,0.00017503111085512854,8.754157280215108e-06
4063670054,4,11355,1,8.735586151582199e-06,0.00014196916977240155,8.735586151582199e-06
3085950007,3,11234,1,8.723284892431424e-06,8.39733565245355e-05,8.723284892431424e-06
4105410083,4,11428,1,-8.71992017474227e-06,9.373171948764798e-05,8.71992017474227e-06
2041290004,2,10461,1,8.716222349986882e-06,0.00014014273178896046,8.716222349986882e-06
4102910023,4,11433,1,-8.710406045656482e-06,0.00013279941159807638,8.710406045656482e-06
2034480011,2,10473,1,-8.700901724181634e-06,7.718835185887958e-05,8.700901724181634e-06
2054660034,2,10465,1,8.67413603941028e-06,8.178860612986681e-05,8.67413603941028e-06
4117680086,4,11420,1,-8.64745031801833e-06,0.0005130200137948421,8.64745031801833e-06
3016260032,3,11221,1,-8.633734268965534e-06,0.00011496986470554114,8.633734268965534e-06
2040180050,2,10460,1,8.626986990415024e-06,0.00019220397570217135,8.626986990415024e-06
3017680020,3,11206,1,8.618619008091246e-06,2.0676354652640653e-05,8.618619008091246e-06
4141910013,4,11414,1,-8.605985996362807e-06,0.00032733081633105996,8.605985996362807e-06
3080750057,3,11236,1,-8.603784658650641e-06,6.803567150113311e-05,8.603784658650641e-06
3033680046,3,11221,1,8.590712754578053e-06,3.960815539385255e-05,8.590712754578053e-06
3078400006,3,11234,1,-8.54769487317685e-06,4.826097178254121e-05,8.54769487317685e-06
3085060055,3,11234,1,8.541064495521176e-06,6.727079675527947e-05,8.541064495521176e-06
4029880037,4,11379,1,-8.530288177191895e-06,0.00012750245602661975,8.530288177191895e-06
4024920161,4,11373,1,-8.526008752629168e-06,0.0004109755996549384,8.526008752629168e-06
4010900027,4,11369,1,-8.520734124461201e-06,0.00030700044463226886,8.520734124461201e-06
4030390030,4,11379,1,-8.520427908490146e-06,3.2364891459871366e-05,8.520427908490146e-06
4123160011,4,11434,1,8.511388685939964e-06,0.000887214747399079,8.511388685939964e-06
4121630034,4,11433,1,8.49323580074246e-06,0.00023496864409219733,8.49323580074246e-06
3067900036,3,11229,1,-8.486600210364355e-06,0.0001979226841990357,8.486600210364355e-06
3010270057,3,11215,1,-8.4805422077493e-06,5.347916981047069e-05,8.4805422077493e-06
2025540037,2,10454,1,-8.47068474294102e-06,5.8155262177510416e-05,8.47068474294102e-06
4049350028,4,11358,1,-8.463170391536247e-06,0.00022690917082557219,8.463170391536247e-06
2029640005,2,10459,1,-8.436869101621538e-06,8.969022880296024e-05,8.436869101621538e-06
4126860075,4,11413,1,8.43095655752621e-06,0.0001628787154540794,8.43095655752621e-06
4052920052,4,11358,1,8.428195477492555e-06,6.115388420818515e-05,8.428195477492555e-06
4082210162,4,11362,1,-8.422900568967752e-06,0.00012764385010123147,8.422900568967752e-06
4098410046,4,11432,1,8.404076196524523e-06,1.8368165235838464e-05,8.404076196524523e-06
2053870047,2,10461,1,8.40071441201331e-06,6.464451315232574e-05,8.40071441201331e-06
4046540007,4,11357,1,-8.390371803453969e-06,0.00015443929102936437,8.390371803453969e-06
4054510014,4,11358,1,8.384911532879093e-06,0.00025574224464511595,8.384911532879093e-06
3084100027,3,11234,1,8.38453581793169e-06,0.00014229576810569753,8.38453581793169e-06
3014360025,3,11233,1,-8.382001099657842e-06,4.969811776934767e-05,8.382001099657842e-06
4049290011,4,11358,1,-8.34895227660573e-06,0.00014697955326733946,8.34895227660573e-06
3017930026,3,11216,1,8.341542698895148e-06,3.272886663932003e-05,8.341542698895148e-06
4129950053,4,11434,1,8.33976746459659e-06,3.17225489291291e-05,8.33976746459659e-06
4031310010,4,11374,1,-8.326122830929972e-06,6.596735131025384e-05,8.326122830929972e-06
4101900013,4,11433,1,8.323165532837828e-06,4.218904395728674e-05,8.323165532837828e-06
3065140055,3,11230,1,8.320389279795361e-06,5.370126683374091e-05,8.320389279795361e-06
2054170156,2,10465,1,-8.319428125013629e-06,0.0001655632503596363,8.319428125013629e-06
4120500051,4,11436,1,-8.314001724052474e-06,0.00012607197487090425,8.314001724052474e-06
3026520034,3,11222,1,-8.313580756417262e-06,0.00018223796445643594,8.313580756417262e-06
3038550105,3,11212,1,-8.312808740183147e-06,0.000345654092313253,8.312808740183147e-06
3057910046,3,11220,1,8.308062310878597e-06,9.371675061964238e-05,8.308062310878597e-06
4126210017,4,11412,1,-8.305893545752485e-06,0.00021828112319471178,8.305893545752485e-06
4133120085,4,11434,1,8.294532039805447e-06,6.172990111658149e-05,8.294532039805447e-06
4036780026,4,11385,1,-8.2878395595746e-06,0.0001029622607237283,8.2878395595746e-06
2039750022,2,10461,1,8.277038343147143e-06,8.965720396379399e-05,8.277038343147143e-06
4121520069,4,11433,1,-8.273721921317897e-06,9.246257923104206e-05,8.273721921317897e-06
2053960022,2,10461,1,8.261221796113005e-06,0.00010848040385087119,8.261221796113005e-06
4130910022,4,11413,1,-8.257838458127756e-06,1.0374569042409553e-05,8.257838458127756e-06
2046040015,2,10467,1,-8.253051085622087e-06,9.853696086170699e-05,8.253051085622087e-06
4026450023,4,11378,1,8.24856543406687e-06,0.00018284515184426245,8.24856543406687e-06
4115960016,4,11420,1,8.24258844182614e-06,0.00016039249787148634,8.24258844182614e-06
4059580132,4,11360,1,-8.240438286237534e-06,6.621020032593363e-05,8.240438286237534e-06
3048590012,3,11203,1,8.22444575818845e-06,3.6059394870259755e-05,8.22444575818845e-06
3076780030,3,11210,1,-8.22295523241926e-06,0.00018811434714307768,8.22295523241926e-06
4089230049,4,11421,1,-8.216490888345178e-06,0.0005242146342120334,8.216490888345178e-06
3085400012,3,11234,1,-8.21247771815661e-06,8.974591490413498e-05,8.21247771815661e-06
4128930090,4,11413,1,-8.208604595806394e-06,4.454232022021349e-05,8.208604595806394e-06
4102520029,4,11433,1,-8.188407466996457e-06,0.00012154038968465773,8.188407466996457e-06
3033050060,3,11221,1,-8.185552891924335e-06,0.0001023707756451257,8.185552891924335e-06
4036100044,4,11385,1,8.184831742268551e-06,0.00010243075401544338,8.184831742268551e-06
3085280017,3,11234,1,-8.179180547170405e-06,3.0717773042663585e-05,8.179180547170405e-06
3011300040,3,11238,1,8.174600520351845e-06,0.00028395694379679205,8.174600520351845e-06
4018340059,4,11373,1,8.157825658820322e-06,0.00020276545810689935,8.157825658820322e-06
2029890010,2,10460,1,-8.147878991652043e-06,3.6694797900928364e-05,8.147878991652043e-06
4013330009,4,11377,1,-8.14731396982844e-06,7.553052849740287e-05,8.14731396982844e-06
3039330038,3,11207,1,8.137293646405682e-06,0.00011854615997619818,8.137293646405682e-06
2045200010,2,10469,1,-8.134057440568546e-06,4.70426322690814e-05,8.134057440568546e-06
4060960013,4,11361,1,8.114999608626935e-06,0.00016003491023401474,8.114999608626935e-06
2034360116,2,10473,1,-8.105880753588171e-06,0.00011756659685325603,8.105880753588171e-06
4091600221,4,11417,1,8.101628230656305e-06,0.00011810831528944184,8.101628230656305e-06
4028420068,4,11378,1,8.094563666731734e-06,0.00020965007639949437,8.094563666731734e-06
4031020085,4,11374,1,-8.093215897122867e-06,7.602363925881767e-06,8.093215897122867e-06
4067250048,4,11365,1,-8.082023061708267e-06,0.0001312261012989591,8.082023061708267e-06
4070290021,4,11432,1,-8.071650752818935e-06,3.345677645916504e-05,8.071650752818935e-06
4032140052,4,11375,1,-8.067829074654372e-06,0.0001804137093894015,8.067829074654372e-06
3083650063,3,11234,1,-8.055987226508689e-06,0.00017619845555715577,8.055987226508689e-06
4027980143,4,11378,1,8.055340178654634e-06,2.7631504271443985e-05,8.055340178654634e-06
3013340068,3,11213,1,8.04936458698633e-06,0.00018191731551640025,8.04936458698633e-06
4015230044,4,11373,1,-8.038360101265972e-06,0.00013133492166980822,8.038360101265972e-06
4127420057,4,11411,1,-8.020398784981517e-06,0.00022653292318458625,8.020398784981517e-06
4125380130,4,11434,1,8.007962252139084e-06,4.305800786612722e-05,8.007962252139084e-06
4126130029,4,11412,1,8.003614811984498e-06,0.00014116133140712678,8.003614811984498e-06
3044800145,3,11208,1,-8.001754065734157e-06,9.534461587677879e-05,8.001754065734157e-06
2038720019,2,10472,1,7.994654015479038e-06,6.087882695196956e-05,7.994654015479038e-06
4103530185,4,11423,1,-7.99313312049538e-06,0.00015336876610112698,7.99313312049538e-06
3057000040,3,11220,1,7.988736861254272e-06,5.7246857986746774e-05,7.988736861254272e-06
3012010045,3,11216,1,-7.978787324609893e-06,9.509803825431565e-05,7.978787324609893e-06
4131470039,4,11413,1,-7.977148916920326e-06,7.998310548092784e-05,7.977148916920326e-06
4030340019,4,11379,1,-7.976921590453724e-06,0.00010834307246860055,7.976921590453724e-06
4101300012,4,11433,1,-7.95909479287844e-06,0.0003268345369771819,7.95909479287844e-06
3078220071,3,11234,1,-7.941341602365453e-06,6.220401987563766e-05,7.941341602365453e-06
2050830065,2,10470,1,-7.936047218488867e-06,8.557563857771159e-05,7.936047218488867e-06
4121600025,4,11433,1,-7.934164180767769e-06,0.00011812754480117648,7.934164180767769e-06
3043590057,3,11207,1,7.929047730818136e-06,3.0803466922022364e-05,7.929047730818136e-06
4040280014,4,11356,1,7.922014387818397e-06,0.00011377249261062332,7.922014387818397e-06
4117490034,4,11420,1,7.921163519978182e-06,0.00013332951007595308,7.921163519978182e-06
2044660119,2,10469,1,7.9181420609469e-06,0.0001478017624984006,7.9181420609469e-06
3073030073,3,11229,1,-7.902274407351181e-06,0.0005079710303957069,7.902274407351181e-06
4046680038,4,11357,1,7.899510221338893e-06,2.486538870404825e-05,7.899510221338893e-06
3049750013,3,11203,1,7.895909360127887e-06,5.1960644207894505e-05,7.895909360127887e-06
4054190033,4,11358,1,-7.888813846340996e-06,8.977832887187826e-05,7.888813846340996e-06
3054760035,3,11204,1,-7.884085897510683e-06,7.626356814318907e-05,7.884085897510683e-06
4114730030,4,11417,1,-7.877849880883947e-06,9.814232373086267e-05,7.877849880883947e-06
3085000075,3,11234,1,-7.87616140904389e-06,6.691122989590683e-05,7.87616140904389e-06
3039770026,3,11207,1,7.874176795388333e-06,3.095626119254308e-05,7.874176795388333e-06
3033760017,3,11221,1,7.850547221823098e-06,0.00033799907033749566,7.850547221823098e-06
4054500036,4,11358,1,7.843627221633387e-06,0.00010664664368388645,7.843627221633387e-06
3016870039,3,11233,1,7.843024731370319e-06,0.00010064960185478834,7.843024731370319e-06
4086220082,4,11001,1,-7.840948690704482e-06,0.00018005780539008482,7.840948690704482e-06
4088000050,4,11001,1,-7.840948673298637e-06,0.00018005780536102382,7.840948673298637e-06
3008730034,3,11215,1,-7.839308170642126e-06,3.054463984970916e-05,7.839308170642126e-06
4116520037,4,11420,1,-7.804797855307143e-06,5.6168357490441595e-05,7.804797855307143e-06
4011680071,4,11370,1,7.800880500544918e-06,0.0006748596186171172,7.800880500544918e-06
4047500069,4,11357,1,-7.793512893388174e-06,4.283063988756719e-05,7.793512893388174e-06
4087920025,4,11001,1,7.78976322331794e-06,0.00032433924345115446,7.78976322331794e-06
4071810072,4,11366,1,-7.788209048454214e-06,0.00019802516025234083,7.788209048454214e-06
2044750046,2,10469,1,-7.786508201606124e-06,5.166189142379662e-05,7.786508201606124e-06
3049480037,3,11226,1,7.785752244324963e-06,0.00010727273236340995,7.785752244324963e-06
4013130020,4,11377,1,-7.784864722053006e-06,0.00019681528867029606,7.784864722053006e-06
4117210058,4,11420,1,7.784853857662454e-06,5.34249718306158e-05,7.784853857662454e-06
4025560075,4,11378,1,7.776372990262115e-06,0.0002292038862655848,7.776372990262115e-06
3077510008,3,11234,1,7.77478492376788e-06,0.0001072438381912523,7.77478492376788e-06
4131570040,4,11413,1,7.76363517557017e-06,0.00011594048360440997,7.76363517557017e-06
4031860042,4,11375,1,-7.751081085731636e-06,2.0962341612434785e-05,7.751081085731636e-06
2036090001,2,10473,1,-7.743091839982993e-06,0.00016174298459808528,7.743091839982993e-06
4086380064,4,11426,1,7.73216303904564e-06,0.00018674576104070936,7.73216303904564e-06
2046620059,2,10467,1,-7.73209832769395e-06,8.447903782454435e-05,7.73209832769395e-06
3083660197,3,11234,1,7.731371280435488e-06,2.7068129101871885e-05,7.731371280435488e-06
4029810030,4,11379,1,-7.712467306214002e-06,6.215729996124673e-05,7.712467306214002e-06
3084840055,3,11234,1,-7.706696764484304e-06,0.00019991682364809725,7.706696764484304e-06
3038470140,3,11212,1,7.694451927007221e-06,2.7197865706057734e-05,7.694451927007221e-06
3081480007,3,11236,1,-7.68017815777078e-06,5.039001376972491e-05,7.68017815777078e-06
3084650012,3,11234,1,-7.668489388459023e-06,6.843526475140586e-05,7.668489388459023e-06
3063050075,3,11228,1,7.65870718195081e-06,0.00010559854158353585,7.65870718195081e-06
2044620011,2,10469,1,7.65517564707169e-06,8.152561120903591e-05,7.65517564707169e-06
3008070022,3,11220,1,7.64031226885198e-06,2.545739229351012e-05,7.64031226885198e-06
4086000047,4,11426,1,7.633320810091628e-06,0.00015489599557212233,7.633320810091628e-06
3051600041,3,11226,1,-7.629881457904997e-06,0.00021210141526223776,7.629881457904997e-06
4154520015,4,11693,1,-7.620237373010728e-06,2.5367486156877074e-05,7.620237373010728e-06
2045960053,2,10467,1,-7.617146151577243e-06,0.00016375719577428,7.617146151577243e-06
3018140043,3,11216,2,7.616357843893941e-06,0.00030294544988773887,7.616357843893941e-06
4110270321,4,11411,1,7.612520833039194e-06,4.103608201673771e-05,7.612520833039194e-06
2044810070,2,10469,1,7.612291350399388e-06,0.00022435266869894106,7.612291350399388e-06
3068950010,3,11214,1,-7.6065246357258145e-06,3.226425944173502e-05,7.6065246357258145e-06
4072670016,4,11423,1,7.6026155032590336e-06,7.82078641690283e-05,7.6026155032590336e-06
3018240021,3,11216,1,7.5990584631935585e-06,0.00011349809808959961,7.5990584631935585e-06
4055480023,4,11358,1,-7.595366454530404e-06,8.909818039457443e-05,7.595366454530404e-06
4154520017,4,11693,1,-7.577821373433157e-06,6.550146389420168e-05,7.577821373433157e-06
4069780011,4,11366,1,-7.577343877403705e-06,0.0002488182290444671,7.577343877403705e-06
4070080078,4,11366,1,-7.577343859794003e-06,0.00024881822914117526,7.577343859794003e-06
4047350009,4,11357,1,-7.569438128721786e-06,0.00015068972980890143,7.569438128721786e-06
3009310034,3,11217,1,-7.564588830830912e-06,0.0002522338569663441,7.564588830830912e-06
4039370022,4,11356,1,7.564242873127408e-06,0.00011952561150459618,7.564242873127408e-06
4089150068,4,11421,1,7.561934404670565e-06,9.627078614655202e-05,7.561934404670565e-06
4089350027,4,11421,1,-7.549032547249217e-06,0.00045230503400460676,7.549032547249217e-06
2043130023,2,10461,1,-7.535684674079839e-06,0.00021929304396377188,7.535684674079839e-06
4136410077,4,11422,1,-7.534416754122491e-06,0.00010874234586205015,7.534416754122491e-06
4112930008,4,11411,1,7.532947236758188e-06,6.757660370199626e-05,7.532947236758188e-06
3040870127,3,11207,1,-7.528719485939271e-06,7.479376006133246e-05,7.528719485939271e-06
4120430084,4,11436,1,7.52097602192231e-06,0.0001135151551831413,7.52097602192231e-06
4084440120,4,11004,1,-7.506758753633466e-06,0.0001340454666290163,7.506758753633466e-06
4040010029,4,11356,1,7.505413517543534e-06,0.0001936617983574789,7.505413517543534e-06
3003390146,3,11231,1,-7.499602134995312e-06,0.00011857133285499724,7.499602134995312e-06
4089420046,4,11421,1,-7.483465211565608e-06,7.358149587299394e-05,7.483465211565608e-06
4108290022,4,11423,1,-7.4807149137580975e-06,4.169512719408008e-05,7.4807149137580975e-06
2041030017,2,10461,1,-7.47836630723974e-06,3.542616747517637e-05,7.47836630723974e-06
4156140036,4,11691,1,7.476994691823931e-06,2.2895685602224492e-05,7.476994691823931e-06
4105750025,4,11427,1,-7.474477237903469e-06,0.00010414633315559137,7.474477237903469e-06
3077960055,3,11234,1,7.464108497302993e-06,5.7030026712257e-05,7.464108497302993e-06
2042260179,2,10461,1,7.45575055480618e-06,7.81247869550537e-05,7.45575055480618e-06
4013740019,4,11369,1,7.454176813450069e-06,0.0001973974317096899,7.454176813450069e-06
3023860003,3,11211,1,-7.443617650165863e-06,1.590128355697671e-05,7.443617650165863e-06
3022200049,3,11211,1,-7.443617518030438e-06,1.5901283278131237e-05,7.443617518030438e-06
2047110055,2,10469,1,7.4172079811849055e-06,0.00015994924006488612,7.4172079811849055e-06
4157370033,4,11691,1,-7.4117959289526905e-06,5.34067296198335e-05,7.4117959289526905e-06
2042760023,2,10461,1,-7.4067444642785215e-06,0.00014765696804565524,7.4067444642785215e-06
4113640041,4,11417,1,7.377538660883011e-06,0.00032383971780054315,7.377538660883011e-06
4055440033,4,11361,1,-7.374462486005826e-06,0.00013328150898182803,7.374462486005826e-06
3049730003,3,11203,1,7.37441629209649e-06,3.46368425742739e-05,7.37441629209649e-06
4079740064,4,11426,1,-7.36199066939762e-06,0.0001650853853548934,7.36199066939762e-06
3049940052,3,11210,1,-7.3548576726987135e-06,8.71498160809656e-05,7.3548576726987135e-06
4135790085,4,11422,1,7.348069325352549e-06,0.0001073120038547951,7.348069325352549e-06
2033510018,2,10467,1,7.337042911152253e-06,2.2403777073373932e-05,7.337042911152253e-06
4110130036,4,11412,1,7.3319733247485625e-06,6.697243286265059e-05,7.3319733247485625e-06
4095160022,4,11419,1,-7.323777366760162e-06,0.00016196373465169752,7.323777366760162e-06
4016300019,4,11368,1,7.312625547671192e-06,4.102346116496253e-05,7.312625547671192e-06
4106670007,4,11427,1,-7.300381559100912e-06,7.944681218092248e-05,7.300381559100912e-06
2044810119,2,10469,1,-7.298535766607774e-06,4.753946349195232e-05,7.298535766607774e-06
3009220052,3,11232,1,-7.292393467148969e-06,3.262841514319503e-05,7.292393467148969e-06
4013850027,4,11369,1,7.289116164304322e-06,7.272955614985447e-05,7.289116164304322e-06
4091600224,4,11417,1,7.288608088756851e-06,0.00027565732123388444,7.288608088756851e-06
3017690025,3,11206,1,-7.284822683089835e-06,0.0001070131451417856,7.284822683089835e-06
4030930078,4,11374,1,-7.284071845470858e-06,1.749522868344127e-05,7.284071845470858e-06
4072570029,4,11432,1,7.284015250541888e-06,0.00011168990529123468,7.284015250541888e-06
3034150008,3,11207,1,-7.280084676073948e-06,8.649944290713053e-05,7.280084676073948e-06
2056010037,2,10465,1,-7.26599864376014e-06,5.669335692120599e-05,7.26599864376014e-06
2046970046,2,10469,1,7.264700326363465e-06,6.372853132730513e-05,7.264700326363465e-06
3083840080,3,11234,1,-7.2619973471648655e-06,0.00022615518154045825,7.2619973471648655e-06
3018680023,3,11216,1,7.257209740817495e-06,0.00014211821954347403,7.257209740817495e-06
4134550062,4,11413,1,-7.245318092905569e-06,0.00021039328939707067,7.245318092905569e-06
4091510061,4,11417,1,-7.234031715652253e-06,0.00011894268622761235,7.234031715652253e-06
4127020073,4,11413,1,-7.2228756534467874e-06,0.00014833807441474374,7.2228756534467874e-06
4013800009,4,11370,1,7.211799135528649e-06,6.762928717923768e-05,7.211799135528649e-06
4105560029,4,11428,1,-7.207710118939014e-06,4.837034198738965e-05,7.207710118939014e-06
4047990033,4,11354,1,-7.197402933709708e-06,0.00012374058029067917,7.197402933709708e-06
4087850033,4,11001,1,7.1847577436521035e-06,7.888031067849801e-05,7.1847577436521035e-06
3068690060,3,11214,1,-7.168321136277651e-06,0.0001498666834755192,7.168321136277651e-06
2044800018,2,10469,1,7.1609027972445e-06,0.000494530098649943,7.1609027972445e-06
2032120094,2,10468,1,-7.159623942825086e-06,0.00013671741942705452,7.159623942825086e-06
2055260035,2,10465,1,7.153139721906536e-06,6.0192830162880044e-05,7.153139721906536e-06
3059690056,3,11209,1,7.145471117065932e-06,0.0001072619752160276,7.145471117065932e-06
4078150023,4,11427,1,-7.143547720323926e-06,0.000540625504147588,7.143547720323926e-06
4107690001,4,11429,1,-7.130764424629071e-06,6.77496767058977e-05,7.130764424629071e-06
2034690035,2,10473,1,7.127035414362718e-06,4.2674476957141905e-05,7.127035414362718e-06
4048470014,4,11357,1,-7.123237530037386e-06,0.00010989987629057209,7.123237530037386e-06
4126480022,4,11412,1,-7.121807374540289e-06,0.00015598885471521115,7.121807374540289e-06
3054250025,3,11230,1,-7.118734871437776e-06,0.00015210713826813862,7.118734871437776e-06
4131880045,4,11422,1,-7.114939591419898e-06,0.00014016507972778686,7.114939591419898e-06
4067560103,4,11365,1,7.100172178960769e-06,4.226790635422832e-05,7.100172178960769e-06
3049590038,3,11203,1,7.096557044228742e-06,7.703053227605758e-05,7.096557044228742e-06
2030390063,2,10458,1,-7.094155544497431e-06,0.00012506645405709906,7.094155544497431e-06
3061960039,3,11204,1,7.092479100648212e-06,0.00027324354378122095,7.092479100648212e-06
4055120004,4,11358,1,-7.0912028366449975e-06,0.00016511904105455936,7.0912028366449975e-06
2055340049,2,10465,1,7.083009579137257e-06,3.943558711773585e-05,7.083009579137257e-06
4115590015,4,11417,1,7.082191564546713e-06,0.00023040343145931588,7.082191564546713e-06
2043070019,2,10461,1,-7.074661057439102e-06,4.030274858342068e-05,7.074661057439102e-06
3074410507,3,11235,1,-7.063390837846729e-06,0.00023570633549918133,7.063390837846729e-06
3038560123,3,11212,1,-7.062186561421108e-06,0.00011851479895000339,7.062186561421108e-06
3085330036,3,11234,1,7.0528779771623736e-06,0.0006286377061822827,7.0528779771623736e-06
2037760022,2,10472,1,-7.050650185741256e-06,9.013295276989888e-05,7.050650185741256e-06
4067090042,4,11367,1,7.0400929567760745e-06,6.273217350509666e-05,7.0400929567760745e-06
4076120036,4,11364,1,7.039297308902632e-06,0.00023525948201091865,7.039297308902632e-06
4077970098,4,11427,1,-7.027264107861197e-06,7.741159219655419e-05,7.027264107861197e-06
4087990017,4,11001,1,-7.018274363373648e-06,0.00011302078184646969,7.018274363373648e-06
4088110003,4,11001,1,-7.01827434482267e-06,0.00011302078159241083,7.01827434482267e-06
3006850038,3,11232,1,-7.0176126006188096e-06,0.00032312241178848305,7.0176126006188096e-06
3009140064,3,11232,1,-7.017612527871146e-06,0.00032312241162376395,7.017612527871146e-06
3077200070,3,11234,1,7.014948568890297e-06,0.00017837186261009845,7.014948568890297e-06
2033800084,2,10470,1,-7.013286197265538e-06,2.7492598979753953e-05,7.013286197265538e-06
4070390014,4,11432,1,7.011351169626756e-06,8.926868580167311e-05,7.011351169626756e-06
4116780009,4,11420,1,-6.9967491003086555e-06,0.0006664538460896376,6.9967491003086555e-06
4013720077,4,11369,1,6.994946351292999e-06,0.00013043812999580492,6.994946351292999e-06
4059950069,4,11360,1,6.9947092823054745e-06,0.000481910083535374,6.9947092823054745e-06
3087550089,3,11235,1,-6.97698904235128e-06,0.0001451697068210073,6.97698904235128e-06
2055970077,2,10465,1,-6.974922078977261e-06,3.7041249021841816e-05,6.974922078977261e-06
4023820054,4,11378,1,6.974521514289141e-06,0.00016018885425962906,6.974521514289141e-06
4072140004,4,11366,1,-6.9684793986899815e-06,7.634243798784235e-05,6.9684793986899815e-06
3081150022,3,11236,1,-6.966157463286846e-06,7.147852109058296e-05,6.966157463286846e-06
4107440024,4,11428,1,-6.9410811687561495e-06,9.769064057947246e-05,6.9410811687561495e-06
4121900069,4,11434,1,6.919018596972357e-06,1.8326770284815818e-05,6.919018596972357e-06
4117580012,4,11420,1,-6.918577935163917e-06,0.00022299694220095614,6.918577935163917e-06
2054330151,2,10465,1,-6.917842153385312e-06,0.00016081142770600087,6.917842153385312e-06
4063530045,4,11355,1,6.9152637896673615e-06,0.0003349094581179366,6.9152637896673615e-06
3054220014,3,11230,1,6.911536553745514e-06,1.9522580667557393e-05,6.911536553745514e-06
2055190105,2,10465,1,-6.9085207580149545e-06,0.00025382624095562467,6.9085207580149545e-06
4089460025,4,11421,1,6.899876356769909e-06,0.0008466658630440716,6.899876356769909e-06
3055880015,3,11218,1,-6.897443573396046e-06,0.0003098784707432459,6.897443573396046e-06
3042620029,3,11208,1,6.892327212059959e-06,2.9920457855763975e-05,6.892327212059959e-06
3062340079,3,11228,1,6.877093881638992e-06,6.624026352339182e-05,6.877093881638992e-06
4064100014,4,11367,1,-6.867718820849197e-06,9.030732454109684e-05,6.867718820849197e-06
4089990026,4,11416,1,6.866454744238532e-06,2.2727330801857198e-05,6.866454744238532e-06
4079180072,4,11427,1,6.865140239770806e-06,0.0002556083229436244,6.865140239770806e-06
2046840018,2,10469,1,6.8645103633742044e-06,0.00012332599406262825,6.8645103633742044e-06
4041990031,4,11356,1,-6.857235140156487e-06,9.362050617935756e-05,6.857235140156487e-06
4011200017,4,11370,1,-6.853587002862142e-06,0.0004418983329499127,6.853587002862142e-06
4035040036,4,11385,1,-6.850529564543305e-06,0.00021622032369444653,6.850529564543305e-06
4087420149,4,11004,1,-6.84107600719003e-06,9.774287844887153e-05,6.84107600719003e-06
3038340035,3,11207,1,6.831378035191529e-06,0.00018461340817583604,6.831378035191529e-06
4095770029,4,11419,1,6.815764186647518e-06,7.22426939723817e-05,6.815764186647518e-06
4092900001,4,11418,1,-6.804299501752867e-06,0.0001852883305633938,6.804299501752867e-06
4137690060,4,11422,1,6.8019410588974065e-06,0.00023199446511506518,6.8019410588974065e-06
4089470028,4,11421,1,6.7893789312149165e-06,7.636392450371532e-05,6.7893789312149165e-06
2048350012,2,10466,1,-6.7880179211948576e-06,0.0003278648328925363,6.7880179211948576e-06
4112190040,4,11429,1,6.781964725916318e-06,8.699797772308866e-05,6.781964725916318e-06
4155490200,4,11691,1,-6.76330011582005e-06,0.00014698759664030648,6.76330011582005e-06
3061070096,3,11209,1,6.761946325335963e-06,2.867485690329004e-05,6.761946325335963e-06
4160890034,4,11692,1,6.757004735136169e-06,0.0005439871232480285,6.757004735136169e-06
4101730028,4,11433,1,6.754323422560102e-06,0.0001092508023924938,6.754323422560102e-06
4123320138,4,11434,1,-6.754096657456019e-06,6.376672626185321e-05,6.754096657456019e-06
4042020016,4,11356,1,-6.7519717984178925e-06,0.0001118982826104337,6.7519717984178925e-06
4075270024,4,11364,1,6.726379845469934e-06,8.835921874260778e-05,6.726379845469934e-06
3040610016,3,11207,1,6.714990102553857e-06,0.0001614018155872708,6.714990102553857e-06
3077560015,3,11234,1,-6.709827015905958e-06,5.769783207768099e-05,6.709827015905958e-06
3078590033,3,11234,1,-6.708935385939907e-06,6.999159630759293e-05,6.708935385939907e-06
4114930047,4,11417,1,6.697948485232355e-06,8.611469030855963e-05,6.697948485232355e-06
4024210032,4,11377,1,6.69054136703583e-06,8.316221270665696e-05,6.69054136703583e-06
4125850072,4,11434,1,-6.688855269176027e-06,8.660248256374943e-05,6.688855269176027e-06
4076080143,4,11364,1,6.688464111886795e-06,6.062095985466775e-05,6.688464111886795e-06
4119750038,4,11436,1,-6.686267815894624e-06,2.5679080041398967e-05,6.686267815894624e-06
3006730134,3,11232,1,6.685646941243562e-06,0.00017146021838494114,6.685646941243562e-06
4130510030,4,11413,1,-6.681456667975459e-06,6.974978375477889e-05,6.681456667975459e-06
4028260019,4,11379,1,-6.671830932655357e-06,0.00010175763384549258,6.671830932655357e-06
4048840025,4,11357,1,6.665047604481112e-06,8.389021627090327e-06,6.665047604481112e-06
2055970011,2,10465,1,-6.65559971079702e-06,0.0001088327342913191,6.65559971079702e-06
4045470067,4,11357,1,6.652059836128536e-06,0.00010771576136051566,6.652059836128536e-06
3085970025,3,11234,1,6.647919014562566e-06,0.00012246874658765753,6.647919014562566e-06
4011540098,4,11377,1,-6.646476539303288e-06,0.00012040870271069553,6.646476539303288e-06
2046820034,2,10469,1,6.641787311462647e-06,0.0002571304879686908,6.641787311462647e-06
2044550016,2,10469,1,-6.636041791090779e-06,4.865245874441929e-05,6.636041791090779e-06
4052570034,4,11358,1,-6.634289451488444e-06,4.316346595886365e-05,6.634289451488444e-06
2042990012,2,10462,1,-6.629646775113646e-06,4.530364007843819e-05,6.629646775113646e-06
3050490027,3,11225,1,-6.626550958174187e-06,3.976450644878505e-05,6.626550958174187e-06
4128680013,4,11413,1,6.608584859661609e-06,0.00021071143995436266,6.608584859661609e-06
4031620036,4,11375,1,6.6011802501154215e-06,0.00021258527278524808,6.6011802501154215e-06
3081610032,3,11236,1,6.595892234547869e-06,2.466590183471294e-05,6.595892234547869e-06
4094160062,4,11419,1,6.594533742770484e-06,7.553976837918841e-05,6.594533742770484e-06
3044760059,3,11208,1,-6.593078409091553e-06,7.22224319436866e-05,6.593078409091553e-06
3013320065,3,11225,1,6.580217663558501e-06,0.0001613133514905516,6.580217663558501e-06
4160470050,4,11692,1,6.565750790486085e-06,0.00016299126596725053,6.565750790486085e-06
3018200073,3,11221,1,6.551502829409102e-06,8.176627913702016e-05,6.551502829409102e-06
4111850004,4,11429,1,6.533082764535244e-06,0.00044816962779288327,6.533082764535244e-06
4057730023,4,11357,1,-6.529488169495929e-06,0.00010470125750362236,6.529488169495929e-06
3034280058,3,11207,1,6.523519609846392e-06,9.985703126353832e-05,6.523519609846392e-06
4037050016,4,11385,1,6.502455064446967e-06,2.2511409854474512e-05,6.502455064446967e-06
2045250021,2,10469,1,-6.485094936443338e-06,5.3515562877537906e-05,6.485094936443338e-06
3034470019,3,11207,1,-6.46935040127815e-06,5.935393441640437e-05,6.46935040127815e-06
3080470066,3,11236,1,-6.4615485688672845e-06,9.757966316899584e-05,6.4615485688672845e-06
4159650009,4,11691,1,6.457946181753191e-06,6.99337122370951e-05,6.457946181753191e-06
4119710001,4,11436,1,6.456867570882004e-06,6.52166862769732e-05,6.456867570882004e-06
4093320036,4,11418,1,6.453920678818775e-06,9.5946253440909e-05,6.453920678818775e-06
2050560022,2,10466,1,6.452261535765166e-06,0.00012050553406812096,6.452261535765166e-06
4069970047,4,11366,1,6.450282890577062e-06,8.064641254143398e-05,6.450282890577062e-06
3059660041,3,11209,1,6.435806370484754e-06,0.00010102319325087805,6.435806370484754e-06
3002100020,3,11201,1,6.432969716014653e-06,4.591205727274135e-05,6.432969716014653e-06
3001700057,3,11201,1,6.43296969858759e-06,4.591205704661806e-05,6.43296969858759e-06
2047450007,2,10469,1,6.426804212474185e-06,0.00013242941234751162,6.426804212474185e-06
4062880010,4,11361,1,6.424180807270514e-06,1.2704420716377893e-05,6.424180807270514e-06
3071770051,3,11223,1,-6.423462897855142e-06,0.000185658346308988,6.423462897855142e-06
4069960032,4,11366,1,-6.414384904354335e-06,6.766274984811931e-05,6.414384904354335e-06
4017530021,4,11368,1,-6.414248467793295e-06,5.0067756265044586e-05,6.414248467793295e-06
4009490041,4,11370,1,-6.401784838760159e-06,0.00021251676042935154,6.401784838760159e-06
4013590001,4,11370,1,-6.401784822973773e-06,0.00021251676020413006,6.401784822973773e-06
2047610029,2,10469,1,-6.399484494476327e-06,0.00019155109310848222,6.399484494476327e-06
4069560066,4,11365,1,-6.396972885684914e-06,4.7252802035411176e-05,6.396972885684914e-06
2029750005,2,10459,1,6.395597085492152e-06,0.00013118267586463296,6.395597085492152e-06
2029610047,2,10459,1,6.395597079555424e-06,0.00013118267590956083,6.395597079555424e-06
4157140140,4,11691,1,6.3944831307129476e-06,6.086459648526919e-05,6.3944831307129476e-06
3014470026,3,11233,1,-6.388200522673726e-06,0.00021840121940384797,6.388200522673726e-06
4052970043,4,11358,1,6.384094114593576e-06,6.16402058387249e-05,6.384094114593576e-06
3005310048,3,11231,1,-6.36957672406692e-06,4.349595503482938e-05,6.36957672406692e-06
4089660039,4,11421,1,6.362822117278648e-06,0.00010516316455782022,6.362822117278648e-06
3076000061,3,11210,1,-6.3621403862835996e-06,4.663295939534923e-05,6.3621403862835996e-06
4071860046,4,11366,1,-6.3550705969744665e-06,0.0005634248490107028,6.3550705969744665e-06
2049830023,2,10466,1,-6.337638129572098e-06,6.03058290945056e-05,6.337638129572098e-06
4044370046,4,11357,1,-6.328648890825312e-06,0.00021121609329313886,6.328648890825312e-06
4087360044,4,11004,1,6.326031624415897e-06,0.00013884364614785434,6.326031624415897e-06
4140290013,4,11414,1,6.321473671113546e-06,9.160545641985868e-05,6.321473671113546e-06
4161250104,4,11693,1,6.321007773526788e-06,0.00011192612573228942,6.321007773526788e-06
2048650009,2,10466,1,-6.3113472971489295e-06,0.00010207514163103847,6.3113472971489295e-06
2027840057,2,10457,1,6.3079898587009e-06,8.522720186438517e-05,6.3079898587009e-06
2050930031,2,10466,1,-6.291773816784727e-06,0.0001726167228718498,6.291773816784727e-06
4120070275,4,11436,1,6.256030793556828e-06,0.00018891145663604424,6.256030793556828e-06
4140460042,4,11414,1,6.253114214480422e-06,4.039265583106075e-05,6.253114214480422e-06
4047530095,4,11357,1,-6.231874713855548e-06,4.680456761011188e-05,6.231874713855548e-06
2033890042,2,10470,1,6.231852072504652e-06,6.644063990903733e-05,6.231852072504652e-06
2033790026,2,10470,1,6.231852069960763e-06,6.644063976308164e-05,6.231852069960763e-06
4042030126,4,11356,1,6.230279524100039e-06,4.9491981801774846e-05,6.230279524100039e-06
2046960009,2,10469,1,6.221621922669962e-06,9.228540566873108e-05,6.221621922669962e-06
3085340062,3,11234,1,6.22046947352656e-06,0.00019286129506805854,6.22046947352656e-06
4105590053,4,11428,1,6.218568252975301e-06,0.00010486180020057846,6.218568252975301e-06
2044670050,2,10469,1,-6.211703966578192e-06,2.8071704478367307e-05,6.211703966578192e-06
4111360048,4,11429,1,-6.199903988139461e-06,4.8578824419931534e-05,6.199903988139461e-06
3038210014,3,11207,1,6.196313942993123e-06,5.3341267758714035e-05,6.196313942993123e-06
3089140012,3,11229,1,6.1959784968100045e-06,0.0002516156982469558,6.1959784968100045e-06
3020980073,3,11217,1,6.190327044098604e-06,0.00022668594758351338,6.190327044098604e-06
2048730058,2,10466,1,-6.175763460214047e-06,0.0002616274931772364,6.175763460214047e-06
2045440014,2,10467,1,-6.169242161931289e-06,9.900400273127357e-05,6.169242161931289e-06
4116180012,4,11420,1,6.167370111935714e-06,7.588270843671714e-05,6.167370111935714e-06
4038720062,4,11385,1,-6.161955086675965e-06,0.0002479869002391758,6.161955086675965e-06
4119970314,4,11436,1,6.158543032185776e-06,8.719130153890111e-05,6.158543032185776e-06
2054270071,2,10465,1,-6.157898992904051e-06,0.000275510729206656,6.157898992904051e-06
4142391193,4,11414,1,-6.154967079151506e-06,0.0002098897209787094,6.154967079151506e-06
3006720023,3,11232,1,6.152768502123944e-06,3.855992888328533e-05,6.152768502123944e-06
3061910022,3,11228,1,-6.1427204364378335e-06,9.206465603012128e-05,6.1427204364378335e-06
4157160049,4,11691,1,-6.1397905569539456e-06,8.376753024462165e-05,6.1397905569539456e-06
3075940080,3,11210,1,-6.135273831753581e-06,3.9059240818026903e-05,6.135273831753581e-06
3064290057,3,11214,1,-6.125726095891471e-06,7.555883107876707e-05,6.125726095891471e-06
4040450018,4,11356,1,-6.118331126188144e-06,4.810235544061397e-05,6.118331126188144e-06
4019680073,4,11368,1,6.110513474253678e-06,0.00011053910857158057,6.110513474253678e-06
3051180052,3,11226,1,-6.109830127307367e-06,3.220645873941056e-05,6.109830127307367e-06
4062790013,4,11361,1,6.105219336742931e-06,3.903682802218258e-05,6.105219336742931e-06
2033870036,2,10470,1,-6.080965477369085e-06,5.625252070385871e-05,6.080965477369085e-06
3041690012,3,11208,1,-6.068217792483277e-06,4.3937188054229317e-05,6.068217792483277e-06
4116940012,4,11420,1,6.067095028879322e-06,7.844634423108247e-05,6.067095028879322e-06
4076670034,4,11364,1,6.047241153745005e-06,4.471330921323696e-05,6.047241153745005e-06
2040960042,2,10462,1,-6.042536140839426e-06,0.0001568590524187501,6.042536140839426e-06
4056020040,4,11358,1,-6.029123726605039e-06,6.729271705461351e-05,6.029123726605039e-06
2056260219,2,10464,1,-6.0276863997316885e-06,2.7502672880342525e-05,6.0276863997316885e-06
4089290160,4,11421,1,-6.021100570747456e-06,0.000228530750773559,6.021100570747456e-06
4047470065,4,11357,1,-6.020393516612359e-06,5.707558973976903e-05,6.020393516612359e-06
2055810114,2,10465,1,-6.01735008509596e-06,0.0001155611684054022,6.01735008509596e-06
3048690030,3,11226,1,6.015821517541395e-06,3.257590579723349e-05,6.015821517541395e-06
4088610080,4,11421,1,6.0100300481356885e-06,6.31733560070502e-05,6.0100300481356885e-06
3025720019,3,11222,1,6.00346854086687e-06,0.00024505928591957615,6.00346854086687e-06
3034470020,3,11207,1,5.994217907399326e-06,0.0002842934703503625,5.994217907399326e-06
4031440019,4,11374,1,-5.988177447747745e-06,2.6409822201934755e-05,5.988177447747745e-06
3081810047,3,11236,1,-5.9872936781847485e-06,5.647017942076306e-05,5.9872936781847485e-06
4091520027,4,11417,1,-5.979293244172147e-06,0.00022342366745317497,5.979293244172147e-06
4024090035,4,11378,1,-5.9777346793333e-06,0.00014137981758061388,5.9777346793333e-06
4008960287,4,11105,1,-5.972917139523797e-06,5.828811786621434e-05,5.972917139523797e-06
3078260034,3,11234,1,-5.971699433875647e-06,0.0001683801794426691,5.971699433875647e-06
4111470006,4,11429,1,-5.967663032716184e-06,0.00016509736992231176,5.967663032716184e-06
2024370036,2,10456,1,-5.963598082494239e-06,8.865633995923421e-05,5.963598082494239e-06
3016170031,3,11221,1,5.960213490886377e-06,1.6851189489689935e-05,5.960213490886377e-06
4119440008,4,11435,1,5.958378819725764e-06,5.4809034901631176e-05,5.958378819725764e-06
2046650004,2,10467,1,5.955013169181078e-06,6.729448957380189e-05,5.955013169181078e-06
2035560001,2,10473,1,5.95461668543511e-06,3.264160356059803e-05,5.95461668543511e-06
4075070010,4,11364,1,-5.953033282419173e-06,0.00010769133235198209,5.953033282419173e-06
4089250004,4,11421,1,5.952829033550007e-06,2.1623609157050925e-05,5.952829033550007e-06
4067230055,4,11355,1,5.938879027729467e-06,0.00023638354744852743,5.938879027729467e-06
4074040093,4,11364,1,-5.937572262018467e-06,0.00011479096537022606,5.937572262018467e-06
4008490024,4,11105,1,5.9305409177161175e-06,0.0001650321560527372,5.9305409177161175e-06
4052740014,4,11358,1,-5.927166695061826e-06,0.000129351817528454,5.927166695061826e-06
4103730032,4,11412,1,5.926725541847267e-06,9.446362284032198e-05,5.926725541847267e-06
2027480012,2,10459,1,5.925956436197492e-06,4.1492446815787706e-05,5.925956436197492e-06
4112810048,4,11411,1,-5.919258082139191e-06,7.93812909503172e-05,5.919258082139191e-06
2040450103,2,10462,1,5.915719730816528e-06,1.9558029735732487e-05,5.915719730816528e-06
3083530033,3,11234,1,5.914731247025247e-06,0.0003896686929438992,5.914731247025247e-06
2032880028,2,10458,1,5.8993869640439055e-06,0.00024203576253655572,5.8993869640439055e-06
3053960025,3,11218,1,5.894382241309798e-06,0.0005200705556092117,5.894382241309798e-06
3019600003,3,11238,1,5.8941014811105156e-06,0.0005999923577913723,5.8941014811105156e-06
3040140033,3,11207,1,-5.8795366325658384e-06,8.649944290713053e-05,5.8795366325658384e-06
4089460034,4,11421,1,5.8738334919415636e-06,5.404761100410932e-05,5.8738334919415636e-06
2040560076,2,10462,1,-5.862164388970663e-06,1.8220878707137772e-05,5.862164388970663e-06
4060220010,4,11360,1,5.855719525728426e-06,5.9699246497747424e-05,5.855719525728426e-06
4119780017,4,11436,1,-5.8496884877914e-06,9.915909716802699e-05,5.8496884877914e-06
3019630074,3,11238,1,5.844981283267981e-06,0.0001380831886980028,5.844981283267981e-06
4108270001,4,11423,1,-5.842955580488716e-06,2.5563893787866268e-05,5.842955580488716e-06
4162780065,4,11694,1,-5.840909712732301e-06,0.00016317503499750996,5.840909712732301e-06
4041690003,4,11356,1,-5.839907866133206e-06,0.00017468547093669757,5.839907866133206e-06
3084750070,3,11234,1,5.839743398471715e-06,9.387729074573358e-05,5.839743398471715e-06
3043160038,3,11208,1,-5.835666634754953e-06,6.947798696408306e-05,5.835666634754953e-06
4160900064,4,11692,1,-5.830850979239498e-06,2.6706084501107403e-05,5.830850979239498e-06
4109760041,4,11412,1,5.82556000458766e-06,8.995834433517827e-05,5.82556000458766e-06
3084780002,3,11234,1,5.825181709787719e-06,9.387729074573358e-05,5.825181709787719e-06
4066810031,4,11367,1,5.806428068017453e-06,1.3696147681217026e-05,5.806428068017453e-06
4017740050,4,11368,1,5.806302986187119e-06,0.0002832018306231369,5.806302986187119e-06
2044750067,2,10469,1,5.803854860237374e-06,0.00011880229144585281,5.803854860237374e-06
4032090050,4,11375,1,5.8027802779944566e-06,0.00022039804842095888,5.8027802779944566e-06
3014540025,3,11233,1,-5.797923547404512e-06,1.497959190816813e-05,5.797923547404512e-06
4106590043,4,11427,1,-5.78785742932202e-06,0.00020308073216134876,5.78785742932202e-06
4079620033,4,11426,1,5.782265008256521e-06,0.00011115792423652422,5.782265008256521e-06
4000850048,4,11101,1,5.774761484757735e-06,4.084961871630996e-05,5.774761484757735e-06
4002310011,4,11101,1,5.774761458195695e-06,4.0849618564518916e-05,5.774761458195695e-06
4002280013,4,11101,1,5.7747614443082426e-06,4.084961825780101e-05,5.7747614443082426e-06
4030390046,4,11379,1,-5.771562440195267e-06,3.362554593623598e-05,5.771562440195267e-06
3070040085,3,11224,1,-5.764695474105659e-06,0.00014138510527957315,5.764695474105659e-06
3081830063,3,11236,1,5.757495190933914e-06,4.666584065332458e-05,5.757495190933914e-06
2048760043,2,10466,1,5.755868181747537e-06,0.00029666343585816967,5.755868181747537e-06
3049570079,3,11203,1,-5.752594165819418e-06,0.00011822826413137775,5.752594165819418e-06
4037960040,4,11379,1,5.75153490766445e-06,0.00011470841251238046,5.75153490766445e-06
3046570025,3,11203,1,-5.738409430305938e-06,0.00010370387534076793,5.738409430305938e-06
4110440085,4,11412,1,-5.7368288532522416e-06,5.589619679309544e-05,5.7368288532522416e-06
2053880040,2,10461,1,-5.7257897090602e-06,0.00019643101999671506,5.7257897090602e-06
2054160018,2,10465,1,5.7240370674803325e-06,4.2968424644565767e-05,5.7240370674803325e-06
4060760014,4,11361,1,-5.7233186725455145e-06,5.581240494493682e-05,5.7233186725455145e-06
2054870017,2,10465,1,5.723062537875771e-06,0.00013999942379548894,5.723062537875771e-06
4085900043,4,11426,1,5.717754054779658e-06,0.00012797902648329813,5.717754054779658e-06
2029940012,2,10459,1,-5.703700867042865e-06,2.1491422702220748e-05,5.703700867042865e-06
4095790067,4,11419,1,5.682663224151323e-06,5.574074694260422e-05,5.682663224151323e-06
4158180160,4,11691,1,-5.682122539924487e-06,8.649642627487855e-05,5.682122539924487e-06
4089180049,4,11421,1,-5.681511519692182e-06,5.3066451997243477e-05,5.681511519692182e-06
2051230010,2,10466,1,-5.668743298386568e-06,0.00013973213009513637,5.668743298386568e-06
2058552269,2,10471,1,5.663512738363626e-06,0.00040110660767645395,5.663512738363626e-06
2048360021,2,10467,1,-5.654831132775659e-06,0.00012243354011701424,5.654831132775659e-06
4063790004,4,11355,1,5.647370390240885e-06,2.835422652266535e-05,5.647370390240885e-06
3004160051,3,11217,1,5.646421080631237e-06,5.957527733830073e-05,5.646421080631237e-06
2038080017,2,10472,1,-5.6448570823463e-06,8.33327441718132e-05,5.6448570823463e-06
2053970029,2,10461,1,5.643793004696072e-06,0.00014547368531700843,5.643793004696072e-06
4049100029,4,11358,1,5.634170455212706e-06,0.00016511904105455936,5.634170455212706e-06
2033510027,2,10467,1,-5.625819609816946e-06,0.0005001026533237463,5.625819609816946e-06
4055150038,4,11358,1,-5.625030916368235e-06,8.977832887187826e-05,5.625030916368235e-06
2032580048,2,10463,1,5.622501054949113e-06,8.197854447774657e-05,5.622501054949113e-06
4041280029,4,11356,1,5.617474119421007e-06,2.4072409129952013e-05,5.617474119421007e-06
4029330033,4,11379,1,5.6084911026652765e-06,0.00011010374538162665,5.6084911026652765e-06
4048800043,4,11357,1,5.600041814654645e-06,4.1953236821395674e-05,5.600041814654645e-06
4020100031,4,11368,1,5.5875109768369756e-06,7.369624136316739e-05,5.5875109768369756e-06
4008910130,4,11105,1,5.583676112658687e-06,0.00041889182232979173,5.583676112658687e-06
4024800044,4,11378,1,5.577940838494968e-06,0.00012066804100994154,5.577940838494968e-06
4111970132,4,11429,1,-5.571214124820508e-06,7.535449952657218e-05,5.571214124820508e-06
3038450009,3,11212,1,-5.560892047378435e-06,4.925917689726638e-05,5.560892047378435e-06
4116080039,4,11420,1,-5.559154601492719e-06,6.129259294067972e-05,5.559154601492719e-06
2040340040,2,10462,1,5.541409946257633e-06,0.00012655475330803219,5.541409946257633e-06
2054830021,2,10465,1,-5.528077513893254e-06,0.00012600572125131719,5.528077513893254e-06
3013570024,3,11233,1,5.526332418556253e-06,6.368149624248225e-05,5.526332418556253e-06
4107270023,4,11428,1,-5.520015047575258e-06,6.491955714744383e-05,5.520015047575258e-06
4055850017,4,11358,1,5.517671979083546e-06,0.000145545503305287,5.517671979083546e-06
2023770152,2,10455,1,5.510432658360497e-06,5.135100870415109e-05,5.510432658360497e-06
2042020074,2,10461,1,-5.506741184965546e-06,5.9075573271633736e-05,5.506741184965546e-06
4047040031,4,11357,1,5.5049200016535355e-06,6.177799985358049e-05,5.5049200016535355e-06
3088260011,3,11229,1,5.495797167232511e-06,9.503721345304194e-05,5.495797167232511e-06
4121860095,4,11434,1,5.490925178936324e-06,5.645807433171828e-05,5.490925178936324e-06
3059370028,3,11209,1,5.479602734177994e-06,5.64354062382931e-05,5.479602734177994e-06
3065720046,3,11230,1,-5.477551404808629e-06,3.118670480814354e-05,5.477551404808629e-06
3077470073,3,11234,1,5.469833448430386e-06,8.256603698333847e-05,5.469833448430386e-06
4024290040,4,11377,1,5.459250076810329e-06,5.3204992295458923e-05,5.459250076810329e-06
3013320064,3,11225,1,-5.458813092711913e-06,0.00012384467678736163,5.458813092711913e-06
4111690040,4,11429,1,-5.44652915771328e-06,5.778260009263037e-05,5.44652915771328e-06
4060900008,4,11361,1,-5.43784261085452e-06,0.00016830452272405353,5.43784261085452e-06
4114910012,4,11417,1,5.433882278532087e-06,3.0154558852087416e-05,5.433882278532087e-06
3071560080,3,11223,1,-5.431909170696786e-06,3.599046619902712e-05,5.431909170696786e-06
4013550056,4,11377,1,5.429623327468376e-06,0.00010764390582428262,5.429623327468376e-06
2044570053,2,10469,1,5.4212203411615045e-06,9.217999003705649e-05,5.4212203411615045e-06
4118160012,4,11420,1,-5.420651953680106e-06,0.00017338262814455213,5.420651953680106e-06
2040200010,2,10460,1,5.419913383763162e-06,3.6694797900928364e-05,5.419913383763162e-06
4023810101,4,11378,1,5.415125125093819e-06,0.0001099519744839567,5.415125125093819e-06
4132040116,4,11422,1,5.4106808049083005e-06,0.00014905406067651202,5.4106808049083005e-06
4013250086,4,11377,1,-5.409947785988051e-06,2.6742138411561098e-05,5.409947785988051e-06
4046700035,4,11357,1,5.40680977630236e-06,8.905861596556137e-05,5.40680977630236e-06
3016280011,3,11221,1,5.402561976819362e-06,4.6321215296640805e-05,5.402561976819362e-06
4089950017,4,11416,1,5.3804520238102875e-06,4.811870237277308e-05,5.3804520238102875e-06
4082630074,4,11362,1,-5.374084764647413e-06,0.00021929968811751672,5.374084764647413e-06
4131280010,4,11413,1,5.371048073448022e-06,0.00012580152999651885,5.371048073448022e-06
3063430012,3,11214,1,-5.365695208018718e-06,6.770230023400397e-05,5.365695208018718e-06
4055130043,4,11358,1,5.3623503645463155e-06,1.5845325677200304e-05,5.3623503645463155e-06
3059070041,3,11209,1,-5.356434273536102e-06,5.0099766903462483e-05,5.356434273536102e-06
4029000046,4,11379,1,5.3555023251143084e-06,7.175177514660131e-05,5.3555023251143084e-06
4077660007,4,11364,1,-5.351106163994491e-06,8.513464941953718e-05,5.351106163994491e-06
3085330079,3,11234,1,5.350258232945853e-06,0.00019286129506805854,5.350258232945853e-06
3016240060,3,11221,1,5.346957178105298e-06,4.287318064034971e-05,5.346957178105298e-06
4108920026,4,11412,1,5.346843428643231e-06,8.776444810725974e-05,5.346843428643231e-06
4083050085,4,11362,1,-5.344404770136528e-06,6.9877687363104e-05,5.344404770136528e-06
4110390068,4,11412,1,-5.339437082594584e-06,8.247294399604509e-05,5.339437082594584e-06
3038300009,3,11212,1,-5.337625810945969e-06,0.00014621281451084804,5.337625810945969e-06
3032310045,3,11221,1,-5.329747831603018e-06,4.5200744164447906e-05,5.329747831603018e-06
2027450049,2,10459,1,5.326836050601629e-06,8.684400675826368e-05,5.326836050601629e-06
2046100030,2,10469,1,5.325221445285734e-06,0.00011108556329491936,5.325221445285734e-06
2053760015,2,10461,1,5.324486081249868e-06,8.118566817674869e-05,5.324486081249868e-06
4028400043,4,11378,1,-5.320376357154258e-06,7.818299699688844e-05,5.320376357154258e-06
4055740043,4,11365,1,5.317191398454023e-06,0.00017298394530791472,5.317191398454023e-06
4082630029,4,11362,1,5.316960275566286e-06,0.00028209864735963166,5.316960275566286e-06
4079510049,4,11427,1,-5.29367643321893e-06,0.00021990821524521588,5.29367643321893e-06
4030240012,4,11379,1,5.288138409812871e-06,3.9072262909426205e-05,5.288138409812871e-06
4126300013,4,11412,1,-5.2856461928296515e-06,0.00020874386459826804,5.2856461928296515e-06
4039050024,4,11375,1,-5.283953155054418e-06,5.723896219858446e-05,5.283953155054418e-06
4107730041,4,11429,1,5.280398215651394e-06,5.1389451935049434e-05,5.280398215651394e-06
2050090041,2,10466,1,5.272943327072548e-06,0.00023592668305779237,5.272943327072548e-06
3049610033,3,11203,1,-5.257604293316415e-06,8.326572667163252e-05,5.257604293316415e-06
4048280032,4,11354,1,-5.254697433088337e-06,4.205379877225968e-05,5.254697433088337e-06
3077220020,3,11210,1,-5.2496562335257456e-06,0.00010523660684704427,5.2496562335257456e-06
4122810023,4,11434,1,5.244505696399494e-06,4.030112445597838e-05,5.244505696399494e-06
4076230035,4,11364,1,5.243100160028186e-06,0.00015935920611838397,5.243100160028186e-06
3064610318,3,11214,1,5.233063692730652e-06,7.005339084000172e-05,5.233063692730652e-06
4087150018,4,11004,1,5.230795045384954e-06,0.0001341481647894106,5.230795045384954e-06
2035090059,2,10473,1,5.230793139236369e-06,0.00016432708658447988,5.230793139236369e-06
4113230041,4,11411,1,-5.2291938150050246e-06,0.00017699314655394494,5.2291938150050246e-06
4021250061,4,11375,1,-5.22578132907749e-06,0.00020329177193647983,5.22578132907749e-06
2049670065,2,10466,1,-5.224178957656404e-06,0.000126282305129854,5.224178957656404e-06
3038650060,3,11207,1,-5.206444861682632e-06,8.46122610523811e-05,5.206444861682632e-06
3047970012,3,11225,1,5.204196290382589e-06,2.635253827749912e-05,5.204196290382589e-06
3016330006,3,11221,1,5.1995459080532504e-06,0.0001265408643204255,5.1995459080532504e-06
3013830003,3,11213,1,-5.172472893894671e-06,9.859265791222683e-05,5.172472893894671e-06
2050800058,2,10470,1,-5.172453808967114e-06,6.53168467771889e-05,5.172453808967114e-06
4123340256,4,11434,1,5.17212439951644e-06,8.393677375053218e-05,5.17212439951644e-06
4053650018,4,11358,1,5.169650734729164e-06,0.00022076215418691237,5.169650734729164e-06
4131200079,4,11413,1,5.162713119164797e-06,0.0001940366503687684,5.162713119164797e-06
2044810076,2,10469,1,5.155251825254569e-06,0.00010377183926993287,5.155251825254569e-06
4011730069,4,11370,1,5.152876720458348e-06,0.00024972939650361653,5.152876720458348e-06
3006270056,3,11215,1,5.149283390259009e-06,4.89254994140336e-05,5.149283390259009e-06
3010140023,3,11215,1,5.131704774744599e-06,1.865747712825835e-05,5.131704774744599e-06
4048860027,4,11358,1,5.131005752335133e-06,8.103368731592407e-05,5.131005752335133e-06
3018170026,3,11216,1,-5.1188640575744634e-06,2.1377061869911787e-05,5.1188640575744634e-06
2047040039,2,10469,1,-5.1184468639572966e-06,7.132118422489047e-05,5.1184468639572966e-06
2054030022,2,10461,1,-5.111945088483996e-06,7.137964159754126e-05,5.111945088483996e-06
3040030013,3,11208,1,-5.108800029603813e-06,6.020298394228758e-05,5.108800029603813e-06
4121870007,4,11434,1,-5.105694453476145e-06,7.974054347481554e-05,5.105694453476145e-06
2053250008,2,10465,1,5.1028081144072866e-06,3.947668862626087e-05,5.1028081144072866e-06
3078510061,3,11234,1,-5.0975723678820895e-06,3.3206417269927494e-05,5.0975723678820895e-06
4010700003,4,11369,1,-5.090755972913216e-06,4.7749692089359787e-05,5.090755972913216e-06
3033910042,3,11221,1,-5.088842665717501e-06,0.00010027854019802366,5.088842665717501e-06
3033960011,3,11221,1,-5.07313276129635e-06,0.0005722817778977937,5.07313276129635e-06
2053670050,2,10461,1,-5.068988198665707e-06,7.096693340784196e-05,5.068988198665707e-06
4017150035,4,11368,1,-5.067228071204078e-06,6.051171685775338e-05,5.067228071204078e-06
4027530271,4,11378,1,5.062409494715062e-06,6.863781223700949e-05,5.062409494715062e-06
4076080116,4,11364,1,5.059011194228485e-06,0.0001009175352194659,5.059011194228485e-06
4082890089,4,11362,1,-5.055456418999109e-06,9.532249167386038e-05,5.055456418999109e-06
3062430106,3,11228,1,5.050522719513969e-06,2.6243232437173837e-05,5.050522719513969e-06
4115320019,4,11417,1,-5.047276775604128e-06,0.00017441526307306347,5.047276775604128e-06
2043850037,2,10469,1,5.045255296435735e-06,5.272787656041201e-05,5.045255296435735e-06
4031880022,4,11375,1,-5.023898554943677e-06,1.8301474952772613e-05,5.023898554943677e-06
4160460015,4,11692,1,-5.022505252238641e-06,0.00022024027834646666,5.022505252238641e-06
3006650047,3,11232,1,-5.019093355627662e-06,8.328827403379661e-05,5.019093355627662e-06
4034870023,4,11385,1,-5.007983711163952e-06,0.00014716942163581025,5.007983711163952e-06
2035560043,2,10473,1,4.994321099220424e-06,1.9382050871449047e-05,4.994321099220424e-06
4094010060,4,11419,1,4.994275545980156e-06,5.557853113253295e-05,4.994275545980156e-06
4036480013,4,11385,1,-4.990939706085921e-06,0.000210365753022867,4.990939706085921e-06
4108550021,4,11429,1,4.988237257315303e-06,0.00011111416798702309,4.988237257315303e-06
3086200003,3,11234,1,4.982017563106096e-06,0.00016666419279746738,4.982017563106096e-06
2035210069,2,10473,1,4.976850682970947e-06,0.00014184318249682544,4.976850682970947e-06
3065980031,3,11204,1,4.975601299705129e-06,8.392525556319404e-05,4.975601299705129e-06
4046670030,4,11357,1,4.950295868370424e-06,7.4591346656254095e-06,4.950295868370424e-06
4031040158,4,11374,1,4.94649132583845e-06,1.9057920661663447e-05,4.94649132583845e-06
3034870015,3,11207,1,4.945019579779153e-06,0.0005033982741019574,4.945019579779153e-06
4110020080,4,11429,2,4.93402311144661e-06,0.00013955008496183927,4.93402311144661e-06
2024230080,2,10456,1,4.929501552005907e-06,2.1325143451921447e-05,4.929501552005907e-06
3053350052,3,11218,1,4.929331877747929e-06,4.413497502575052e-05,4.929331877747929e-06
4079700015,4,11428,1,-4.928432418206372e-06,0.00029354889134383346,4.928432418206372e-06
2056420039,2,10464,1,4.925790693028393e-06,2.4811352363608032e-05,4.925790693028393e-06
2046120012,2,10469,1,-4.92070032380687e-06,9.829372840014637e-05,4.92070032380687e-06
3064950049,3,11230,1,4.902723137778136e-06,4.2373106949822854e-05,4.902723137778136e-06
3087130028,3,11235,1,-4.902686159866198e-06,4.3361061474226e-05,4.902686159866198e-06
4085610027,4,11426,1,-4.9024842146509785e-06,0.00010906708059084773,4.9024842146509785e-06
3077180017,3,11234,1,-4.900933066743775e-06,0.0001352241595451957,4.900933066743775e-06
4113450036,4,11417,1,4.8890529032809e-06,0.0003204581026429741,4.8890529032809e-06
4061490038,4,11361,1,4.8885536474110416e-06,0.00029832179452983016,4.8885536474110416e-06
3018180078,3,11216,1,-4.884093874115988e-06,9.26480526615703e-05,4.884093874115988e-06
2022720133,2,10455,1,-4.876446372533623e-06,6.65439618755007e-05,4.876446372533623e-06
2026240009,2,10455,1,-4.876446353614631e-06,6.654396145432948e-05,4.876446353614631e-06
2040260041,2,10460,1,4.872611578688265e-06,0.00030888516935596535,4.872611578688265e-06
2054600042,2,10465,1,4.852328259540811e-06,4.9188726588327296e-05,4.852328259540811e-06
3084340062,3,11234,1,-4.851128827099555e-06,0.00017061033019529173,4.851128827099555e-06
4030640022,4,11379,1,4.843553455724949e-06,3.64946745779531e-05,4.843553455724949e-06
4121720042,4,11433,1,4.84332630467845e-06,6.007110126411488e-05,4.84332630467845e-06
4095830007,4,11419,1,-4.837421368420155e-06,4.516878508740886e-05,4.837421368420155e-06
2054080287,2,10465,1,4.8249592187025635e-06,5.839485070334651e-05,4.8249592187025635e-06
4099580009,4,11432,1,-4.818779534213855e-06,5.108901652450049e-05,4.818779534213855e-06
2032280076,2,10453,1,-4.8168212582119395e-06,6.361795217213763e-05,4.8168212582119395e-06
4027270054,4,11378,1,-4.81076571761032e-06,0.0001862252538506017,4.81076571761032e-06
4054260054,4,11358,1,4.808846071097367e-06,0.0002489012385726386,4.808846071097367e-06
3066770060,3,11223,1,4.80460134438439e-06,0.0001910354685652214,4.80460134438439e-06
4013320120,4,11377,1,-4.797605625221516e-06,7.93246935335734e-05,4.797605625221516e-06
4095440025,4,11417,1,4.7763466936618396e-06,7.691147999957441e-05,4.7763466936618396e-06
4093530004,4,11418,1,4.774918721118744e-06,7.644020401592067e-05,4.774918721118744e-06
3053610048,3,11218,1,4.774812373580454e-06,0.00011082951666623378,4.774812373580454e-06
4132850068,4,11434,1,-4.76106528632652e-06,7.383887742409178e-05,4.76106528632652e-06
4125380017,4,11434,1,-4.75781537415296e-06,5.0545352632159385e-05,4.75781537415296e-06
3065430038,3,11230,1,4.756515877744169e-06,9.617808551474764e-05,4.756515877744169e-06
4089830043,4,11421,1,-4.753996771547954e-06,0.0001182169347893513,4.753996771547954e-06
3048190029,3,11225,1,-4.746878055743003e-06,0.0003106305748972651,4.746878055743003e-06
4120620063,4,11436,1,-4.74345068598269e-06,1.8566626301561047e-05,4.74345068598269e-06
2037670008,2,10472,1,4.7405591458206465e-06,2.559908911584961e-05,4.7405591458206465e-06
2054140128,2,10465,1,4.735546200877141e-06,6.707233882862913e-05,4.735546200877141e-06
3013930011,3,11213,1,4.73504540622048e-06,0.00012608974571987638,4.73504540622048e-06
3080820062,3,11236,1,4.7273853905271785e-06,0.00012721682688374923,4.7273853905271785e-06
4027100028,4,11378,1,4.723861237206773e-06,0.0001099519744839567,4.723861237206773e-06
3068160058,3,11229,1,-4.720008403692041e-06,5.828379580057603e-05,4.720008403692041e-06
2054080289,2,10465,1,4.705917041541008e-06,5.840962236665249e-05,4.705917041541008e-06
3077430018,3,11210,1,4.688024283737032e-06,0.0003660464344236393,4.688024283737032e-06
4094980022,4,11419,1,-4.6836005685753335e-06,0.00010220612157891961,4.6836005685753335e-06
3003930012,3,11217,1,-4.67985554956096e-06,0.00014229452579150924,4.67985554956096e-06
2054060045,2,10465,1,4.6611611633697445e-06,3.393077346679914e-05,4.6611611633697445e-06
4088410109,4,11421,1,4.660318627796646e-06,0.00016074633944431545,4.660318627796646e-06
2041760048,2,10461,1,4.653803767817527e-06,8.057336050915282e-05,4.653803767817527e-06
3061150019,3,11209,1,4.653184466664938e-06,9.221677960973864e-05,4.653184466664938e-06
4123330201,4,11434,1,4.642160379508126e-06,6.172990111658149e-05,4.642160379508126e-06
4049220039,4,11358,1,-4.636624966162593e-06,0.00017441962105867406,4.636624966162593e-06
4009680018,4,11370,1,4.6267158877537854e-06,0.0001076527292666164,4.6267158877537854e-06
4119910203,4,11436,1,-4.6147145790674404e-06,7.642448665478102e-05,4.6147145790674404e-06
3085360050,3,11234,1,4.602580930329569e-06,9.920262317121212e-05,4.602580930329569e-06
4073430007,4,11361,1,-4.596943580513703e-06,0.0005921010944308685,4.596943580513703e-06
4122040305,4,11434,1,4.589230661934262e-06,6.072099210152765e-05,4.589230661934262e-06
2055770079,2,10465,1,4.587199327807806e-06,4.734136925853233e-05,4.587199327807806e-06
2045640144,2,10469,1,4.582937772471277e-06,9.89929428098054e-05,4.582937772471277e-06
3045950114,3,11212,1,4.581242186452022e-06,0.00011746215099041677,4.581242186452022e-06
4040940053,4,11356,1,-4.574063052838797e-06,9.279907213055689e-05,4.574063052838797e-06
3075820068,3,11210,1,4.568125905842507e-06,7.022677122062991e-05,4.568125905842507e-06
4095010025,4,11419,1,4.5646294056762924e-06,2.9239362334134615e-05,4.5646294056762924e-06
4127140035,4,11413,1,-4.560362798983424e-06,0.00010183032875481708,4.560362798983424e-06
4096070077,4,11419,1,-4.55651147779289e-06,7.89011883825302e-05,4.55651147779289e-06
4046430006,4,11357,1,-4.55261418973097e-06,5.592410291233866e-05,4.55261418973097e-06
4123850023,4,11434,1,-4.546839412451407e-06,0.0002153237223857809,4.546839412451407e-06
4141970021,4,11414,1,4.546619543329884e-06,6.784944286367087e-05,4.546619543329884e-06
2046170024,2,10469,1,4.545150852703395e-06,0.00019235060880074147,4.545150852703395e-06
4024190115,4,11377,1,4.5408084854163785e-06,0.0002503750865114212,4.5408084854163785e-06
3015910072,3,11206,1,-4.54077889880495e-06,0.00012874611096987812,4.54077889880495e-06
2053470054,2,10461,1,4.531771493218046e-06,3.2162517412175965e-05,4.531771493218046e-06
4161990001,4,11694,1,4.5316894258994645e-06,8.580557544229376e-05,4.5316894258994645e-06
4063120022,4,11361,1,4.527416467712014e-06,0.0001334014818529183,4.527416467712014e-06
4101410053,4,11433,1,4.527156191796414e-06,0.0002520424866095988,4.527156191796414e-06
3034340010,3,11207,1,-4.518942659626123e-06,0.00013047567059702126,4.518942659626123e-06
4094160001,4,11419,1,-4.5153317544142495e-06,0.00013774548950216617,4.5153317544142495e-06
2038760006,2,10472,1,-4.510347963550417e-06,0.0006179970351997218,4.510347963550417e-06
3007370054,3,11220,1,-4.506284314008174e-06,0.00024738235105155234,4.506284314008174e-06
2032250182,2,10468,1,4.501415426237567e-06,2.3268421892950237e-05,4.501415426237567e-06
3059700072,3,11209,1,4.496652484820904e-06,8.704419695185195e-05,4.496652484820904e-06
4086260045,4,11426,1,4.495057090415589e-06,0.00011115792423652422,4.495057090415589e-06
3011440043,3,11238,1,4.49373745328864e-06,3.881870873876094e-05,4.49373745328864e-06
3018280076,3,11216,1,-4.4902303972518016e-06,2.1377061869911787e-05,4.4902303972518016e-06
3073200079,3,11229,1,-4.484459754175568e-06,4.896647980886964e-05,4.484459754175568e-06
4096030044,4,11419,1,4.4802328798921055e-06,9.419146646244413e-05,4.4802328798921055e-06
4108860001,4,11412,1,4.4722934161465284e-06,0.00010927725146649137,4.4722934161465284e-06
4056090045,4,11358,1,-4.4656052505671e-06,0.00014648348299701265,4.4656052505671e-06
3077430025,3,11210,1,4.465478319139409e-06,8.057158612033744e-05,4.465478319139409e-06
4086380028,4,11426,1,-4.461944970745312e-06,1.7533622887294986e-05,4.461944970745312e-06
4067360038,4,11365,1,-4.461710404642156e-06,4.79121421464759e-05,4.461710404642156e-06
4052430049,4,11358,1,4.456662664472809e-06,0.00013019308844078618,4.456662664472809e-06
4099060066,4,11423,1,-4.452762950952772e-06,8.882143612561648e-05,4.452762950952772e-06
3088561506,3,11229,1,4.440785472448842e-06,0.00022455120126003953,4.440785472448842e-06
3041190080,3,11208,1,4.43681547996945e-06,0.0001728006807543287,4.43681547996945e-06
3082370067,3,11236,1,4.432744905879002e-06,0.0005463824462347031,4.432744905879002e-06
2054530142,2,10465,1,4.4319142956527276e-06,5.551880109641408e-05,4.4319142956527276e-06
4087380062,4,11004,1,4.428602272504881e-06,0.00011105892714040624,4.428602272504881e-06
3077890023,3,11210,1,-4.427835396453939e-06,0.0007530655236623376,4.427835396453939e-06
2032940065,2,10458,1,4.426602294240974e-06,4.780784581439407e-05,4.426602294240974e-06
2039960061,2,10461,1,-4.42180658248673e-06,8.890409085114092e-05,4.42180658248673e-06
4107750134,4,11429,1,-4.4149505404874935e-06,0.00019376052953096342,4.4149505404874935e-06
4087340019,4,11004,1,4.409781425083426e-06,5.829443825440812e-05,4.409781425083426e-06
3066230043,3,11223,1,4.404610686940055e-06,0.00017618999308181079,4.404610686940055e-06
4089650013,4,11421,1,-4.4023806672278805e-06,4.263639027980726e-05,4.4023806672278805e-06
3055000050,3,11204,1,4.393840704233609e-06,3.123010041593266e-05,4.393840704233609e-06
2054140169,2,10465,1,-4.392687693608855e-06,0.00014673017974760615,4.392687693608855e-06
3063420006,3,11214,1,-4.392659720528704e-06,3.623182870485254e-05,4.392659720528704e-06
4125900051,4,11434,1,-4.37909415876605e-06,3.5342270771045235e-05,4.37909415876605e-06
4119770054,4,11436,1,-4.378683320906222e-06,4.813367560040462e-05,4.378683320906222e-06
4122020026,4,11434,1,4.371015236232274e-06,0.0001173709426149959,4.371015236232274e-06
3082100046,3,11236,1,-4.370146436793693e-06,0.00012949054406301513,4.370146436793693e-06
3054830087,3,11204,1,4.354274092475187e-06,0.00021054857764249687,4.354274092475187e-06
4124710003,4,11434,1,4.353165369993927e-06,1.6486352759887467e-05,4.353165369993927e-06
3057690069,3,11219,1,-4.3513816621498005e-06,9.420470996097079e-06,4.3513816621498005e-06
3067680008,3,11210,1,-4.340910780423728e-06,8.878360508561599e-05,4.340910780423728e-06
4106540075,4,11427,1,-4.33507080094292e-06,0.0006661734960798131,4.33507080094292e-06
4121070040,4,11436,1,-4.3326494785154635e-06,0.00010332460963194463,4.3326494785154635e-06
3072420042,3,11235,1,4.331867617322741e-06,0.0002148508581084969,4.331867617322741e-06
4130570078,4,11413,1,4.330868938550787e-06,9.464860088422254e-05,4.330868938550787e-06
3015090020,3,11233,1,-4.330801738400699e-06,8.523124844625096e-05,4.330801738400699e-06
4108790004,4,11429,1,4.328187486557715e-06,9.85058644909928e-06,4.328187486557715e-06
2035560048,2,10473,1,-4.326411781044095e-06,7.087422620102464e-05,4.326411781044095e-06
4072400072,4,11432,1,-4.324875481737244e-06,6.339012274819223e-05,4.324875481737244e-06
3077200031,3,11234,1,-4.321155420289854e-06,0.00022263835407348607,4.321155420289854e-06
4089800060,4,11421,1,4.31414352239569e-06,0.00016505104659256562,4.31414352239569e-06
4107610072,4,11429,1,-4.312001100845838e-06,5.15456744395926e-05,4.312001100845838e-06
4126390053,4,11412,1,4.305143174181888e-06,2.2998150835657318e-05,4.305143174181888e-06
4074020114,4,11364,1,4.299537383758224e-06,0.00011078201427806473,4.299537383758224e-06
2038220083,2,10462,1,4.2993262974287415e-06,0.00012522727555280014,4.2993262974287415e-06
4032410008,4,11375,1,-4.293701798256411e-06,1.707125268968138e-05,4.293701798256411e-06
3078720079,3,11234,1,4.293221853505921e-06,0.00011714341416217904,4.293221853505921e-06
2051230016,2,10466,1,4.2874137731546095e-06,5.6101361305322626e-05,4.2874137731546095e-06
4046370056,4,11357,1,-4.284860249933223e-06,4.174114065756304e-05,4.284860249933223e-06
4082600013,4,11362,1,-4.26854482473076e-06,0.00011036143492754898,4.26854482473076e-06
4015360041,4,11373,1,-4.263998376907306e-06,8.290896125973322e-05,4.263998376907306e-06
3081430018,3,11236,1,-4.257032066057012e-06,0.00016471440117663637,4.257032066057012e-06
4024290038,4,11377,1,4.250340495232591e-06,2.5783322983784873e-05,4.250340495232591e-06
4063140011,4,11361,1,4.249600159736423e-06,0.0001234320571432201,4.249600159736423e-06
4006790054,4,11103,1,-4.242333211005389e-06,1.1879572640137307e-05,4.242333211005389e-06
2050750050,2,10470,1,-4.241533262118257e-06,1.9666715182717137e-05,4.241533262118257e-06
4121030061,4,11436,1,-4.233016814755634e-06,2.394938842937214e-05,4.233016814755634e-06
4044290015,4,11357,1,-4.232978282026739e-06,5.071317174137275e-05,4.232978282026739e-06
4052430028,4,11358,1,-4.230217945555609e-06,6.397639966919166e-05,4.230217945555609e-06
4100180023,4,11435,1,-4.230017307517817e-06,3.759482730401209e-05,4.230017307517817e-06
3084650006,3,11234,1,-4.19599526843741e-06,4.365706407079842e-05,4.19599526843741e-06
4079160029,4,11427,1,4.190557939594259e-06,0.0001430360564059692,4.190557939594259e-06
2037970030,2,10472,1,4.183320557170281e-06,0.00010486198864688355,4.183320557170281e-06
3007240037,3,11232,1,4.170000305416212e-06,3.855992888328533e-05,4.170000305416212e-06
4121930064,4,11434,1,-4.1604898685312585e-06,4.2558969166750794e-05,4.1604898685312585e-06
4101670061,4,11433,1,4.142824497458231e-06,0.00011207029871672253,4.142824497458231e-06
4135680019,4,11422,1,4.140601130903033e-06,0.0004890557820776903,4.140601130903033e-06
2032780075,2,10458,1,4.136530074485455e-06,0.0001251437658750481,4.136530074485455e-06
4046540018,4,11357,1,4.135537498176971e-06,7.810610730453635e-05,4.135537498176971e-06
2044860008,2,10469,1,-4.13292366557887e-06,4.860826115992617e-05,4.13292366557887e-06
4057660020,4,11357,1,-4.127256136004372e-06,3.556503088669536e-05,4.127256136004372e-06
4117250058,4,11420,1,-4.12232395985126e-06,6.075301641153574e-05,4.12232395985126e-06
4052430031,4,11358,1,-4.113770250097214e-06,0.00021222880843224033,4.113770250097214e-06
4037850044,4,11379,1,-4.102569711832369e-06,3.1768416374193484e-05,4.102569711832369e-06
4125810037,4,11434,1,-4.084099909219539e-06,0.00013045930461884965,4.084099909219539e-06
4027820007,4,11379,1,-4.079762606240685e-06,3.362554593623598e-05,4.079762606240685e-06
2047500034,2,10469,1,-4.079709773192727e-06,8.103983237472723e-05,4.079709773192727e-06
3087130043,3,11235,1,-4.079263604262927e-06,3.035066754491063e-05,4.079263604262927e-06
2042420055,2,10461,1,-4.06327618689206e-06,0.0002633887146316739,4.06327618689206e-06
4157110005,4,11691,1,-4.056399940119538e-06,3.0310906464334718e-05,4.056399940119538e-06
3050870006,3,11226,1,-4.046325837756728e-06,0.00033874688554809136,4.046325837756728e-06
3009510055,3,11217,1,-4.0451249370347315e-06,8.916420790094089e-05,4.0451249370347315e-06
2042640001,2,10462,1,4.045005975078301e-06,6.676155589810849e-05,4.045005975078301e-06
2055140002,2,10465,1,-4.038856167659033e-06,3.2727438113293786e-05,4.038856167659033e-06
4093010083,4,11418,1,4.03315907724875e-06,9.287887694247316e-05,4.03315907724875e-06
4090380055,4,11416,1,-4.031754547043078e-06,5.826392905833045e-05,4.031754547043078e-06
2035250006,2,10473,1,-4.027799917659323e-06,0.00013885696837621315,4.027799917659323e-06
4036000087,4,11385,1,4.0245329624129575e-06,4.058212942893759e-05,4.0245329624129575e-06
4038130045,4,11385,1,-4.0238825869594705e-06,0.0002832595404123391,4.0238825869594705e-06
3063670042,3,11214,1,4.00638262951602e-06,3.512148602660069e-05,4.00638262951602e-06
4120060016,4,11436,1,-3.997463316256833e-06,0.00014989257839756747,3.997463316256833e-06
2048320077,2,10466,1,-3.996261644805787e-06,0.00014117651264765937,3.996261644805787e-06
4130920015,4,11413,1,3.981217586646275e-06,0.00010207155152819127,3.981217586646275e-06
2048240071,2,10466,1,-3.977074466440019e-06,6.930419804547356e-05,3.977074466440019e-06
4028170027,4,11379,1,3.970326040977971e-06,7.079630870290593e-05,3.970326040977971e-06
4120850018,4,11436,1,3.964905594049039e-06,0.00014055362717903163,3.964905594049039e-06
3016840031,3,11233,1,-3.962450896680371e-06,8.09033988202813e-05,3.962450896680371e-06
4042950022,4,11354,1,-3.955682807519484e-06,7.792628524134901e-05,3.955682807519484e-06
4105500039,4,11428,1,3.953411245037978e-06,6.424102499794912e-05,3.953411245037978e-06
3030730086,3,11206,1,3.951528006170062e-06,4.977606467782111e-05,3.951528006170062e-06
2050090071,2,10466,1,3.950010500758656e-06,8.958962465233807e-05,3.950010500758656e-06
2030820019,2,10457,1,-3.948102217008407e-06,4.599468754894777e-05,3.948102217008407e-06
2055910045,2,10465,1,3.945611080304866e-06,1.0633823567910528e-05,3.945611080304866e-06
4030300101,4,11379,1,-3.94499425950446e-06,4.3247269276496034e-05,3.94499425950446e-06
4101940002,4,11433,1,3.9401061420474315e-06,2.8073540843295375e-05,3.9401061420474315e-06
2053600043,2,10461,1,3.937317649836901e-06,2.5735255670470916e-05,3.937317649836901e-06
4019410003,4,11368,1,-3.927222232192202e-06,0.000130451139485712,3.927222232192202e-06
4142100044,4,11414,1,3.926153485170429e-06,3.7543825914962374e-05,3.926153485170429e-06
2042950005,2,10462,1,-3.923780942968861e-06,1.8437528367230027e-05,3.923780942968861e-06
3016730029,3,11233,1,-3.918318476074121e-06,2.4123967134163173e-05,3.918318476074121e-06
3034870039,3,11207,1,3.9089385367888375e-06,4.2022191103909944e-05,3.9089385367888375e-06
3084490068,3,11234,1,-3.908892322858315e-06,7.627586100455559e-05,3.908892322858315e-06
2027040021,2,10459,1,-3.9087743889764016e-06,0.00019982233097461889,3.9087743889764016e-06
4090250025,4,11416,1,-3.899520749124807e-06,0.00017205527229012494,3.899520749124807e-06
4031130053,4,11374,1,-3.898540756650588e-06,2.7404110354863106e-05,3.898540756650588e-06
4141770048,4,11414,1,-3.890249566552368e-06,5.458684393368778e-05,3.890249566552368e-06
4101780016,4,11433,1,-3.882307436503866e-06,7.802473034742636e-05,3.882307436503866e-06
4036120036,4,11385,1,-3.878332108054833e-06,0.0007074331705859254,3.878332108054833e-06
4074240028,4,11364,1,-3.865587920693963e-06,3.821117900908062e-05,3.865587920693963e-06
4061520034,4,11361,1,3.864192994342477e-06,0.0005454639211178143,3.864192994342477e-06
4103150018,4,11434,1,-3.856782390194676e-06,2.0971021106444906e-05,3.856782390194676e-06
4081120059,4,11363,1,-3.8553865919177015e-06,0.00022937961099096647,3.8553865919177015e-06
2040960019,2,10462,1,-3.854651709305714e-06,7.932932510941028e-05,3.854651709305714e-06
2050240008,2,10466,1,-3.853355171597658e-06,0.00014985118560624576,3.853355171597658e-06
3048880062,3,11203,1,3.844449321687319e-06,2.1610043269470097e-05,3.844449321687319e-06
3085240025,3,11234,1,3.843151440715911e-06,2.9125986194320858e-05,3.843151440715911e-06
4066450003,4,11367,1,-3.83029364981013e-06,0.0001095789406564051,3.83029364981013e-06
4090350016,4,11416,1,3.82259820746148e-06,0.0001653523671796247,3.82259820746148e-06
4031930040,4,11375,1,3.815454537372822e-06,4.5055868030850386e-05,3.815454537372822e-06
4132630030,4,11422,1,-3.815285175279013e-06,7.856699854813031e-05,3.815285175279013e-06
3062230021,3,11228,1,-3.8144688719551083e-06,0.0002523116445442224,3.8144688719551083e-06
4036080178,4,11379,1,3.8051270654655675e-06,9.050700235398081e-05,3.8051270654655675e-06
4124520318,4,11434,1,3.8025115286221575e-06,2.978054598072347e-05,3.8025115286221575e-06
2024520070,2,10456,1,3.8024186124205167e-06,7.74884022602934e-05,3.8024186124205167e-06
4137380116,4,11422,1,3.7967654012529206e-06,5.531917208586486e-05,3.7967654012529206e-06
4141820088,4,11414,1,-3.7780998555825396e-06,1.0512099456215545e-05,3.7780998555825396e-06
4120050027,4,11436,1,3.7719058113743753e-06,9.952193464017378e-05,3.7719058113743753e-06
3047230041,3,11203,1,-3.767274965873595e-06,7.561692397857883e-05,3.767274965873595e-06
4093550040,4,11418,1,-3.7594027313751456e-06,2.882008107558783e-05,3.7594027313751456e-06
4079670046,4,11427,1,-3.74925264888066e-06,0.0002666409769262799,3.74925264888066e-06
4038130018,4,11385,1,3.7230808423451453e-06,2.18454471718626e-05,3.7230808423451453e-06
2041280005,2,10461,1,3.718488473650971e-06,0.0001927197022914903,3.718488473650971e-06
3048880027,3,11203,1,-3.718398243694053e-06,0.00020470550594615058,3.718398243694053e-06
2033850086,2,10470,1,-3.714316944116572e-06,1.9987006963681822e-05,3.714316944116572e-06
2055010021,2,10465,1,3.7076488182264845e-06,8.507381774295572e-05,3.7076488182264845e-06
4068550050,4,11432,1,-3.704868308167757e-06,7.088731239532823e-05,3.704868308167757e-06
4089730039,4,11421,1,-3.6995149215273044e-06,4.263639027980726e-05,3.6995149215273044e-06
4093920015,4,11419,1,-3.6942880437913696e-06,0.0001201965398282411,3.6942880437913696e-06
4120440072,4,11436,1,-3.681501086535402e-06,5.455502789876195e-05,3.681501086535402e-06
4094380032,4,11419,1,3.67425183960916e-06,1.564641844691267e-05,3.67425183960916e-06
3089460852,3,11229,1,-3.669073357315117e-06,0.00017072926373247957,3.669073357315117e-06
3035690044,3,11212,1,3.666671215066882e-06,0.00011496499609847346,3.666671215066882e-06
3085270062,3,11234,1,3.6588672144181104e-06,7.854228265491963e-05,3.6588672144181104e-06
2047670031,2,10469,1,-3.6513890900944902e-06,0.00010578861693102346,3.6513890900944902e-06
2045290039,2,10469,1,3.6363391598928114e-06,0.00013348941116894493,3.6363391598928114e-06
2030570040,2,10458,1,-3.6297023241565424e-06,0.0002325696483097059,3.6297023241565424e-06
3070430004,3,11224,1,-3.6248374940475417e-06,5.164613140462677e-05,3.6248374940475417e-06
3069770027,3,11224,1,-3.6248374848056863e-06,5.164613141545871e-05,3.6248374848056863e-06
4142060003,4,11414,1,-3.6179563473443634e-06,0.00018946535015496805,3.6179563473443634e-06
4088460026,4,11421,1,-3.614971512827796e-06,3.3988347137592726e-05,3.614971512827796e-06
4141870029,4,11414,1,-3.6105735946848193e-06,0.00012349673766851198,3.6105735946848193e-06
2054080295,2,10465,1,-3.6105078859575446e-06,3.759783571175699e-05,3.6105078859575446e-06
3041110095,3,11208,1,3.6062404852257128e-06,6.020298394228758e-05,3.6062404852257128e-06
3063070056,3,11228,1,-3.59159890817151e-06,2.4354849675500563e-05,3.59159890817151e-06
4059690059,4,11360,1,3.591597124805551e-06,3.9148870954701614e-05,3.591597124805551e-06
4094050005,4,11416,1,-3.590126569259663e-06,6.352889649245114e-05,3.590126569259663e-06
4104760002,4,11423,1,3.585723157813184e-06,0.0001925202188492973,3.585723157813184e-06
3063450034,3,11214,1,-3.5822150549447238e-06,4.4618911202079555e-05,3.5822150549447238e-06
2042200013,2,10461,1,-3.5758854943364974e-06,0.0001854030623658905,3.5758854943364974e-06
4078090059,4,11427,1,3.56021034119235e-06,7.607434694388916e-05,3.56021034119235e-06
2046790054,2,10467,1,-3.5579021486643017e-06,2.650387340623884e-05,3.5579021486643017e-06
4097760027,4,11432,1,-3.5538835601503048e-06,7.088731239532823e-05,3.5538835601503048e-06
4095440020,4,11417,1,3.5492083738129166e-06,0.00017695676244513785,3.5492083738129166e-06
4095520044,4,11420,1,3.548459674949042e-06,6.075301641153574e-05,3.548459674949042e-06
4133260014,4,11413,1,-3.548047136817892e-06,5.295712550963938e-05,3.548047136817892e-06
3077080056,3,11234,1,-3.545012285670388e-06,8.251845019423142e-05,3.545012285670388e-06
4160920009,4,11692,1,3.544062076448235e-06,2.4012676642926686e-05,3.544062076448235e-06
4076230019,4,11364,1,3.5341689921131883e-06,4.641007356664862e-05,3.5341689921131883e-06
4029520025,4,11379,1,3.532519868931289e-06,0.00020379067887626727,3.532519868931289e-06
2041310044,2,10461,1,-3.5218139503344864e-06,3.115153446049024e-05,3.5218139503344864e-06
3011410048,3,11238,1,-3.51715054403268e-06,0.00041828499919997726,3.51715054403268e-06
4106570075,4,11427,1,3.5094261038862423e-06,1.9334345118392355e-05,3.5094261038862423e-06
4095480018,4,11419,1,-3.5078584970403184e-06,5.907806242636817e-05,3.5078584970403184e-06
3036280028,3,11212,1,3.5070638957344244e-06,0.0004987514044465868,3.5070638957344244e-06
4090630043,4,11416,1,-3.4994068778577735e-06,5.2093451117420984e-05,3.4994068778577735e-06
3085940067,3,11234,1,3.4920501374495948e-06,2.3351164085743745e-05,3.4920501374495948e-06
4116060047,4,11420,1,3.4859380884483956e-06,0.00012051771704628048,3.4859380884483956e-06
4135100021,4,11413,1,3.4801708785785487e-06,0.0002237773417885584,3.4801708785785487e-06
4091200004,4,11417,1,-3.478958714372436e-06,5.589457189080743e-05,3.478958714372436e-06
4076140074,4,11364,1,-3.4752100795189085e-06,2.6446192874159742e-05,3.4752100795189085e-06
4037110078,4,11385,1,-3.4738147727061043e-06,3.11277723421957e-05,3.4738147727061043e-06
4028080043,4,11378,1,3.473545932899295e-06,5.150389241505411e-05,3.473545932899295e-06
4102040020,4,11433,1,3.4717305676514117e-06,2.3161598590747787e-05,3.4717305676514117e-06
4097340031,4,11432,1,-3.4682104319455237e-06,0.0002353173462740702,3.4682104319455237e-06
3073840071,3,11229,1,3.4672012311940963e-06,1.8746640198720062e-05,3.4672012311940963e-06
4068280046,4,11366,1,-3.4615347426950564e-06,2.583045980208561e-05,3.4615347426950564e-06
2028690053,2,10453,1,-3.4595118517363244e-06,1.2034352143909397e-05,3.4595118517363244e-06
3057980008,3,11220,1,3.4590466904357277e-06,0.000828987910070847,3.4590466904357277e-06
4052080005,4,11355,1,3.453358190612105e-06,3.189333779801885e-05,3.453358190612105e-06
4011020070,4,11369,1,3.4468060642559163e-06,0.0001926490864942227,3.4468060642559163e-06
4101340058,4,11433,1,3.4464871058918855e-06,6.401831614729067e-05,3.4464871058918855e-06
4103510030,4,11412,1,3.436781582228167e-06,2.7703974245030714e-05,3.436781582228167e-06
4162960047,4,11694,1,-3.436370361910724e-06,0.0003146389700378644,3.436370361910724e-06
2050060042,2,10466,1,3.4282601087207352e-06,4.338522041018911e-05,3.4282601087207352e-06
3040610006,3,11207,1,3.4241513632950923e-06,4.859072516675681e-05,3.4241513632950923e-06
4093060062,4,11418,1,3.4222688393246393e-06,2.199561920996051e-05,3.4222688393246393e-06
4073280040,4,11364,1,-3.4219762825854003e-06,4.0468533470694424e-05,3.4219762825854003e-06
3068940038,3,11214,1,3.4210206206399357e-06,0.0001987355685028867,3.4210206206399357e-06
3012780016,3,11213,1,-3.418842632845546e-06,3.778208176157467e-05,3.418842632845546e-06
3054940148,3,11204,1,3.4170059496330016e-06,0.00021789568517804482,3.4170059496330016e-06
4059380098,4,11360,1,3.4130487962183805e-06,0.00033511399578489703,3.4130487962183805e-06
2032060063,2,10453,1,-3.4101344001554043e-06,0.00012193521602728623,3.4101344001554043e-06
3067990030,3,11229,1,3.4080523310307427e-06,2.4866826209757933e-05,3.4080523310307427e-06
4119680023,4,11436,1,3.402959487669978e-06,0.0001302636344659331,3.402959487669978e-06
3010560121,3,11215,1,3.401625736037533e-06,2.6781770734988553e-05,3.401625736037533e-06
2046100012,2,10469,1,3.3985125183362234e-06,0.00017179254866727997,3.3985125183362234e-06
4103510010,4,11412,1,-3.3968864829613285e-06,5.396507176973157e-05,3.3968864829613285e-06
4013650069,4,11369,1,-3.392445394734722e-06,0.00011842346492430258,3.392445394734722e-06
2040560007,2,10462,1,-3.390944461808079e-06,2.257736118533145e-05,3.390944461808079e-06
4032820043,4,11375,1,-3.3907995729927776e-06,2.1143795954566076e-05,3.3907995729927776e-06
4105320129,4,11423,1,-3.389395070284242e-06,0.00020629464523619524,3.389395070284242e-06
4055350023,4,11358,1,-3.3873996394523923e-06,7.86296898142514e-05,3.3873996394523923e-06
3077080025,3,11234,1,-3.380898399309339e-06,0.00013374752441678612,3.380898399309339e-06
4054870021,4,11355,1,-3.3780510452210037e-06,0.00011487700481567118,3.3780510452210037e-06
4094330058,4,11419,1,3.371607227100359e-06,0.00013583697256107255,3.371607227100359e-06
4135880018,4,11422,1,-3.3684818326587623e-06,4.6711969990094655e-05,3.3684818326587623e-06
3056260047,3,11219,1,3.3664826499509706e-06,6.393569831607419e-05,3.3664826499509706e-06
2055940094,2,10465,2,-3.3630880322850374e-06,6.52763630648988e-05,3.3630880322850374e-06
4120140093,4,11436,1,3.3516633986624696e-06,2.4509342834764794e-05,3.3516633986624696e-06
2046540059,2,10467,1,-3.347765537620933e-06,6.920730152247691e-05,3.347765537620933e-06
3051270061,3,11226,1,3.3427821924186496e-06,0.00028542119570934506,3.3427821924186496e-06
3065040021,3,11230,1,-3.342446080401282e-06,8.329077672346582e-05,3.342446080401282e-06
4121830011,4,11433,1,-3.3380308440918486e-06,2.1745170607811708e-05,3.3380308440918486e-06
3017720102,3,11206,1,-3.3324991336239126e-06,6.7690308805148225e-06,3.3324991336239126e-06
4116000035,4,11420,1,3.3262949842929585e-06,0.00016558144051369061,3.3262949842929585e-06
4031040174,4,11374,1,-3.323226574820697e-06,0.00021250384015410453,3.323226574820697e-06
4094230016,4,11416,1,3.3214848867407514e-06,0.0001433191600022897,3.3214848867407514e-06
4026420025,4,11378,1,-3.316110473965302e-06,0.00010400512085374027,3.316110473965302e-06
3034260028,3,11207,1,3.31472908823292e-06,3.4179789042285e-05,3.31472908823292e-06
3078620068,3,11234,1,3.3110620891192237e-06,8.541109972464135e-05,3.3110620891192237e-06
4103660027,4,11423,1,-3.304255792905727e-06,8.277655663215119e-05,3.304255792905727e-06
4090390050,4,11416,1,3.3024689362296316e-06,8.335913993591832e-05,3.3024689362296316e-06
3036390053,3,11212,1,-3.298578592951099e-06,4.016840447259143e-05,3.298578592951099e-06
4094860062,4,11419,1,-3.295931937694988e-06,7.975990265049608e-05,3.295931937694988e-06
3085030015,3,11234,1,3.285791716138926e-06,6.220401987563766e-05,3.285791716138926e-06
2043640037,2,10469,1,-3.2807725660549553e-06,6.043130085213413e-05,3.2807725660549553e-06
2054140124,2,10465,1,3.2685735844732037e-06,5.3737163399695335e-05,3.2685735844732037e-06
2043270036,2,10461,1,3.268072296317947e-06,5.2319920431013835e-05,3.268072296317947e-06
4132240032,4,11422,1,-3.264188146059084e-06,5.133772263805398e-05,3.264188146059084e-06
3073790005,3,11229,1,-3.2603026176610165e-06,9.047621368310073e-05,3.2603026176610165e-06
3035150160,3,11212,1,3.246376562346357e-06,9.459763947684184e-05,3.246376562346357e-06
4060530028,4,11360,1,-3.245368583275441e-06,3.0937184440236276e-05,3.245368583275441e-06
4111070048,4,11429,1,-3.2411507888390185e-06,5.148376700018232e-05,3.2411507888390185e-06
3037070032,3,11207,1,3.23863929069713e-06,0.00011513011916309705,3.23863929069713e-06
4076010044,4,11364,1,3.2344719139988706e-06,9.47317015037095e-05,3.2344719139988706e-06
4133220044,4,11413,1,-3.233038598168376e-06,6.371682183901454e-05,3.233038598168376e-06
4105680008,4,11428,1,-3.231361644310707e-06,0.00015735134996747657,3.231361644310707e-06
3051270149,3,11226,1,3.2239922992646005e-06,1.8594145580291005e-05,3.2239922992646005e-06
4056780017,4,11365,1,3.2198651053617273e-06,0.00010114517250923812,3.2198651053617273e-06
2047170025,2,10469,1,-3.2148110930580535e-06,6.334853017286093e-05,3.2148110930580535e-06
2054100309,2,10465,1,3.2070526477275763e-06,0.0001088830691743249,3.2070526477275763e-06
4116840003,4,11420,1,3.2050423898200043e-06,0.00010962785113223682,3.2050423898200043e-06
4117940006,4,11420,1,-3.1959400628033972e-06,3.715946351822871e-05,3.1959400628033972e-06
4103040061,4,11433,1,-3.194607994065206e-06,7.450978814400812e-05,3.194607994065206e-06
4121080057,4,11436,1,3.1852696977745764e-06,0.0001108453909705049,3.1852696977745764e-06
3009330048,3,11217,1,-3.183613374244672e-06,8.576591871131033e-05,3.183613374244672e-06
4046840010,4,11357,1,-3.1773695809163952e-06,6.773676704480097e-05,3.1773695809163952e-06
4111980107,4,11429,1,-3.1770658957687274e-06,3.3137485575546926e-05,3.1770658957687274e-06
4119750050,4,11436,1,-3.17612521808729e-06,7.821307656162498e-05,3.17612521808729e-06
4119900012,4,11436,1,-3.1718433921918353e-06,0.00012607197487090425,3.1718433921918353e-06
4153180018,4,11693,1,-3.170858149891733e-06,7.400179753131849e-05,3.170858149891733e-06
3039650030,3,11207,1,-3.167225559463959e-06,0.00031860621903843743,3.167225559463959e-06
4126280016,4,11412,1,-3.158762877922732e-06,4.3451313724819914e-05,3.158762877922732e-06
4115130042,4,11417,1,-3.1561363408704287e-06,9.814232373086267e-05,3.1561363408704287e-06
2029340035,2,10456,1,-3.1523634996384794e-06,0.00017727952839758368,3.1523634996384794e-06
4029330027,4,11379,1,3.1504775812316165e-06,4.5382847560265203e-05,3.1504775812316165e-06
2048770037,2,10466,1,3.1496002743906167e-06,5.467081537550645e-05,3.1496002743906167e-06
4063290023,4,11361,1,-3.1286556051538576e-06,3.8203731283090926e-05,3.1286556051538576e-06
3083640063,3,11234,1,3.127446889594795e-06,8.269709173329233e-05,3.127446889594795e-06
4114920040,4,11417,1,3.1254708795548454e-06,0.00022342366745317497,3.1254708795548454e-06
4017190022,4,11368,1,-3.1210253834947123e-06,3.25107303285861e-05,3.1210253834947123e-06
2047590031,2,10469,1,3.1203041878059875e-06,0.0001331798829853157,3.1203041878059875e-06
2040320011,2,10462,1,-3.1158601509065376e-06,8.691045722863117e-05,3.1158601509065376e-06
3080520047,3,11236,1,3.1065778208583947e-06,9.832042969938707e-06,3.1065778208583947e-06
2033890056,2,10470,1,-3.106306099810119e-06,0.00013545828860654174,3.106306099810119e-06
4057510066,4,11357,1,-3.097152989801733e-06,2.1909374563521716e-05,3.097152989801733e-06
4034010028,4,11385,1,-3.093956802262467e-06,8.623800035609272e-05,3.093956802262467e-06
4162730086,4,11694,1,-3.0921832692170734e-06,1.601446302849431e-05,3.0921832692170734e-06
4072050013,4,11366,1,3.0869611080484014e-06,3.68601742141744e-05,3.0869611080484014e-06
4071070047,4,11365,1,-3.086241402497318e-06,0.00021179652492296544,3.086241402497318e-06
4032230043,4,11375,1,3.08612354263784e-06,5.9329535120664035e-05,3.08612354263784e-06
3076240073,3,11210,1,-3.08455327751361e-06,0.00017843781224171934,3.08455327751361e-06
2033750079,2,10470,1,-3.0823794036277546e-06,2.313322662987228e-05,3.0823794036277546e-06
3033740020,3,11221,1,3.068444657431042e-06,8.546456366803732e-06,3.068444657431042e-06
3077030052,3,11234,1,3.064248911773792e-06,8.368532964246677e-05,3.064248911773792e-06
4158300042,4,11691,1,3.0615812770935846e-06,0.0007171773823205012,3.0615812770935846e-06
4093170043,4,11418,1,3.042963008318377e-06,5.47027224905744e-05,3.042963008318377e-06
4047090023,4,11357,1,-3.034846997534707e-06,0.00017512246842668226,3.034846997534707e-06
3048500026,3,11203,1,-3.0327328633258194e-06,8.865238503362616e-05,3.0327328633258194e-06
4123920092,4,11434,1,-3.0218062674642613e-06,7.062006650296734e-05,3.0218062674642613e-06
4125390015,4,11434,1,-3.0062610497505288e-06,7.250228117143819e-05,3.0062610497505288e-06
4061540024,4,11361,1,3.003571755729429e-06,5.881668758440732e-05,3.003571755729429e-06
2047680012,2,10469,1,-3.0024194725697056e-06,1.4820812076904674e-05,3.0024194725697056e-06
4057720065,4,11357,1,2.9988717106624334e-06,6.283844892995447e-05,2.9988717106624334e-06
4030520070,4,11379,1,2.9858028715463094e-06,3.9697157924512575e-05,2.9858028715463094e-06
4074570016,4,11364,1,-2.980373793466945e-06,0.00025418562734622166,2.980373793466945e-06
3063570046,3,11228,1,-2.9735718687238166e-06,1.0321351422978565e-05,2.9735718687238166e-06
4137100013,4,11413,1,2.972803884579122e-06,5.775558427734484e-05,2.972803884579122e-06
3010830053,3,11215,1,2.9630189106848452e-06,2.631037971572353e-05,2.9630189106848452e-06
3043090045,3,11207,1,-2.95783362620601e-06,5.55708935347521e-05,2.95783362620601e-06
3019430041,3,11238,1,2.957443239755931e-06,0.00014764635940645092,2.957443239755931e-06
3060440030,3,11209,1,2.9544991920546182e-06,0.00021508402050852526,2.9544991920546182e-06
4037330028,4,11385,1,2.953521948666062e-06,2.4729253337897372e-05,2.953521948666062e-06
3034110011,3,11207,1,2.9526877191233493e-06,6.631189558413155e-05,2.9526877191233493e-06
4121060063,4,11436,1,2.926458358379522e-06,1.4537844592297763e-05,2.926458358379522e-06
4125860063,4,11434,1,2.9227984414341725e-06,0.00025389897145356376,2.9227984414341725e-06
4097000020,4,11435,1,2.9129734603653416e-06,9.272949315786602e-05,2.9129734603653416e-06
2048260021,2,10466,1,2.9114104329592796e-06,3.0816807656275705e-05,2.9114104329592796e-06
3011580032,3,11238,1,2.911281500150916e-06,3.0072985825523962e-05,2.911281500150916e-06
3019490024,3,11238,1,-2.911095259110414e-06,1.4647120579148416e-05,2.911095259110414e-06
3052600024,3,11218,1,-2.90337403989541e-06,0.00017514729314568953,2.90337403989541e-06
2040520056,2,10462,1,-2.903046071966816e-06,4.063457430877709e-05,2.903046071966816e-06
3020330024,3,11205,1,-2.9024309764112973e-06,6.762839312067026e-05,2.9024309764112973e-06
4049990018,4,11354,1,2.8987315004882516e-06,3.3000732006050687e-05,2.8987315004882516e-06
4019390045,4,11368,1,2.8966616676315813e-06,2.821205893359217e-05,2.8966616676315813e-06
2056010075,2,10465,2,2.8949870411284264e-06,0.00010916083578635415,2.8949870411284264e-06
4129370099,4,11413,1,-2.8926791076174235e-06,0.00016084715547152933,2.8926791076174235e-06
4024380006,4,11377,1,-2.8909939599447083e-06,4.8902710078156986e-05,2.8909939599447083e-06
4039410017,4,11356,1,-2.8840755481736467e-06,3.3783575976616416e-05,2.8840755481736467e-06
3084800051,3,11234,1,-2.875033438288525e-06,0.00013687677028383145,2.875033438288525e-06
4124860057,4,11434,1,2.8729033588151648e-06,2.4224206736864733e-05,2.8729033588151648e-06
2029630150,2,10459,1,2.8569255056267495e-06,2.9250664329770956e-05,2.8569255056267495e-06
4090550022,4,11416,1,2.8553733174659146e-06,0.00010470520059704251,2.8553733174659146e-06
4092200031,4,11418,1,2.8544683774471147e-06,7.843025747102363e-05,2.8544683774471147e-06
3088661240,3,11229,1,-2.854027548438302e-06,0.00011557866382581398,2.854027548438302e-06
4067470079,4,11367,1,-2.8503241926312303e-06,0.0002602883795400911,2.8503241926312303e-06
4103740002,4,11412,1,-2.848719375190643e-06,9.807751529510969e-05,2.848719375190643e-06
2041910011,2,10461,1,2.844337014654565e-06,0.00021650105654650909,2.844337014654565e-06
3047030030,3,11203,1,-2.8412570980337494e-06,7.429728822762094e-05,2.8412570980337494e-06
4085030032,4,11426,1,2.835726780771476e-06,6.629588909915964e-05,2.835726780771476e-06
4161960014,4,11694,1,2.8329637868120627e-06,2.5932588859366347e-05,2.8329637868120627e-06
4162080056,4,11694,1,2.8329637147564962e-06,2.593258815222878e-05,2.8329637147564962e-06
2033550152,2,10467,1,-2.8227956319381176e-06,0.00018902635592474523,2.8227956319381176e-06
4071640008,4,11366,1,-2.81231522494981e-06,9.827046320463585e-05,2.81231522494981e-06
3039120004,3,11208,1,-2.8105000826924813e-06,0.00010064088918747044,2.8105000826924813e-06
3013650021,3,11213,1,2.8091618750866244e-06,1.4679222868961829e-05,2.8091618750866244e-06
3078030013,3,11234,1,-2.8090865750050805e-06,2.079392561799149e-05,2.8090865750050805e-06
4080170014,4,11363,1,2.7967710275271273e-06,0.0006477684048919675,2.7967710275271273e-06
2048320027,2,10466,1,2.7940033751131e-06,4.358479605711322e-05,2.7940033751131e-06
2040970135,2,10462,1,-2.7912295319940204e-06,3.885292415313996e-05,2.7912295319940204e-06
2046150063,2,10469,1,-2.789067545422375e-06,6.76292335866864e-05,2.789067545422375e-06
2055780075,2,10465,1,-2.7877722628842196e-06,9.804668342475353e-05,2.7877722628842196e-06
4048250034,4,11354,1,-2.785528087762516e-06,7.505453052312637e-05,2.785528087762516e-06
4029830047,4,11379,1,2.7840283109399994e-06,2.376449954412705e-05,2.7840283109399994e-06
2055891008,2,10465,1,2.779289251437355e-06,7.098410871670482e-05,2.779289251437355e-06
4123550035,4,11434,1,2.779220228903312e-06,0.00031142203674286136,2.779220228903312e-06
3048920041,3,11203,1,-2.7773235794155787e-06,7.076888457654084e-06,2.7773235794155787e-06
4121140015,4,11436,1,-2.770888780272573e-06,3.113393389229274e-05,2.770888780272573e-06
4049060029,4,11358,1,2.7628131288004176e-06,8.047774886776353e-05,2.7628131288004176e-06
4077830050,4,11427,1,-2.7568377887146543e-06,6.038828309109838e-05,2.7568377887146543e-06
3019320011,3,11205,1,2.754060241654736e-06,0.00018954215986331796,2.754060241654736e-06
3021040003,3,11205,1,2.7540602182848008e-06,0.0001895421599401277,2.7540602182848008e-06
3060690052,3,11209,1,2.7460566562752164e-06,7.478654892215704e-05,2.7460566562752164e-06
2054170138,2,10465,1,2.7387126473640196e-06,5.158306468422138e-05,2.7387126473640196e-06
3017970086,3,11216,1,-2.733394447228384e-06,0.0001579615487243435,2.733394447228384e-06
4055830072,4,11358,1,2.7300876873092664e-06,8.611747176262243e-06,2.7300876873092664e-06
4101950166,4,11433,1,2.719608086154494e-06,2.7678813959900937e-05,2.719608086154494e-06
3077770020,3,11234,1,-2.7123751461136463e-06,6.0376837125449505e-05,2.7123751461136463e-06
4124530037,4,11434,1,2.7115273155271428e-06,7.985865356429747e-05,2.7115273155271428e-06
3084910063,3,11234,1,2.703639903490484e-06,3.5358941281710016e-05,2.703639903490484e-06
2030960131,2,10457,1,-2.683314842848486e-06,0.00011362718874390808,2.683314842848486e-06
4121450026,4,11433,1,2.6695692388114362e-06,6.808689622157652e-05,2.6695692388114362e-06
3067230032,3,11230,1,-2.659540643958709e-06,2.928378489976596e-05,2.659540643958709e-06
2055460131,2,10465,1,-2.657202230675585e-06,0.00012657428236026222,2.657202230675585e-06
4142010100,4,11414,1,2.6561611917672835e-06,1.0163147720338407e-05,2.6561611917672835e-06
4030210018,4,11379,1,-2.6541831209274576e-06,3.775878580929352e-05,2.6541831209274576e-06
4099350017,4,11423,1,2.648712906953683e-06,2.5338258400593722e-05,2.648712906953683e-06
4029950075,4,11379,1,-2.6446514695612164e-06,7.214014302195837e-05,2.6446514695612164e-06
3034170051,3,11207,1,-2.6433591386033888e-06,0.00015965272431833422,2.6433591386033888e-06
2045510050,2,10469,1,2.6404704638983636e-06,4.348141385117238e-05,2.6404704638983636e-06
2058851226,2,10471,1,-2.6397486864355622e-06,1.808145582614616e-05,2.6397486864355622e-06
3073840039,3,11229,1,-2.639446591671526e-06,2.980757398707713e-05,2.639446591671526e-06
4150150303,4,11434,1,2.6381806707289574e-06,4.73653044215329e-05,2.6381806707289574e-06
4073720066,4,11364,1,-2.632621042400554e-06,0.0002952303015571001,2.632621042400554e-06
2054090239,2,10465,1,-2.6257508300836878e-06,3.844368803526628e-05,2.6257508300836878e-06
4109500092,4,11412,1,-2.6246466376222396e-06,0.0003580832431362975,2.6246466376222396e-06
4018960013,4,11368,1,-2.6229617290251727e-06,2.55463147274956e-05,2.6229617290251727e-06
4124550226,4,11412,1,2.6226194891950128e-06,9.723286852421627e-05,2.6226194891950128e-06
4116110017,4,11420,1,-2.6201742288967703e-06,6.847103762146504e-05,2.6201742288967703e-06
2034360106,2,10473,1,2.618308641893628e-06,3.505300887814489e-05,2.618308641893628e-06
4087410153,4,11004,1,2.613494921147051e-06,4.9878224583288895e-05,2.613494921147051e-06
2055990005,2,10465,1,2.608677910420006e-06,5.643629886957634e-05,2.608677910420006e-06
3024060005,3,11211,1,2.606977355599162e-06,0.0003311300526863332,2.606977355599162e-06
4047780045,4,11354,1,2.6010090986199493e-06,1.0410397492701848e-05,2.6010090986199493e-06
4089670017,4,11421,1,2.59617051064091e-06,4.786642378161995e-05,2.59617051064091e-06
3082830046,3,11236,1,-2.5891471165430736e-06,0.00012626956489039212,2.5891471165430736e-06
2054730008,2,10465,1,2.5792974674853976e-06,0.0002071468966042536,2.5792974674853976e-06
2041070016,2,10461,1,2.578130542712792e-06,0.00010513915177905984,2.578130542712792e-06
4028910137,4,11373,1,-2.5765987830431584e-06,2.449357248871435e-05,2.5765987830431584e-06
2032530191,2,10463,1,-2.5763396463434704e-06,5.1038893333082565e-05,2.5763396463434704e-06
4116360002,4,11420,1,-2.5632268397377156e-06,4.2503272194689554e-05,2.5632268397377156e-06
4080950069,4,11363,1,-2.5597020833134067e-06,7.511932082672765e-05,2.5597020833134067e-06
4107530015,4,11428,1,-2.559053372137862e-06,5.333183285168611e-05,2.559053372137862e-06
4112990030,4,11411,1,2.555073879785609e-06,2.0768240950732953e-05,2.555073879785609e-06
4156140060,4,11691,1,2.5540674092234342e-06,4.953695097634434e-05,2.5540674092234342e-06
4013510040,4,11377,1,-2.5497056521445352e-06,0.00014661582498418384,2.5497056521445352e-06
3014530014,3,11233,1,-2.5411122320763943e-06,0.00010673877958774976,2.5411122320763943e-06
3076300080,3,11210,1,-2.5392754747868662e-06,0.00022306990889169812,2.5392754747868662e-06
4026520012,4,11378,1,-2.5259138245830894e-06,0.00024213681313599295,2.5259138245830894e-06
4010410007,4,11370,1,2.5217265203624035e-06,9.364631506648071e-05,2.5217265203624035e-06
4112450069,4,11429,1,2.517878420844196e-06,6.819600559320223e-05,2.517878420844196e-06
4078400041,4,11364,1,2.516330357336337e-06,0.00010027966153672998,2.516330357336337e-06
3059890073,3,11209,1,-2.512601797724225e-06,0.0001523237653969894,2.512601797724225e-06
4140750081,4,11414,1,2.509793667479276e-06,2.0358491752164295e-05,2.509793667479276e-06
3076500073,3,11210,1,2.5068700627732586e-06,1.2237033079217843e-05,2.5068700627732586e-06
4094300056,4,11419,1,2.4999589015086396e-06,2.6584920884969098e-05,2.4999589015086396e-06
4027580072,4,11378,1,-2.4997769822041594e-06,9.446593580740567e-06,2.4997769822041594e-06
4062070007,4,11361,1,-2.4969097529533394e-06,3.999098907711352e-05,2.4969097529533394e-06
4098870010,4,11432,1,2.4949583475733067e-06,0.0001530787432337445,2.4949583475733067e-06
4140420016,4,11414,1,-2.494026429012898e-06,0.00024133438338228333,2.494026429012898e-06
4073600017,4,11364,1,2.486350998042705e-06,8.956924510341855e-05,2.486350998042705e-06
3080330014,3,11236,1,2.4856947540129266e-06,8.959698442195991e-05,2.4856947540129266e-06
4071800018,4,11366,1,2.4840345340111617e-06,0.00012593951070769682,2.4840345340111617e-06
3037730140,3,11207,1,2.4651783327761357e-06,1.477103223697978e-05,2.4651783327761357e-06
2054790194,2,10465,1,-2.4645899323001656e-06,5.1107578429271105e-05,2.4645899323001656e-06
3076960047,3,11234,1,2.4641380165233546e-06,0.00011192252657110701,2.4641380165233546e-06
2034360162,2,10473,1,2.4636767667636667e-06,7.354089252457484e-05,2.4636767667636667e-06
4071870097,4,11366,1,-2.4630725676245507e-06,2.585834169639695e-05,2.4630725676245507e-06
4091920039,4,11418,1,2.461725672990327e-06,6.570664023285249e-05,2.461725672990327e-06
2046610086,2,10467,1,2.4584387326354673e-06,9.179999110485362e-05,2.4584387326354673e-06
4038090002,4,11385,1,2.4545442401511606e-06,0.0001011714846443126,2.4545442401511606e-06
3059970063,3,11209,1,2.4537192055445304e-06,0.00023937186063470065,2.4537192055445304e-06
3038210019,3,11207,1,2.4487205041288267e-06,4.008808062845587e-05,2.4487205041288267e-06
3077190038,3,11234,1,2.444267587792566e-06,0.0002038241613936774,2.444267587792566e-06
4076540045,4,11364,1,2.4401940805858076e-06,2.1063430746348676e-05,2.4401940805858076e-06
4069080059,4,11365,1,2.433095906689159e-06,0.0003709396591465366,2.433095906689159e-06
4079940008,4,11426,1,2.431640823685575e-06,6.209471151540674e-05,2.431640823685575e-06
4134730024,4,11413,1,2.4284162662077427e-06,2.4159051824414487e-05,2.4284162662077427e-06
4132730019,4,11434,1,2.4280809258920754e-06,4.110866060441412e-05,2.4280809258920754e-06
3087990019,3,11235,1,2.4277024666331905e-06,0.00014611569215499347,2.4277024666331905e-06
3077430023,3,11210,1,-2.425313542570418e-06,3.3241560952582496e-05,2.425313542570418e-06
4027520186,4,11378,1,2.415927313899892e-06,8.380859178166197e-05,2.415927313899892e-06
3075730006,3,11210,1,-2.4157510771125937e-06,8.927889902079179e-05,2.4157510771125937e-06
2054120084,2,10465,1,2.4119444310332427e-06,5.158306468422138e-05,2.4119444310332427e-06
4122460011,4,11434,1,-2.4091411581796035e-06,5.493401948130799e-05,2.4091411581796035e-06
2041570006,2,10461,1,2.39957494433738e-06,0.00045432987755980657,2.39957494433738e-06
3087570046,3,11235,1,-2.396119617253635e-06,9.961635365269208e-06,2.396119617253635e-06
3037410015,3,11207,1,2.395709960776529e-06,2.532589328777282e-05,2.395709960776529e-06
4048950041,4,11358,1,2.3878937087939707e-06,3.853437367486393e-05,2.3878937087939707e-06
4097420137,4,11435,1,2.380895119302723e-06,8.022322938906827e-05,2.380895119302723e-06
2036930027,2,10473,1,2.3802671438943794e-06,6.291394145223568e-05,2.3802671438943794e-06
4041920014,4,11357,1,-2.380206069381503e-06,7.17192886699243e-05,2.380206069381503e-06
2037830030,2,10472,1,2.3762698136025234e-06,1.5885250868218168e-05,2.3762698136025234e-06
4083990191,4,11362,1,-2.371895949649045e-06,0.0003549223757021216,2.371895949649045e-06
3067610043,3,11230,1,-2.369284020354802e-06,0.0003610911971506954,2.369284020354802e-06
4104280050,4,11412,1,2.36190170064384e-06,8.466576068219734e-05,2.36190170064384e-06
4091520056,4,11417,1,2.354820194135301e-06,6.909766665254121e-05,2.354820194135301e-06
4103650020,4,11423,1,-2.349101143924569e-06,2.6385399768457608e-05,2.349101143924569e-06
3061250008,3,11209,1,2.340304743539483e-06,2.034088949057542e-05,2.340304743539483e-06
4030000040,4,11379,1,2.340124674183156e-06,0.0006505847231048115,2.340124674183156e-06
4017160035,4,11368,1,2.3306288437970515e-06,4.1485033807791805e-05,2.3306288437970515e-06
3052090016,3,11226,1,-2.330260666854087e-06,3.6852618859197976e-05,2.330260666854087e-06
2054700014,2,10465,1,2.327487155853829e-06,8.72358122822903e-05,2.327487155853829e-06
4116430016,4,11420,1,2.327064212255857e-06,3.715946351822871e-05,2.327064212255857e-06
4060230015,4,11360,1,2.3244963078210542e-06,3.3531279788804593e-05,2.3244963078210542e-06
4102280014,4,11433,1,-2.3233956751455865e-06,8.794235420572506e-06,2.3233956751455865e-06
4095790005,4,11419,1,-2.3228605614049654e-06,1.6183217834285106e-05,2.3228605614049654e-06
4089150021,4,11421,1,-2.3216990830268043e-06,0.00013158512355667708,2.3216990830268043e-06
3058660010,3,11220,1,2.317251009048695e-06,0.00016223670947260687,2.317251009048695e-06
3017710050,3,11206,1,2.312020044027888e-06,3.005762298716032e-05,2.312020044027888e-06
4018500033,4,11373,1,-2.3063874195989487e-06,5.321775928226398e-05,2.3063874195989487e-06
2034720049,2,10473,1,2.302514669414062e-06,1.2935723049657227e-05,2.302514669414062e-06
4082460067,4,11362,1,2.2961999300793955e-06,8.677152833088032e-05,2.2961999300793955e-06
3012410076,3,11216,1,-2.29125993146341e-06,4.194298556054951e-05,2.29125993146341e-06
3065160083,3,11230,1,-2.2853302534515582e-06,9.617808551474764e-05,2.2853302534515582e-06
4128970012,4,11413,1,2.2824794389256587e-06,7.48386891382895e-05,2.2824794389256587e-06
2035980062,2,10473,1,2.2810488645397506e-06,0.00027982262202345227,2.2810488645397506e-06
3078080043,3,11210,1,2.2810389174192456e-06,7.290318003931728e-05,2.2810389174192456e-06
4087020128,4,11004,1,2.275335648112325e-06,0.00025274844116142896,2.275335648112325e-06
4014150059,4,11370,1,-2.2625120459917798e-06,4.438871591656999e-05,2.2625120459917798e-06
4011710026,4,11370,1,-2.2625120220783392e-06,4.4388715591296386e-05,2.2625120220783392e-06
2047340023,2,10469,1,-2.256332264570536e-06,1.846911135245406e-05,2.256332264570536e-06
3086410010,3,11234,1,2.254902309700209e-06,0.00015540772354215554,2.254902309700209e-06
4161330025,4,11693,1,-2.2542715006605655e-06,2.93201616281799e-06,2.2542715006605655e-06
3078090023,3,11210,1,-2.2518581579280992e-06,5.7031047084252706e-05,2.2518581579280992e-06
2050040014,2,10466,1,-2.2512242287386813e-06,6.019204404091491e-05,2.2512242287386813e-06
4083740051,4,11362,1,2.2457218325660043e-06,0.00011856021566131016,2.2457218325660043e-06
3042470004,3,11208,1,-2.2451702559890485e-06,3.45728009356704e-05,2.2451702559890485e-06
4115970037,4,11420,1,2.2430103433726093e-06,5.6505746431725743e-05,2.2430103433726093e-06
3009240061,3,11232,1,2.235691449794214e-06,7.301550930213113e-05,2.235691449794214e-06
4099520053,4,11432,1,-2.217252790753849e-06,5.332573930076135e-05,2.217252790753849e-06
3078640019,3,11234,1,2.216589178496926e-06,9.208724286942942e-05,2.216589178496926e-06
3016760030,3,11233,1,-2.2163121711833696e-06,6.319286279383995e-05,2.2163121711833696e-06
4084440032,4,11004,1,-2.194857461325417e-06,7.092494940308166e-05,2.194857461325417e-06
4042340044,4,11356,1,-2.193591386068294e-06,2.0325333745203287e-05,2.193591386068294e-06
4132540006,4,11422,1,2.187922739105549e-06,0.0001249644029923157,2.187922739105549e-06
3032750006,3,11221,1,2.1869641988834942e-06,0.00010865286469612098,2.1869641988834942e-06
4054080051,4,11355,1,2.1804483610089467e-06,4.4010955777928096e-05,2.1804483610089467e-06
4102650141,4,11433,1,-2.1751004298100937e-06,2.8028762727926536e-05,2.1751004298100937e-06
2026750013,2,10455,1,-2.1748923902845987e-06,0.00020866120573054568,2.1748923902845987e-06
4089710020,4,11421,1,-2.1714163569807474e-06,0.0001502775034687368,2.1714163569807474e-06
4042310040,4,11356,1,-2.166347162331446e-06,5.610652772554468e-05,2.166347162331446e-06
4094130012,4,11419,1,-2.1619823282381802e-06,0.00015860245758480743,2.1619823282381802e-06
4099030074,4,11423,1,2.1619611747659556e-06,5.9768060887294095e-05,2.1619611747659556e-06
3074330069,3,11235,1,2.1599259519190935e-06,1.2949205881372498e-05,2.1599259519190935e-06
3086160016,3,11234,1,2.1558462017722653e-06,3.925063810857382e-05,2.1558462017722653e-06
2047500001,2,10469,1,-2.14280318583181e-06,7.385903626572877e-05,2.14280318583181e-06
4117540004,4,11420,1,-2.140391925297771e-06,6.935709607074201e-05,2.140391925297771e-06
4030590036,4,11379,1,2.140379525310526e-06,1.9260590735701887e-05,2.140379525310526e-06
4100820026,4,11435,1,2.140298757428733e-06,3.5914245677508944e-05,2.140298757428733e-06
4037210004,4,11385,1,2.13800313154693e-06,1.2576706250327453e-05,2.13800313154693e-06
3088451962,3,11229,1,2.136883926041099e-06,4.5284372756201484e-05,2.136883926041099e-06
4107500011,4,11428,1,-2.133349338198612e-06,4.2129807437053765e-05,2.133349338198612e-06
3013840063,3,11213,1,-2.1322672369616815e-06,9.238273505600555e-06,2.1322672369616815e-06
2053230008,2,10465,1,2.1304241077995875e-06,5.8428531709580394e-05,2.1304241077995875e-06
2047140017,2,10469,1,-2.1246019152939833e-06,6.413473871409405e-06,2.1246019152939833e-06
4088890041,4,11421,1,-2.124225746825375e-06,0.00026305557633956136,2.124225746825375e-06
3048920021,3,11203,1,-2.1238377300791164e-06,6.528984366113743e-06,2.1238377300791164e-06
4122010035,4,11434,1,2.1235557873673617e-06,5.069743767665911e-05,2.1235557873673617e-06
3040030113,3,11208,1,-2.1227043506091238e-06,7.798666937743995e-05,2.1227043506091238e-06
4085060051,4,11426,1,2.094104367237931e-06,6.752970299551754e-05,2.094104367237931e-06
4111730030,4,11429,1,2.0892438520810387e-06,9.343291217614149e-05,2.0892438520810387e-06
4120150092,4,11436,1,-2.0872174798292686e-06,6.134190880571866e-05,2.0872174798292686e-06
4111750066,4,11429,1,2.078328966019931e-06,4.159789343079362e-05,2.078328966019931e-06
4055860001,4,11358,1,2.077087780777361e-06,0.00012593240160847828,2.077087780777361e-06
4072650047,4,11432,1,-2.0759919191270525e-06,1.3279599097708718e-05,2.0759919191270525e-06
4088390080,4,11421,1,2.070340339545526e-06,4.526441860699742e-05,2.070340339545526e-06
4057470035,4,11357,1,2.068862347353417e-06,8.445785029624435e-05,2.068862347353417e-06
2032630257,2,10463,1,2.068673270818773e-06,0.00012195829762121188,2.068673270818773e-06
3049560028,3,11203,1,-2.0677170997596954e-06,1.3567342562624792e-05,2.0677170997596954e-06
3047960044,3,11225,1,-2.06263065958656e-06,8.127194638838872e-06,2.06263065958656e-06
3056580052,3,11220,1,-2.0597865011159806e-06,1.1995462811180389e-05,2.0597865011159806e-06
4079880011,4,11426,1,2.0590498130253914e-06,2.3834283885483988e-05,2.0590498130253914e-06
4129780014,4,11422,1,2.0546989550440657e-06,0.0002659322664366661,2.0546989550440657e-06
4141970015,4,11414,1,2.0537289942223833e-06,0.0004780318606392803,2.0537289942223833e-06
4052650034,4,11354,1,-2.0490426855273025e-06,4.078756061965233e-05,2.0490426855273025e-06
3061780121,3,11228,1,2.04901714192755e-06,1.010457867969462e-05,2.04901714192755e-06
3060490051,3,11209,1,-2.04125535422172e-06,0.00014006549813386533,2.04125535422172e-06
4120640003,4,11436,1,2.0405378079398726e-06,1.2749605065494774e-05,2.0405378079398726e-06
4083990137,4,11362,1,2.038687052645316e-06,1.5977776217265458e-05,2.038687052645316e-06
4080990118,4,11363,1,2.034384657529739e-06,0.00015173279201735005,2.034384657529739e-06
4102430076,4,11433,1,2.0318659281468074e-06,3.245029539496444e-05,2.0318659281468074e-06
3040620129,3,11207,1,-2.0300602569650205e-06,3.095626119254308e-05,2.0300602569650205e-06
3065660080,3,11230,1,-2.024583886421304e-06,0.000114740015129292,2.024583886421304e-06
2055470021,2,10465,1,-2.0208986761854742e-06,0.0002706857276958386,2.0208986761854742e-06
4088030067,4,11001,1,2.02086650540769e-06,9.01760065592252e-05,2.02086650540769e-06
2054100170,2,10465,1,-2.0178218237027964e-06,6.455139217830302e-05,2.0178218237027964e-06
3062440012,3,11228,2,-2.016422589079984e-06,6.750904446342897e-05,2.016422589079984e-06
4110630032,4,11412,1,-2.0081277244903792e-06,0.00012693088592659313,2.0081277244903792e-06
2040870009,2,10461,1,-2.005744541685318e-06,9.123490295375472e-05,2.005744541685318e-06
4098290014,4,11432,1,-2.0048735247298317e-06,0.0002354276026818763,2.0048735247298317e-06
4126290036,4,11412,1,2.001886780630822e-06,9.99847781335501e-05,2.001886780630822e-06
3076480058,3,11210,1,-1.996267845280915e-06,0.00013067863284137204,1.996267845280915e-06
4119930049,4,11436,1,-1.9929040370124075e-06,2.6932119433746224e-05,1.9929040370124075e-06
3080820025,3,11236,1,-1.9919549347339426e-06,6.537985031241413e-05,1.9919549347339426e-06
4155740092,4,11691,1,1.9907358002709333e-06,4.812839910876874e-05,1.9907358002709333e-06
4090230026,4,11416,1,-1.9872681407160555e-06,5.0352215339465384e-05,1.9872681407160555e-06
3004300051,3,11231,1,-1.984924286211099e-06,0.00025700282871383143,1.984924286211099e-06
4094500049,4,11419,1,1.978164818323127e-06,4.229663402177615e-05,1.978164818323127e-06
3078710076,3,11234,1,-1.9761591791872075e-06,0.00011109919332353267,1.9761591791872075e-06
3013480036,3,11213,1,-1.9740938385614043e-06,2.5345413986078662e-05,1.9740938385614043e-06
3057580006,3,11219,1,-1.9723758892660933e-06,5.003150162419263e-05,1.9723758892660933e-06
4121940043,4,11434,1,-1.9606152153203175e-06,5.24445233260154e-05,1.9606152153203175e-06
2048810097,2,10469,1,-1.9577955932943174e-06,0.00010878899881852622,1.9577955932943174e-06
3066390034,3,11223,1,-1.9498543154042466e-06,0.00010239920316175137,1.9498543154042466e-06
3027060005,3,11222,1,-1.9495250867356963e-06,0.00010145583812117067,1.9495250867356963e-06
4038310047,4,11385,1,1.9442459504637768e-06,1.9639585718746636e-05,1.9442459504637768e-06
4122140017,4,11434,1,-1.9434723615727392e-06,4.644701009504891e-05,1.9434723615727392e-06
4109540009,4,11412,1,-1.9402745041163024e-06,0.0004224436331727075,1.9402745041163024e-06
4077810028,4,11427,1,-1.939375234962338e-06,1.596363445589972e-05,1.939375234962338e-06
4038560168,4,11385,1,1.9327387803424522e-06,6.927944564647496e-05,1.9327387803424522e-06
4110270317,4,11411,1,-1.93041603085565e-06,4.695413673320528e-05,1.93041603085565e-06
4156130018,4,11691,1,-1.9275133255974154e-06,0.0002754149503003515,1.9275133255974154e-06
2034830109,2,10473,1,-1.9252233060516168e-06,1.7744042657477524e-05,1.9252233060516168e-06
2048520066,2,10466,1,-1.9243210859220984e-06,2.02388227921551e-05,1.9243210859220984e-06
4011730070,4,11370,1,-1.9243165102969726e-06,1.7776090906430686e-05,1.9243165102969726e-06
3085400027,3,11234,1,-1.9231148926350846e-06,1.6414532887187294e-05,1.9231148926350846e-06
4079080037,4,11426,1,-1.91238600906266e-06,2.820025431667018e-05,1.91238600906266e-06
3007240062,3,11232,1,1.909431928175311e-06,0.0001266668692291903,1.909431928175311e-06
3007460055,3,11220,1,-1.907512536805742e-06,7.467918415739355e-05,1.907512536805742e-06
3071450043,3,11223,1,-1.9032411011221216e-06,2.8042574553522882e-05,1.9032411011221216e-06
3072620050,3,11235,1,1.8942733484034512e-06,1.8108274947668294e-05,1.8942733484034512e-06
2050670055,2,10470,1,-1.8933571915328555e-06,4.874692911858762e-05,1.8933571915328555e-06
3066520037,3,11223,1,1.892321358694544e-06,7.622624748401696e-05,1.892321358694544e-06
4071920029,4,11366,1,-1.8877155267369673e-06,3.9658114519801444e-05,1.8877155267369673e-06
2055970013,2,10465,1,-1.8877027847259094e-06,3.759783571175699e-05,1.8877027847259094e-06
2042410046,2,10461,1,-1.8825728487454783e-06,0.00011228275187148043,1.8825728487454783e-06
2046610014,2,10467,1,1.881642334748018e-06,0.00021076751036684758,1.881642334748018e-06
3084570027,3,11234,1,-1.8765091489620256e-06,6.897834949926783e-06,1.8765091489620256e-06
4072320032,4,11432,1,1.874213289985672e-06,5.9302851939023406e-06,1.874213289985672e-06
2022780046,2,10454,1,1.8647782344531677e-06,1.859773306919132e-05,1.8647782344531677e-06
4120080046,4,11436,1,1.857721333462806e-06,4.8659280643628314e-05,1.857721333462806e-06
4032900099,4,11375,1,-1.8457074033750946e-06,0.00017476493017372282,1.8457074033750946e-06
3039520018,3,11207,1,-1.8446906884040682e-06,6.69845810671962e-05,1.8446906884040682e-06
4029350010,4,11379,1,1.838533425448376e-06,1.6698783172533805e-05,1.838533425448376e-06
4091780027,4,11418,1,1.8301771003483904e-06,0.0001467498013657916,1.8301771003483904e-06
4041980011,4,11356,1,1.8226456806962617e-06,4.6880856732452124e-05,1.8226456806962617e-06
4127720228,4,11411,1,1.813691480654303e-06,1.3316633205726692e-05,1.813691480654303e-06
2040660004,2,10461,1,1.8112449621430477e-06,0.00011606718336874102,1.8112449621430477e-06
4027520211,4,11378,1,1.8062617801643333e-06,0.0006691725518118383,1.8062617801643333e-06
3015370012,3,11233,1,-1.7984454823964894e-06,5.486410544201556e-05,1.7984454823964894e-06
4120430107,4,11436,1,-1.797340197804521e-06,8.062527255275269e-05,1.797340197804521e-06
2048280009,2,10466,1,-1.7957052956818332e-06,9.07247466092929e-05,1.7957052956818332e-06
4106010029,4,11428,1,1.7955166355174265e-06,2.0131772469256855e-05,1.7955166355174265e-06
4037750009,4,11379,1,-1.7884527236711335e-06,5.721044236852121e-05,1.7884527236711335e-06
3016610082,3,11233,1,1.7835752567913915e-06,1.5167498952769996e-05,1.7835752567913915e-06
2044710019,2,10469,1,1.7833750800530352e-06,1.4416746765210032e-05,1.7833750800530352e-06
4115300010,4,11417,1,1.7770741907934146e-06,8.854734130191215e-05,1.7770741907934146e-06
3046580044,3,11203,1,-1.7767144141783149e-06,7.354780415580128e-05,1.7767144141783149e-06
4123300039,4,11434,1,-1.7695071732589763e-06,1.2879651586485596e-05,1.7695071732589763e-06
2048600030,2,10466,1,-1.7665734617625994e-06,6.700028113913354e-05,1.7665734617625994e-06
4037870027,4,11379,1,1.7660750498772889e-06,3.1542575466167344e-05,1.7660750498772889e-06
2031450037,2,10457,1,-1.7617452084313186e-06,6.847174608789108e-06,1.7617452084313186e-06
2048590017,2,10466,1,-1.7534841546100341e-06,0.00011463410060408999,1.7534841546100341e-06
4157350059,4,11691,1,-1.7470595424837062e-06,0.00011930378569822796,1.7470595424837062e-06
3046510055,3,11212,1,-1.7444595659044683e-06,3.844479806680883e-05,1.7444595659044683e-06
4101820049,4,11433,1,1.7430339362280072e-06,4.5284443282071486e-05,1.7430339362280072e-06
4129010322,4,11413,1,1.7383399586817449e-06,3.739116398730302e-05,1.7383399586817449e-06
2047420014,2,10469,1,1.7378179554750573e-06,1.4816611518270851e-05,1.7378179554750573e-06
2047390050,2,10469,1,-1.7287976759417448e-06,6.409323567915607e-05,1.7287976759417448e-06
3076960041,3,11234,1,1.727452529238566e-06,2.4588793348116946e-05,1.727452529238566e-06
3013790005,3,11213,1,-1.7268258958318149e-06,1.4317788067037116e-05,1.7268258958318149e-06
2054290053,2,10465,1,-1.7233569401347284e-06,1.273348701667212e-05,1.7233569401347284e-06
4029130032,4,11379,1,1.723246014693561e-06,6.962715610423776e-05,1.723246014693561e-06
4011700020,4,11370,1,1.7214143685286572e-06,0.00012772233889720642,1.7214143685286572e-06
4090960041,4,11416,1,1.7178901081916702e-06,0.0007951380115734738,1.7178901081916702e-06
2054000009,2,10461,1,1.7151536921641392e-06,7.747367564207737e-05,1.7151536921641392e-06
2036670048,2,10473,1,-1.7111336004106299e-06,0.00013888506059015214,1.7111336004106299e-06
4116970013,4,11420,1,1.709919476904627e-06,9.908547654665686e-05,1.709919476904627e-06
2054320042,2,10465,1,1.6973159823584537e-06,2.2247608099757363e-05,1.6973159823584537e-06
4154560018,4,11693,1,-1.696950437089915e-06,5.1427258944054215e-05,1.696950437089915e-06
4069300026,4,11365,1,-1.6942730181323406e-06,7.011777218599583e-06,1.6942730181323406e-06
4162980018,4,11694,1,1.6935138518600022e-06,8.931492695506606e-06,1.6935138518600022e-06
4039750024,4,11356,1,1.6909435685247687e-06,1.8784659524909764e-05,1.6909435685247687e-06
2041940018,2,10461,1,1.690378965784041e-06,9.956570936729967e-05,1.690378965784041e-06
4117550079,4,11420,1,-1.6881290638642185e-06,1.1536709066193584e-05,1.6881290638642185e-06
4119600072,4,11435,1,-1.6842790125487924e-06,2.3768658278951416e-05,1.6842790125487924e-06
4123320147,4,11434,1,1.68424104972788e-06,1.6928916225789395e-05,1.68424104972788e-06
3074050754,3,11229,1,1.6835932690010475e-06,0.00037375422987751233,1.6835932690010475e-06
3077190013,3,11234,1,-1.6709869863179408e-06,0.00010954912541591202,1.6709869863179408e-06
2041110042,2,10461,1,-1.665684672006899e-06,2.751656016182508e-05,1.665684672006899e-06
4101980012,4,11433,1,1.6631284429034312e-06,0.00012681029653301596,1.6631284429034312e-06
4048660057,4,11354,1,1.6629445765752198e-06,3.6335360975931516e-05,1.6629445765752198e-06
4110880008,4,11429,1,-1.6617699420870578e-06,1.3612087449753403e-05,1.6617699420870578e-06
4031990061,4,11375,1,-1.6606943949580707e-06,9.414753236326375e-05,1.6606943949580707e-06
4162610019,4,11694,1,1.6551867902938383e-06,7.544668433590426e-05,1.6551867902938383e-06
4040240046,4,11356,1,-1.6527614360384457e-06,1.8784659524909764e-05,1.6527614360384457e-06
4121710022,4,11433,1,-1.6470997069036227e-06,7.387936253939957e-05,1.6470997069036227e-06
4088920106,4,11421,1,-1.6447302662016641e-06,2.029102329552931e-05,1.6447302662016641e-06
4090190018,4,11416,1,1.6446057945891757e-06,2.5447208116295968e-05,1.6446057945891757e-06
4030690030,4,11379,1,-1.6434456206442462e-06,7.997224358617831e-05,1.6434456206442462e-06
4071340019,4,11365,1,1.6404916213928742e-06,0.0004011539392922113,1.6404916213928742e-06
4112440007,4,11429,1,-1.6404241502310049e-06,3.4481994274500796e-05,1.6404241502310049e-06
2053550049,2,10461,1,-1.6398855079522478e-06,3.1246039360982124e-05,1.6398855079522478e-06
3071430035,3,11223,1,1.6362755626178317e-06,1.4241819976723092e-05,1.6362755626178317e-06
4106590089,4,11427,1,1.634964987434564e-06,1.596363445589972e-05,1.634964987434564e-06
4119720056,4,11436,1,-1.6346089492203484e-06,0.00011698577742262694,1.6346089492203484e-06
4156610023,4,11691,1,-1.6282751286869244e-06,0.00011894467292373238,1.6282751286869244e-06
3077920001,3,11234,1,1.6281632575706113e-06,6.591102475489728e-06,1.6281632575706113e-06
2053770024,2,10461,1,-1.6242942377251585e-06,4.401543128233194e-05,1.6242942377251585e-06
4132890014,4,11434,1,1.6216849010104111e-06,1.3554818087980293e-05,1.6216849010104111e-06
3015720031,3,11233,1,1.6196939329823091e-06,0.00013820875339009043,1.6196939329823091e-06
4040560026,4,11356,1,-1.6196755864759576e-06,0.00012606953385279672,1.6196755864759576e-06
2048720053,2,10466,1,-1.613471809989557e-06,0.0006230946448962198,1.613471809989557e-06
4036530029,4,11385,1,1.6116645050843523e-06,1.703374762373748e-05,1.6116645050843523e-06
4036800019,4,11385,1,1.609581469180408e-06,1.3918845608329667e-05,1.609581469180408e-06
3061820001,3,11204,1,1.608133876470694e-06,1.4841811596513345e-05,1.608133876470694e-06
4119310010,4,11435,1,1.6055344341094302e-06,9.622816372674604e-06,1.6055344341094302e-06
4038170007,4,11385,1,1.5979764810653176e-06,4.6415412840813004e-05,1.5979764810653176e-06
3017060010,3,11213,1,-1.5967045943492959e-06,1.1458199929761654e-05,1.5967045943492959e-06
4038440053,4,11385,1,1.5963116207481127e-06,3.2073357487736844e-05,1.5963116207481127e-06
4089820052,4,11421,1,1.5940108820075574e-06,9.589566292912266e-05,1.5940108820075574e-06
4121940037,4,11434,1,1.5896605971131652e-06,3.6996674770768045e-05,1.5896605971131652e-06
4106400024,4,11428,1,1.5884451161034404e-06,5.6094033264971556e-05,1.5884451161034404e-06
3019160037,3,11205,1,-1.5884429652487137e-06,0.00024395542304518413,1.5884429652487137e-06
4015240020,4,11373,1,-1.5881951010957304e-06,7.84010291676865e-06,1.5881951010957304e-06
3037910041,3,11207,1,1.5878974865892072e-06,0.000548478490678035,1.5878974865892072e-06
4071670033,4,11366,1,-1.5868187370661978e-06,0.00030540492434708835,1.5868187370661978e-06
4011080019,4,11369,1,-1.5853250548810434e-06,2.690344906997719e-05,1.5853250548810434e-06
3057690068,3,11219,1,1.5829575249914902e-06,1.943372557007374e-05,1.5829575249914902e-06
4122030239,4,11434,1,1.5787872936570706e-06,9.090177551053058e-05,1.5787872936570706e-06
3077070029,3,11234,1,1.5759691589578917e-06,3.980812413445794e-05,1.5759691589578917e-06
4044710029,4,11357,1,1.5731815559221249e-06,0.00025856353649278884,1.5731815559221249e-06
4109710010,4,11412,1,1.571832932573329e-06,6.573771499281621e-06,1.571832932573329e-06
4091040041,4,11416,1,-1.563688825376672e-06,4.457840392940718e-05,1.563688825376672e-06
2031030058,2,10458,1,1.5628940445162745e-06,0.00030815303227741287,1.5628940445162745e-06
4095290035,4,11417,1,-1.549585864449704e-06,0.00019346503613925314,1.549585864449704e-06
4123170085,4,11434,1,-1.5461780088309348e-06,6.554930223479755e-05,1.5461780088309348e-06
4042240015,4,11356,1,1.5454926892325697e-06,2.5273863240932973e-05,1.5454926892325697e-06
4108940033,4,11412,1,1.544927712452795e-06,1.0198738696218367e-05,1.544927712452795e-06
2047550064,2,10469,1,1.5402981470084386e-06,0.00015419562162396312,1.5402981470084386e-06
2054730003,2,10465,1,1.5398895253674072e-06,4.779307674712566e-05,1.5398895253674072e-06
4103060027,4,11434,1,-1.538739525378281e-06,6.036417747894465e-05,1.538739525378281e-06
4104710040,4,11423,1,1.5332298563661472e-06,0.00015625754099014334,1.5332298563661472e-06
4041310030,4,11356,1,1.5267425032508419e-06,2.0058304131091655e-05,1.5267425032508419e-06
4155050011,4,11691,1,-1.526473544051699e-06,9.54475893734051e-05,1.526473544051699e-06
4038310071,4,11385,1,1.5251664753633444e-06,7.541229665417084e-05,1.5251664753633444e-06
4091850008,4,11418,1,-1.5224164512426445e-06,5.4682659474869376e-05,1.5224164512426445e-06
4093910014,4,11419,1,1.5223359233574807e-06,3.46966011458082e-05,1.5223359233574807e-06
4089090014,4,11421,1,-1.515751382270255e-06,6.165556751429321e-05,1.515751382270255e-06
4010980042,4,11369,1,-1.5145813403081385e-06,5.051176018728491e-05,1.5145813403081385e-06
3035520051,3,11212,1,1.5139533016364342e-06,6.333027004999843e-05,1.5139533016364342e-06
3015630130,3,11233,1,1.5095989835315512e-06,9.688361294510223e-05,1.5095989835315512e-06
4070390022,4,11432,1,1.4993459340333148e-06,1.0150671099585384e-05,1.4993459340333148e-06
4057510032,4,11357,1,-1.4973934877626994e-06,0.00013759010313834,1.4973934877626994e-06
3077350065,3,11234,1,1.492269614014553e-06,3.470765133888633e-05,1.492269614014553e-06
4045480072,4,11357,2,-1.4754682947838346e-06,5.429014270555994e-05,1.4754682947838346e-06
4056140016,4,11358,1,-1.4745585275572082e-06,3.1118378150727375e-05,1.4745585275572082e-06
4139790001,4,11414,1,1.472297689463548e-06,7.995124278430555e-05,1.472297689463548e-06
4158070022,4,11691,1,-1.4673577258190016e-06,2.8216869860001184e-05,1.4673577258190016e-06
3082500050,3,11236,1,-1.4637328354389958e-06,2.3293540500568817e-05,1.4637328354389958e-06
3042090016,3,11208,1,-1.4586456285757696e-06,4.435704904565547e-05,1.4586456285757696e-06
3064330025,3,11214,1,1.448187978694159e-06,2.025790222973887e-05,1.448187978694159e-06
2056010036,2,10465,1,-1.4459302208208308e-06,4.099922098443954e-05,1.4459302208208308e-06
2053330042,2,10461,1,1.4437090406494403e-06,6.576974539629617e-05,1.4437090406494403e-06
2055290051,2,10465,1,1.4381739442195835e-06,0.00018441375791887498,1.4381739442195835e-06
4116480004,4,11420,1,1.4372028713234706e-06,1.2489853081594642e-05,1.4372028713234706e-06
4104010108,4,11412,1,-1.43216107855246e-06,0.00010130392126342185,1.43216107855246e-06
3033880050,3,11221,1,1.4276236718169113e-06,0.00021051219736263342,1.4276236718169113e-06
2047330020,2,10469,1,-1.4272408608239785e-06,3.043914127259903e-05,1.4272408608239785e-06
2035950018,2,10473,1,1.425091984289481e-06,7.83744678146701e-05,1.425091984289481e-06
2055450024,2,10465,1,1.4244986574111887e-06,6.26237472339911e-05,1.4244986574111887e-06
4028950015,4,11373,1,-1.4209205973752249e-06,3.4134908900591e-05,1.4209205973752249e-06
2055920021,2,10465,1,1.4157652354446968e-06,3.164723332176588e-05,1.4157652354446968e-06
3059540051,3,11228,1,1.4149760215007372e-06,1.010457867969462e-05,1.4149760215007372e-06
4044690012,4,11357,1,-1.4029257539512539e-06,5.429014270555993e-05,1.4029257539512539e-06
2044860052,2,10469,1,1.4007414113493543e-06,0.0001478017624984006,1.4007414113493543e-06
4121740104,4,11433,1,1.40035300009849e-06,2.306503748384054e-05,1.40035300009849e-06
4118050024,4,11420,1,1.3999385593163098e-06,1.4168914421988112e-05,1.3999385593163098e-06
4136470090,4,11422,1,-1.3961908181231313e-06,4.3872767345847294e-05,1.3961908181231313e-06
2055900033,2,10465,1,-1.3942439553313835e-06,1.3527842231142855e-05,1.3942439553313835e-06
3078620034,3,11234,1,1.393453549617289e-06,2.4588793348116946e-05,1.393453549617289e-06
2050120011,2,10466,1,-1.3926323762386284e-06,2.237918631387066e-05,1.3926323762386284e-06
4088040001,4,11001,1,-1.3924071943249253e-06,0.00040219156662353334,1.3924071943249253e-06
4095780039,4,11419,1,-1.3832150632461984e-06,0.00015091348197745553,1.3832150632461984e-06
2042780015,2,10461,1,1.3820858553064543e-06,1.0315286551741808e-05,1.3820858553064543e-06
3033590026,3,11221,1,1.3804247521961e-06,1.689556962752401e-05,1.3804247521961e-06
2055010037,2,10465,1,1.3762214892568744e-06,0.00034396887116584606,1.3762214892568744e-06
2040740014,2,10461,1,1.3760246590528072e-06,4.131361633142719e-06,1.3760246590528072e-06
4108670043,4,11423,1,1.3663431184813814e-06,2.2240443075453277e-05,1.3663431184813814e-06
3084590010,3,11234,1,1.3662961856958708e-06,0.0002038241613936774,1.3662961856958708e-06
4095490069,4,11419,1,-1.3508261759134016e-06,7.912201447030067e-05,1.3508261759134016e-06
4109360245,4,11412,1,1.3477558739377006e-06,2.5979193093988705e-05,1.3477558739377006e-06
3087930052,3,11235,1,-1.3473489655047667e-06,2.279890002218816e-05,1.3473489655047667e-06
4121990124,4,11434,1,1.3386023409421647e-06,0.00010668097232174864,1.3386023409421647e-06
4087070007,4,11040,1,1.3369121090674383e-06,3.239721789988401e-05,1.3369121090674383e-06
4087250049,4,11040,1,1.3369121011515156e-06,3.239721779137432e-05,1.3369121011515156e-06
4067360036,4,11365,1,-1.3349836039770701e-06,6.977270290425293e-06,1.3349836039770701e-06
2055900180,2,10465,1,1.3338431945095132e-06,1.8570623993255636e-05,1.3338431945095132e-06
2046180001,2,10469,1,1.3318489704222773e-06,6.780187604018459e-05,1.3318489704222773e-06
2040480006,2,10462,1,-1.3316007118679884e-06,0.00017582923789004714,1.3316007118679884e-06
4086780005,4,11004,1,1.326313554562886e-06,0.0001341481647894106,1.326313554562886e-06
4029340037,4,11379,1,1.3258289789744673e-06,0.0009177357533635339,1.3258289789744673e-06
2056440311,2,10464,1,-1.318187940812703e-06,1.0818666961539332e-05,1.318187940812703e-06
3065320042,3,11230,1,-1.312510016701507e-06,0.0005502840337419446,1.312510016701507e-06
4028450036,4,11379,1,-1.3082993203716955e-06,3.9072262909426205e-05,1.3082993203716955e-06
4102730121,4,11433,1,1.305008045446365e-06,0.00015152796428768316,1.305008045446365e-06
2045800009,2,10469,1,-1.304842026271067e-06,9.197625215110675e-06,1.304842026271067e-06
4109920031,4,11412,1,1.2998788876176636e-06,9.790973706824258e-05,1.2998788876176636e-06
4073650023,4,11364,1,1.2992770942707504e-06,1.9411762876668325e-05,1.2992770942707504e-06
3087960092,3,11235,1,-1.2983070223626885e-06,2.9595893743049875e-05,1.2983070223626885e-06
3080520024,3,11236,1,1.2981170173255437e-06,0.00018098740795874675,1.2981170173255437e-06
4045210016,4,11357,1,-1.2964741570055755e-06,0.00017633075565487788,1.2964741570055755e-06
4119560013,4,11435,1,-1.2927710859436571e-06,1.498565486354671e-05,1.2927710859436571e-06
3085930019,3,11234,1,-1.290589657037086e-06,0.00019247523186964277,1.290589657037086e-06
4109820204,4,11412,1,1.2891192416627856e-06,4.236829072494327e-05,1.2891192416627856e-06
2047000051,2,10469,1,-1.2890123385073051e-06,8.311386586830487e-05,1.2890123385073051e-06
4081120053,4,11363,1,1.2833754649440638e-06,4.1216829395032545e-05,1.2833754649440638e-06
3085460030,3,11234,1,-1.2590870240244325e-06,9.478552922656681e-05,1.2590870240244325e-06
4015680061,4,11373,1,1.2582702208551173e-06,4.964165727336785e-05,1.2582702208551173e-06
2058640514,2,10471,1,-1.2555114904894547e-06,3.650404910513777e-05,1.2555114904894547e-06
4115480020,4,11417,1,1.2541902913015736e-06,1.5084613781455623e-05,1.2541902913015736e-06
4121980016,4,11434,1,-1.2494265199730374e-06,4.207962873945246e-05,1.2494265199730374e-06
2049830062,2,10466,1,1.2491822534373508e-06,2.4522945745209272e-05,1.2491822534373508e-06
4107270015,4,11428,1,1.2481776634001974e-06,0.0002531765665355097,1.2481776634001974e-06
4019970036,4,11368,1,1.2476879354411541e-06,2.4956069998838333e-05,1.2476879354411541e-06
3078860056,3,11234,1,1.2455577061122095e-06,4.066366654136686e-05,1.2455577061122095e-06
3050550080,3,11226,1,1.2411010241906711e-06,1.7744103018483445e-05,1.2411010241906711e-06
4142501479,4,11414,1,1.2410731061873136e-06,0.00031517688165461164,1.2410731061873136e-06
4042880013,4,11357,1,-1.2369863037811644e-06,1.4966455491024454e-05,1.2369863037811644e-06
4040820029,4,11356,1,1.2346273502878916e-06,0.0003643614233723981,1.2346273502878916e-06
3039790025,3,11207,1,1.231432806909007e-06,0.00014575786529075408,1.231432806909007e-06
3082090047,3,11236,1,-1.2154757521565552e-06,1.6197778436772664e-05,1.2154757521565552e-06
3066450086,3,11223,1,1.2126168173502218e-06,0.0001452048327159233,1.2126168173502218e-06
4163000050,4,11694,1,-1.2117180232232936e-06,6.0602723508508035e-05,1.2117180232232936e-06
4110730117,4,11412,1,1.2055141184282665e-06,1.756832731232601e-05,1.2055141184282665e-06
3040020023,3,11208,1,1.2052860275567327e-06,7.502688242979756e-05,1.2052860275567327e-06
4159680091,4,11691,1,1.2040078834880542e-06,1.373501407166128e-05,1.2040078834880542e-06
4081860019,4,11362,1,1.2008936686656266e-06,2.627608118891371e-05,1.2008936686656266e-06
2037130060,2,10472,1,-1.1993597912073709e-06,9.44318055434386e-06,1.1993597912073709e-06
2037130062,2,10472,1,-1.1993597912073709e-06,9.44318055434386e-06,1.1993597912073709e-06
2037130066,2,10472,1,-1.1993597912073709e-06,9.44318055434386e-06,1.1993597912073709e-06
2037130067,2,10472,1,-1.1993597912073709e-06,9.44318055434386e-06,1.1993597912073709e-06
2053610044,2,10461,1,-1.1960845272870834e-06,9.795004448736371e-05,1.1960845272870834e-06
4015880059,4,11373,1,-1.1947023734609498e-06,5.622315590756003e-05,1.1947023734609498e-06
2050900031,2,10466,1,1.1917899067188447e-06,8.294274951850822e-05,1.1917899067188447e-06
4134690031,4,11413,1,1.1910439578196846e-06,0.000160016552152245,1.1910439578196846e-06
3075750002,3,11210,1,1.176263064916581e-06,7.903624936670469e-06,1.176263064916581e-06
2032940015,2,10458,1,-1.175549409544794e-06,7.1511991365105e-05,1.175549409544794e-06
2048570039,2,10466,1,1.1681060858839964e-06,0.000126282305129854,1.1681060858839964e-06
4030310020,4,11379,1,1.1617861393840094e-06,0.00013030447593835855,1.1617861393840094e-06
4062470018,4,11361,1,1.1577960385988616e-06,0.00022769638083536354,1.1577960385988616e-06
2047990137,2,10469,1,1.1557859080454028e-06,6.334853017286093e-05,1.1557859080454028e-06
4079700004,4,11428,1,1.1556184259156357e-06,2.336587027996069e-05,1.1556184259156357e-06
4109430234,4,11412,1,-1.1540698777795286e-06,1.6396762005208712e-05,1.1540698777795286e-06
4089790037,4,11421,1,1.1464335325294564e-06,5.328931473883475e-05,1.1464335325294564e-06
4044600031,4,11357,1,-1.1417120415397992e-06,2.188168500226663e-05,1.1417120415397992e-06
4046660025,4,11357,1,-1.1389321391000465e-06,6.546487325940223e-06,1.1389321391000465e-06
2045800006,2,10469,1,1.137867162013127e-06,5.4005315425729185e-05,1.137867162013127e-06
3046570037,3,11203,1,-1.1304545123030461e-06,5.079865651875701e-05,1.1304545123030461e-06
4110180014,4,11412,1,-1.1269319805760946e-06,3.298375760903747e-05,1.1269319805760946e-06
4033110023,4,11375,1,-1.1249293136467655e-06,1.3448921618718676e-05,1.1249293136467655e-06
4036470008,4,11385,1,-1.1226648034208405e-06,2.4445418438989567e-05,1.1226648034208405e-06
4010920038,4,11369,1,-1.119298942302706e-06,3.890558695395189e-06,1.119298942302706e-06
4036550033,4,11385,1,1.117962824203569e-06,4.13698787440988e-05,1.117962824203569e-06
3001830055,3,11217,1,-1.116259733150822e-06,2.433295938782203e-05,1.116259733150822e-06
4013920053,4,11369,1,-1.1133003416794249e-06,2.0752486347246635e-05,1.1133003416794249e-06
4075230026,4,11364,1,-1.112683983037881e-06,2.022628492107252e-05,1.112683983037881e-06
3065030130,3,11230,1,1.1081056194783752e-06,0.00011687442779754077,1.1081056194783752e-06
2029680034,2,10459,1,1.1078046855348144e-06,5.002027770542951e-05,1.1078046855348144e-06
2045330114,2,10469,1,1.1061930031247468e-06,3.949407839907755e-05,1.1061930031247468e-06
4123140121,4,11434,1,-1.0978856829506169e-06,2.3184291510615137e-05,1.0978856829506169e-06
4053800050,4,11355,1,1.0970102474366178e-06,0.0002583098628300732,1.0970102474366178e-06
4109860028,4,11429,1,1.0963328533947612e-06,7.859325635514596e-05,1.0963328533947612e-06
4047280116,4,11357,1,1.0945037880278319e-06,2.4933958841674868e-05,1.0945037880278319e-06
4131580048,4,11413,1,1.0926015553727743e-06,6.625007821946607e-06,1.0926015553727743e-06
4089120101,4,11421,1,-1.0921027529200617e-06,1.9837741002183726e-05,1.0921027529200617e-06
4109170025,4,11429,1,1.0895090843361832e-06,0.00010149363231895945,1.0895090843361832e-06
3041720074,3,11208,1,-1.089151862123151e-06,6.897839889510183e-05,1.089151862123151e-06
2042200010,2,10461,1,1.0844640649328916e-06,2.4757946350513944e-05,1.0844640649328916e-06
4088400129,4,11421,1,-1.08152625944407e-06,9.156799886801337e-05,1.08152625944407e-06
4108670037,4,11412,1,-1.0797362369401572e-06,3.1232650841655935e-05,1.0797362369401572e-06
2056300077,2,10464,1,-1.0796348607705192e-06,5.231402549691299e-05,1.0796348607705192e-06
4039410012,4,11356,2,-1.0662702582994632e-06,0.00010697990001415026,1.0662702582994632e-06
4122130062,4,11434,1,-1.0660450003473744e-06,1.3554818087980293e-05,1.0660450003473744e-06
4060860026,4,11361,1,-1.0656761984164927e-06,0.00010145396200078145,1.0656761984164927e-06
4104150039,4,11412,1,-1.0655617060310376e-06,5.9672614916494176e-05,1.0655617060310376e-06
3056840060,3,11219,1,1.0653970547009914e-06,4.357820305624533e-06,1.0653970547009914e-06
4016920017,4,11369,1,1.0650847440905285e-06,6.770470378026844e-05,1.0650847440905285e-06
4031500064,4,11374,1,-1.0642080870339056e-06,1.2723702251076244e-05,1.0642080870339056e-06
3050000007,3,11210,1,1.0488753082156546e-06,1.2771174272999274e-05,1.0488753082156546e-06
4007610001,4,11105,1,1.04514889483073e-06,1.9934164416491394e-05,1.04514889483073e-06
4088550003,4,11421,1,-1.0446421075392463e-06,7.482645129378074e-06,1.0446421075392463e-06
4120410050,4,11436,1,-1.0409285760329152e-06,6.722610743100185e-05,1.0409285760329152e-06
4039220005,4,11356,1,1.038646084785374e-06,1.6414801355582927e-05,1.038646084785374e-06
4094700039,4,11419,1,-1.0383028188142277e-06,8.935791790133954e-05,1.0383028188142277e-06
4042640045,4,11354,1,1.0358250291681127e-06,1.7279589790667675e-05,1.0358250291681127e-06
4029420061,4,11379,1,-1.0343979416780861e-06,6.341297059692264e-05,1.0343979416780861e-06
3062680057,3,11228,1,1.0310949739981034e-06,4.129768227498204e-06,1.0310949739981034e-06
4013660057,4,11369,1,1.0240453098738964e-06,0.00017727292890386677,1.0240453098738964e-06
3062240015,3,11228,1,1.019154323805462e-06,0.0010718907552384604,1.019154323805462e-06
2055920093,2,10465,1,1.0114826621009625e-06,6.707233882862913e-05,1.0114826621009625e-06
2049810020,2,10466,1,1.0086681248067889e-06,1.792350475787309e-05,1.0086681248067889e-06
3003250039,3,11231,1,-1.003627388216211e-06,0.00011881714864277278,1.003627388216211e-06
4112530143,4,11411,1,-1.0011610486970204e-06,0.0001872829042388261,1.0011610486970204e-06
2038180025,2,10462,1,9.920786137033732e-07,5.720651844676807e-06,9.920786137033732e-07
4089660022,4,11421,1,-9.886963887757604e-07,4.526441860699742e-05,9.886963887757604e-07
4111240013,4,11429,1,-9.873184852602408e-07,6.299252533239534e-05,9.873184852602408e-07
4046790019,4,11357,1,9.798015169063815e-07,5.574607837697691e-05,9.798015169063815e-07
2035200027,2,10473,1,9.785848486620091e-07,1.1622021476417722e-05,9.785848486620091e-07
4039550064,4,11356,1,-9.748081411293152e-07,0.00010501512699803326,9.748081411293152e-07
4036550014,4,11385,1,-9.652333407558887e-07,2.477343451157249e-05,9.652333407558887e-07
4044960019,4,11357,1,9.644219551538495e-07,4.5753024217632125e-05,9.644219551538495e-07
3014930033,3,11233,1,-9.60195352108608e-07,2.0013684242303354e-05,9.60195352108608e-07
3005560028,3,11231,1,9.586770100356585e-07,1.955418193188384e-05,9.586770100356585e-07
4085690038,4,11426,1,-9.544978380830481e-07,1.2837835103635684e-05,9.544978380830481e-07
2040920010,2,10462,1,-9.53500521649221e-07,8.751638454117467e-06,9.53500521649221e-07
2037780041,2,10472,1,9.529969932102124e-07,1.100786369665211e-05,9.529969932102124e-07
4029650069,4,11379,1,9.309811486173293e-07,1.9571064834881373e-05,9.309811486173293e-07
4045530041,4,11357,1,-9.304739014415069e-07,2.188168500226663e-05,9.304739014415069e-07
3065670062,3,11230,1,9.26863214676375e-07,4.2373106949822854e-05,9.26863214676375e-07
4039340010,4,11356,1,9.259804895616205e-07,6.473571843036866e-05,9.259804895616205e-07
3048740025,3,11203,1,9.234104881084002e-07,9.319217815204197e-06,9.234104881084002e-07
4056260074,4,11365,1,9.230752972719384e-07,5.281313656671835e-06,9.230752972719384e-07
2042650039,2,10462,1,9.213267094748011e-07,6.271035397794516e-05,9.213267094748011e-07
4106560101,4,11427,1,-9.176378500025551e-07,0.00010334990573029972,9.176378500025551e-07
2050960023,2,10466,1,-9.14685637269956e-07,9.483111568040246e-05,9.14685637269956e-07
3033880134,3,11221,1,-9.143233790807952e-07,2.6002518807159735e-06,9.143233790807952e-07
4075030006,4,11364,1,9.020972513913471e-07,4.587417472955464e-05,9.020972513913471e-07
2042570065,2,10462,1,-8.944387739635061e-07,1.8437528367230027e-05,8.944387739635061e-07
4131550052,4,11413,1,8.924875914332799e-07,4.006225645779808e-05,8.924875914332799e-07
4155020020,4,11691,1,8.846684273887349e-07,6.7705835235045585e-06,8.846684273887349e-07
2035230021,2,10473,1,8.764547823222317e-07,5.721518361249901e-05,8.764547823222317e-07
4065980005,4,11367,1,8.742921560582752e-07,3.3144622762248135e-05,8.742921560582752e-07
4120060001,4,11436,1,8.739116638297052e-07,8.69861821275127e-05,8.739116638297052e-07
4017660014,4,11368,1,8.736105334737979e-07,0.000377806174955747,8.736105334737979e-07
4141810017,4,11414,1,8.723884485769518e-07,0.00024715393846740335,8.723884485769518e-07
4031580064,4,11374,1,-8.605854156704774e-07,1.4680408248013223e-05,8.605854156704774e-07
3082570014,3,11236,1,-8.60118325833677e-07,1.9470036557656684e-05,8.60118325833677e-07
2046160007,2,10469,1,-8.544044804432134e-07,4.345935485991822e-05,8.544044804432134e-07
4091140002,4,11417,1,8.504754947188345e-07,6.575561828291633e-05,8.504754947188345e-07
4106190035,4,11428,1,-8.470996536439918e-07,1.0140648793017406e-05,8.470996536439918e-07
4107670050,4,11429,1,-8.417523635758101e-07,0.00011180046001274925,8.417523635758101e-07
3077670027,3,11210,1,-8.405285614736559e-07,0.00012897689372248078,8.405285614736559e-07
4092240067,4,11418,1,-8.403714079211197e-07,6.71313078418357e-05,8.403714079211197e-07
2040930114,2,10462,1,8.391518428970289e-07,1.0327105671504771e-05,8.391518428970289e-07
4020050022,4,11368,1,-8.363687019763766e-07,1.7061995482621572e-05,8.363687019763766e-07
4101990122,4,11433,1,8.344740242778727e-07,0.00012050977436047949,8.344740242778727e-07
2037120012,2,10472,1,8.308623034222668e-07,2.168360759078648e-05,8.308623034222668e-07
4124380236,4,11412,1,-8.29694868145309e-07,5.259007662263024e-05,8.29694868145309e-07
2042710031,2,10461,1,-8.284787596751468e-07,3.791614653375828e-05,8.284787596751468e-07
4094280056,4,11419,1,-8.250099575277476e-07,0.0001028381087026346,8.250099575277476e-07
2056000064,2,10465,1,-8.249755358412655e-07,0.00010162538512495062,8.249755358412655e-07
3085550060,3,11234,1,8.247764475201698e-07,7.624659320720408e-05,8.247764475201698e-07
2048470116,2,10467,1,-8.202884923722513e-07,8.659762849833297e-06,8.202884923722513e-07
2054290028,2,10465,1,8.194225087692462e-07,3.78038181334334e-05,8.194225087692462e-07
3082480039,3,11236,1,-8.176905372253856e-07,2.9118218190297604e-05,8.176905372253856e-07
4044840001,4,11357,1,-8.169258147943157e-07,1.748123165571414e-05,8.169258147943157e-07
4103870060,4,11412,1,8.133077375291462e-07,2.966483090968722e-05,8.133077375291462e-07
4048840046,4,11358,1,-8.110258590020654e-07,6.654401101520527e-05,8.110258590020654e-07
3059100028,3,11209,1,8.11002147184265e-07,4.019131126009441e-06,8.11002147184265e-07
4010910070,4,11369,1,8.043059311485088e-07,9.659170755435758e-06,8.043059311485088e-07
4095190019,4,11419,1,8.034174122950748e-07,6.786849850408382e-06,8.034174122950748e-07
4086570032,4,11426,1,-8.010165278449907e-07,0.00026028643775284914,8.010165278449907e-07
3074700047,3,11235,1,-7.99444943687481e-07,2.1507018504193264e-05,7.99444943687481e-07
3062140070,3,11204,1,7.916059729503708e-07,6.948025266111317e-05,7.916059729503708e-07
4086640031,4,11426,1,-7.900029085630021e-07,4.8537232574824863e-05,7.900029085630021e-07
4067500029,4,11367,1,-7.857175865291245e-07,5.245108023690817e-06,7.857175865291245e-07
4029690014,4,11379,1,-7.775387018869217e-07,2.879430121034224e-05,7.775387018869217e-07
4102340246,4,11433,1,-7.742204284855715e-07,6.589927762097631e-05,7.742204284855715e-07
4100640067,4,11435,1,7.73956415565351e-07,9.553219344863174e-05,7.73956415565351e-07
4079890009,4,11426,1,7.71510157997139e-07,0.00010409591163171608,7.71510157997139e-07
2055760072,2,10465,1,7.706798283437397e-07,1.0633823567910528e-05,7.706798283437397e-07
4125950060,4,11434,1,7.705756400840117e-07,7.17901995841931e-06,7.705756400840117e-07
4087520025,4,11004,1,-7.68375863252628e-07,0.00021841810510387619,7.68375863252628e-07
4047480002,4,11357,1,-7.637824946584946e-07,0.00015565626536251256,7.637824946584946e-07
4121740096,4,11434,1,-7.632309352443985e-07,1.81329002565755e-05,7.632309352443985e-07
2055181119,2,10465,1,-7.62759444808291e-07,6.8714020010720934e-06,7.62759444808291e-07
2022890122,2,10454,1,7.57748229613988e-07,3.32541369751299e-05,7.57748229613988e-07
3009480065,3,11217,1,-7.556014672214271e-07,3.4242076702091566e-05,7.556014672214271e-07
3052300014,3,11210,1,-7.535429487619061e-07,5.07943760748452e-06,7.535429487619061e-07
4060250021,4,11358,1,-7.531423329369123e-07,5.2883853342317044e-05,7.531423329369123e-07
4044780022,4,11357,1,7.49225055411736e-07,0.0001139060564348162,7.49225055411736e-07
3086270051,3,11234,1,-7.449765021528405e-07,3.3206417269927494e-05,7.449765021528405e-07
4124770033,4,11434,1,-7.446698448781226e-07,1.00444481181399e-05,7.446698448781226e-07
2046110014,2,10469,1,7.421407248252095e-07,1.2568544162283077e-05,7.421407248252095e-07
3048140036,3,11225,1,7.412889731765917e-07,5.429595755436152e-05,7.412889731765917e-07
3017680017,3,11206,1,7.379475522358602e-07,4.862179395718806e-05,7.379475522358602e-07
4069970052,4,11366,1,7.358544728478751e-07,4.837183180074241e-05,7.358544728478751e-07
3080470002,3,11236,1,-7.355755046574198e-07,1.1446610123666065e-05,7.355755046574198e-07
2040310018,2,10462,1,-7.34961246329867e-07,6.4371910562368e-06,7.34961246329867e-07
4053610037,4,11358,1,7.330690983298111e-07,0.0001510866442036386,7.330690983298111e-07
2037440048,2,10472,1,-7.321327020860526e-07,7.769704897203317e-06,7.321327020860526e-07
4102680021,4,11433,1,-7.309966336993301e-07,2.48005615329014e-05,7.309966336993301e-07
3085050056,3,11234,1,-7.308372072692021e-07,6.123002383386512e-05,7.308372072692021e-07
3055240029,3,11204,1,7.274879801675923e-07,7.973045916902786e-05,7.274879801675923e-07
4095760014,4,11419,1,-7.261512857796429e-07,7.473370117921438e-06,7.261512857796429e-07
4066870020,4,11367,1,7.229455526113439e-07,2.374038299630887e-05,7.229455526113439e-07
4031650027,4,11375,1,7.228611789467007e-07,1.3448921618718676e-05,7.228611789467007e-07
3014460059,3,11233,1,7.227554261234135e-07,1.3244875915894324e-05,7.227554261234135e-07
2029580140,2,10460,1,-7.179507305965379e-07,7.392927589736898e-06,7.179507305965379e-07
4073320122,4,11361,1,-7.162947265926334e-07,0.0001756278045145278,7.162947265926334e-07
2029710007,2,10459,1,7.132698175066465e-07,1.3524112966698958e-06,7.132698175066465e-07
4068540013,4,11432,1,7.130600748238164e-07,1.4973822906448692e-05,7.130600748238164e-07
4040060072,4,11356,1,7.109854401474325e-07,6.54541654996846e-05,7.109854401474325e-07
4162420064,4,11694,1,7.087493142162734e-07,9.427562965833418e-06,7.087493142162734e-07
4127060006,4,11413,1,7.078272917123651e-07,2.273700709188716e-05,7.078272917123651e-07
4044330077,4,11357,2,-7.053836032826286e-07,6.545940237850701e-06,7.053836032826286e-07
4110400043,4,11412,1,7.04161627049353e-07,1.816273423270112e-05,7.04161627049353e-07
4121050030,4,11436,1,-7.03742248279497e-07,5.325929023418396e-05,7.03742248279497e-07
2046080025,2,10469,1,7.000395291595727e-07,2.5747623993508553e-05,7.000395291595727e-07
4113690132,4,11417,1,6.962352430132216e-07,7.213062940927901e-06,6.962352430132216e-07
3056520013,3,11219,1,6.953566035036347e-07,1.0380523523791469e-05,6.953566035036347e-07
3065050020,3,11230,1,-6.951898776838221e-07,1.623259213055096e-05,6.951898776838221e-07
3037890046,3,11207,1,6.943105105106046e-07,0.0011000071713139254,6.943105105106046e-07
3079080058,3,11236,1,-6.938939182421875e-07,2.2568952600452863e-05,6.938939182421875e-07
3065310070,3,11230,1,6.919816558731562e-07,3.118670480814354e-05,6.919816558731562e-07
2041050001,2,10461,1,6.911095157158127e-07,2.4757946350513944e-05,6.911095157158127e-07
3077070057,3,11234,1,-6.910994491363724e-07,3.824970027548154e-05,6.910994491363724e-07
4122080053,4,11434,1,-6.818934020668385e-07,4.761539914880877e-05,6.818934020668385e-07
4008210123,4,11105,1,6.777004343563289e-07,2.5070193464051625e-06,6.777004343563289e-07
2050920012,2,10466,1,6.726729042714945e-07,5.417582823218207e-05,6.726729042714945e-07
4044670016,4,11357,1,6.695062664102596e-07,0.0007024234256326775,6.695062664102596e-07
3058400017,3,11220,1,-6.622697630560584e-07,6.109004887975297e-06,6.622697630560584e-07
3039820006,3,11207,1,-6.604750022560909e-07,0.0004346977994282447,6.604750022560909e-07
2042770031,2,10461,1,6.604379179169808e-07,1.536908259533958e-05,6.604379179169808e-07
3013550021,3,11213,1,-6.586881636061436e-07,4.4971071746036995e-05,6.586881636061436e-07
4113170057,4,11411,1,-6.544327256401799e-07,4.69856226819804e-05,6.544327256401799e-07
4066610020,4,11367,1,6.478422051145706e-07,0.0005075901929800087,6.478422051145706e-07
3086730024,3,11235,1,-6.476179723325683e-07,4.897531340460355e-05,6.476179723325683e-07
2047170038,2,10469,1,6.445007386211795e-07,1.7834206522899197e-05,6.445007386211795e-07
4107500004,4,11428,1,-6.419520582904394e-07,6.794184877764156e-06,6.419520582904394e-07
3078980074,3,11234,1,6.411254238287117e-07,1.2352020388448193e-05,6.411254238287117e-07
4033690044,4,11385,1,-6.394826128736878e-07,1.4376841977593413e-06,6.394826128736878e-07
4031770023,4,11374,1,6.387788481917661e-07,5.8304820392730755e-05,6.387788481917661e-07
4029960062,4,11379,1,-6.36194472653746e-07,2.382605808426672e-05,6.36194472653746e-07
4089510011,4,11421,1,-6.336084175651213e-07,0.00012073137717330267,6.336084175651213e-07
2055260116,2,10465,1,-6.320593518772647e-07,1.0633823567910528e-05,6.320593518772647e-07
2050580032,2,10466,1,-6.310413246189072e-07,2.2391679978235214e-05,6.310413246189072e-07
2047440006,2,10469,1,6.310170090002644e-07,7.564627821975332e-05,6.310170090002644e-07
2040540057,2,10462,1,6.29076861992017e-07,4.677867639550904e-05,6.29076861992017e-07
3082260007,3,11236,1,6.289516584174742e-07,4.5419011863979885e-05,6.289516584174742e-07
4122060008,4,11434,1,-6.287034104891532e-07,4.158950259827467e-05,6.287034104891532e-07
3064600059,3,11228,1,-6.273671712223154e-07,2.3102430344226356e-05,6.273671712223154e-07
4038170026,4,11385,1,-6.226178612138547e-07,2.614807127496631e-05,6.226178612138547e-07
4121630001,4,11433,1,-6.216576037709261e-07,8.830305645250749e-06,6.216576037709261e-07
3079280019,3,11203,1,6.189049696578107e-07,1.7236701044987363e-05,6.189049696578107e-07
4058630420,4,11360,1,-6.176764106074631e-07,9.063643090224623e-05,6.176764106074631e-07
4124860085,4,11434,1,6.149919201644671e-07,2.4838080821479617e-05,6.149919201644671e-07
4036180058,4,11385,1,-6.131122828173847e-07,1.0978480151055284e-05,6.131122828173847e-07
4060570003,4,11360,1,-6.116624558951187e-07,5.6368161402621194e-05,6.116624558951187e-07
3083600007,3,11234,1,6.091527950345476e-07,0.0007584390272810566,6.091527950345476e-07
4094340023,4,11419,1,6.079555546082064e-07,3.437336375221402e-05,6.079555546082064e-07
2040070029,2,10460,1,6.072799554568406e-07,1.3480347534631869e-05,6.072799554568406e-07
3054860044,3,11204,1,6.06023604262259e-07,0.0001313692655573147,6.06023604262259e-07
4122020050,4,11434,1,-6.04472657172538e-07,8.765632640338044e-05,6.04472657172538e-07
4123860062,4,11434,1,5.900027826884684e-07,4.0093093733887674e-05,5.900027826884684e-07
3016670047,3,11233,1,-5.877912173818465e-07,0.00018031264030662485,5.877912173818465e-07
4111420035,4,11429,1,-5.877316018994771e-07,9.021295311612438e-06,5.877316018994771e-07
4107380042,4,11428,1,5.870419035143308e-07,5.094553651038226e-06,5.870419035143308e-07
2055370035,2,10465,1,5.797091481272661e-07,1.3528667000573083e-05,5.797091481272661e-07
3060440042,3,11209,1,-5.784237401034115e-07,0.0010626871478458426,5.784237401034115e-07
3076350070,3,11210,1,-5.724183896765908e-07,2.9998820242375913e-05,5.724183896765908e-07
4109120020,4,11429,1,-5.722229612612743e-07,0.0002824985834165363,5.722229612612743e-07
3078500032,3,11234,1,5.671928957740274e-07,2.2646490767318568e-05,5.671928957740274e-07
2040260008,2,10460,1,-5.627351029681351e-07,6.613237320375617e-06,5.627351029681351e-07
2040260009,2,10460,1,-5.627351029681351e-07,6.613237320375617e-06,5.627351029681351e-07
4046670024,4,11357,1,5.604234222776962e-07,3.076539074650711e-05,5.604234222776962e-07
2054720042,2,10465,1,-5.563258051608261e-07,1.0893319479726767e-05,5.563258051608261e-07
4010540024,4,11370,1,5.517738949417654e-07,7.44465075936353e-05,5.517738949417654e-07
4073770012,4,11364,1,-5.515924142216522e-07,1.1408320595629576e-05,5.515924142216522e-07
4137290067,4,11422,1,5.512053228245434e-07,4.727745865427671e-05,5.512053228245434e-07
2040160043,2,10460,1,5.507552554366792e-07,3.947358045761488e-05,5.507552554366792e-07
3083900027,3,11234,1,5.474133442808655e-07,4.375263728647803e-05,5.474133442808655e-07
4119660024,4,11436,1,5.399849213871029e-07,0.00016761926647464339,5.399849213871029e-07
4092890104,4,11418,1,5.367970066865329e-07,2.3718875905673668e-05,5.367970066865329e-07
2040000009,2,10461,1,-5.357811242110465e-07,5.598668952891693e-06,5.357811242110465e-07
4075220001,4,11364,1,-5.305789090044618e-07,0.00010083644803650393,5.305789090044618e-07
3084440067,3,11234,1,-5.291954799313942e-07,2.9125986194320858e-05,5.291954799313942e-07
3084470062,3,11234,1,-5.282602347304703e-07,3.794867730125456e-06,5.282602347304703e-07
4027530258,4,11378,1,5.252054718805832e-07,0.00018711389469714716,5.252054718805832e-07
3009480007,3,11217,1,-5.242575822345911e-07,1.2037121320264022e-05,5.242575822345911e-07
3003890041,3,11217,1,-5.242575799081391e-07,1.2037121341945731e-05,5.242575799081391e-07
4056840028,4,11365,1,-5.23028617840088e-07,0.00010898549125884537,5.23028617840088e-07
2054110252,2,10465,1,-5.204525074756176e-07,3.5046109466527642e-06,5.204525074756176e-07
2040580037,2,10462,1,-5.14919179137744e-07,8.665027838971958e-05,5.14919179137744e-07
3077960004,3,11234,1,-5.107230978046327e-07,7.236499746278792e-05,5.107230978046327e-07
4094720017,4,11419,1,5.100013483343593e-07,8.248035441897427e-05,5.100013483343593e-07
3086060048,3,11234,1,5.076315428907918e-07,5.420399569467017e-06,5.076315428907918e-07
4111510055,4,11429,1,-5.067774824706964e-07,1.8691977630012793e-05,5.067774824706964e-07
4113540039,4,11417,1,-5.03937998617008e-07,4.8974282939261805e-06,5.03937998617008e-07
4130620021,4,11413,1,-5.036984695305757e-07,6.625007821946607e-06,5.036984695305757e-07
3077200030,3,11234,1,-4.991100277687423e-07,3.8332237717011e-05,4.991100277687423e-07
3078630070,3,11234,1,4.960641415537898e-07,4.096298367793508e-06,4.960641415537898e-07
4060620047,4,11361,1,4.901049054716187e-07,1.5004602570837405e-05,4.901049054716187e-07
2055430064,2,10465,1,4.857091675831591e-07,5.812815310157472e-05,4.857091675831591e-07
2055290447,2,10465,1,-4.828413415314829e-07,1.915874342414243e-06,4.828413415314829e-07
3016580058,3,11233,1,-4.827966359151357e-07,2.3186464167547488e-05,4.827966359151357e-07
4064200013,4,11367,1,4.81407499763305e-07,1.156268939012781e-05,4.81407499763305e-07
2035560403,2,10473,1,-4.813956681211991e-07,5.553093946538963e-05,4.813956681211991e-07
3037900012,3,11207,1,-4.813829101155592e-07,3.0264652218756454e-06,4.813829101155592e-07
4061100022,4,11361,1,4.684323285570303e-07,5.67722393743203e-05,4.684323285570303e-07
4106580061,4,11427,1,4.658187838738963e-07,7.456329921254458e-05,4.658187838738963e-07
4045100026,4,11357,1,4.6524594171468845e-07,2.152656098564238e-05,4.6524594171468845e-07
4117380053,4,11420,1,-4.639894815705406e-07,7.320943104455484e-06,4.639894815705406e-07
3086520013,3,11234,1,4.580813854210275e-07,3.4939145081838902e-06,4.580813854210275e-07
2040780034,2,10461,1,4.5519572044381947e-07,0.0001176823160633728,4.5519572044381947e-07
4096000023,4,11419,1,-4.5513550763939377e-07,8.472631419572795e-05,4.5513550763939377e-07
4039990217,4,11356,1,4.5376046034922653e-07,9.320238002159416e-06,4.5376046034922653e-07
4057520052,4,11357,1,-4.4942052600438605e-07,0.000115347099385977,4.4942052600438605e-07
4116060018,4,11420,1,-4.4799720901741376e-07,0.00019124927357548014,4.4799720901741376e-07
2047340176,2,10469,1,-4.4132456609555874e-07,4.264135498735142e-06,4.4132456609555874e-07
2035940052,2,10473,1,4.407213999034014e-07,1.7608289195118954e-05,4.407213999034014e-07
4153150015,4,11693,1,-4.330448326773138e-07,1.9610850724270767e-05,4.330448326773138e-07
2035110029,2,10473,1,4.2365175531492513e-07,2.9401010263203717e-05,4.2365175531492513e-07
4115330038,4,11417,1,-4.2263369587755316e-07,8.047449328811584e-06,4.2263369587755316e-07
3086540024,3,11234,1,-4.2226703277878053e-07,2.0523291699570782e-05,4.2226703277878053e-07
4121920049,4,11434,1,4.2067536065099716e-07,8.141011860473636e-05,4.2067536065099716e-07
2054060076,2,10465,1,-4.1861223122207373e-07,3.681828632298969e-05,4.1861223122207373e-07
2039960009,2,10461,1,4.179823760852692e-07,0.00012746889829835716,4.179823760852692e-07
2053470006,2,10461,1,4.1705282581239043e-07,1.2232815967475195e-05,4.1705282581239043e-07
4016590022,4,11369,1,4.1129064003275843e-07,0.00011228140829311372,4.1129064003275843e-07
2054390042,2,10465,1,4.1092752614227344e-07,6.632479458234549e-06,4.1092752614227344e-07
3054190024,3,11230,1,4.1069192053602496e-07,4.233030288552074e-06,4.1069192053602496e-07
2036670049,2,10473,1,-4.094141419898658e-07,5.030375546090818e-06,4.094141419898658e-07
2044460016,2,10469,1,4.0820963296500173e-07,8.55145129837498e-06,4.0820963296500173e-07
4045950083,4,11357,1,4.0783298940921523e-07,7.204147419305116e-05,4.0783298940921523e-07
3048880058,3,11203,1,-4.047803623656883e-07,3.0054969132259583e-06,4.047803623656883e-07
4109640112,4,11429,1,-4.042610116239126e-07,1.3254064551833882e-05,4.042610116239126e-07
4111580011,4,11429,1,4.0421123374790623e-07,8.803215326773763e-06,4.0421123374790623e-07
4030380050,4,11379,1,-3.990246490183466e-07,4.95928979989112e-06,3.990246490183466e-07
2054510057,2,10465,1,-3.989823168164506e-07,0.00011716107147278639,3.989823168164506e-07
4090600012,4,11416,1,-3.989365492919466e-07,8.623687974970248e-05,3.989365492919466e-07
4131960114,4,11413,1,-3.941779908755752e-07,1.3399596401320286e-05,3.941779908755752e-07
3039280006,3,11208,1,3.931473733300579e-07,0.0002143670881760261,3.931473733300579e-07
4055190060,4,11358,1,-3.9058704782435336e-07,0.00011327101667615085,3.9058704782435336e-07
4013270039,4,11377,1,3.897793975927821e-07,1.401878506518745e-05,3.897793975927821e-07
3019530010,3,11238,1,-3.8974424456179104e-07,6.997079702753716e-06,3.8974424456179104e-07
4027680007,4,11379,1,3.8634283851419366e-07,0.00012677626102811516,3.8634283851419366e-07
4110310013,4,11411,1,-3.841494947772023e-07,1.535135266688984e-05,3.841494947772023e-07
4110330052,4,11412,1,-3.8246766138859383e-07,6.859693613361902e-05,3.8246766138859383e-07
3049320028,3,11203,1,3.810580422746731e-07,4.877929827015462e-05,3.810580422746731e-07
4040400061,4,11356,1,3.787518191857191e-07,2.931024010189307e-06,3.787518191857191e-07
2032980042,2,10458,1,3.7846459065585204e-07,9.466116359141649e-06,3.7846459065585204e-07
4030680015,4,11379,1,-3.7411812484386085e-07,1.977618424626981e-05,3.7411812484386085e-07
3035670035,3,11212,1,-3.7036112771612443e-07,3.440730477159832e-05,3.7036112771612443e-07
3016200035,3,11221,1,3.6745042579876766e-07,6.470928538608399e-06,3.6745042579876766e-07
3017670042,3,11206,1,3.673842527317915e-07,2.8903352602689753e-05,3.673842527317915e-07
4062270084,4,11361,1,3.654179132826193e-07,3.96909875479994e-06,3.654179132826193e-07
3049680009,3,11203,1,-3.6528643748980353e-07,3.631101547860101e-05,3.6528643748980353e-07
3045930051,3,11212,1,3.642071431568146e-07,4.591203397602394e-06,3.642071431568146e-07
3051380014,3,11226,1,3.6105260450810054e-07,5.9295845121093564e-05,3.6105260450810054e-07
4103780042,4,11412,1,3.599800394038425e-07,3.851129383261132e-06,3.599800394038425e-07
4032160017,4,11375,1,-3.559288592865067e-07,0.00012844129195521825,3.559288592865067e-07
4029660070,4,11379,1,3.533699191442183e-07,2.0296938372617196e-05,3.533699191442183e-07
4073320116,4,11361,1,-3.51398278404111e-07,4.463026349861569e-05,3.51398278404111e-07
2058780790,2,10471,1,-3.504218636250695e-07,7.900663631298036e-06,3.504218636250695e-07
2046990006,2,10469,1,3.483582398480909e-07,7.729992780954408e-05,3.483582398480909e-07
3082170042,3,11236,1,-3.4253129047299707e-07,7.01626264831304e-06,3.4253129047299707e-07
4094260041,4,11419,1,3.337456966348478e-07,6.527365388763673e-05,3.337456966348478e-07
4104040016,4,11412,1,3.3312008380372875e-07,2.2369958204878035e-05,3.3312008380372875e-07
2053270031,2,10465,1,-3.303292233360068e-07,2.165095377539487e-05,3.303292233360068e-07
4045040003,4,11357,1,-3.303108176430604e-07,3.7059495267895175e-06,3.303108176430604e-07
3084920022,3,11234,1,-3.2976267615291436e-07,3.3251830301549287e-06,3.2976267615291436e-07
3076070075,3,11210,1,3.283137274844599e-07,2.9655897623612493e-06,3.283137274844599e-07
3085190036,3,11234,1,-3.2805644792144984e-07,8.291912928677688e-06,3.2805644792144984e-07
4032760013,4,11375,1,3.2490784658524453e-07,0.00018768079245608132,3.2490784658524453e-07
4032660011,4,11375,1,-3.230549896435896e-07,5.4864431851828015e-06,3.230549896435896e-07
4111190050,4,11429,1,3.1942179262429274e-07,4.2287539879863014e-05,3.1942179262429274e-07
4109330027,4,11412,1,3.189040094518735e-07,6.7114110010024075e-06,3.189040094518735e-07
3084090110,3,11234,1,3.1703271307916594e-07,0.00024134360252253754,3.1703271307916594e-07
4120280006,4,11436,1,-3.1684866128325046e-07,3.96601550521076e-05,3.1684866128325046e-07
3037740110,3,11207,1,3.165241573219548e-07,0.00018273738620727545,3.165241573219548e-07
4137350019,4,11422,1,3.159705398055902e-07,9.647598559663671e-05,3.159705398055902e-07
4108730025,4,11429,1,-3.140389445766122e-07,5.584387552713916e-06,3.140389445766122e-07
4088290038,4,11001,1,-3.1363868175107023e-07,6.383841593147762e-05,3.1363868175107023e-07
4027990102,4,11378,1,-3.1338798366985734e-07,0.00024703000577976347,3.1338798366985734e-07
4076230056,4,11364,1,3.115130113998014e-07,0.00025409034078824235,3.115130113998014e-07
2054300033,2,10465,1,-3.018628293616892e-07,1.7792817114989612e-06,3.018628293616892e-07
3076160062,3,11210,1,2.987910167177261e-07,6.112813865582866e-06,2.987910167177261e-07
4089970034,4,11416,1,2.9860372922280637e-07,1.7984306964072348e-06,2.9860372922280637e-07
2055050032,2,10465,1,2.985272137708526e-07,2.078268341389876e-06,2.985272137708526e-07
3039520011,3,11207,1,-2.9657367050885064e-07,8.175257073945805e-05,2.9657367050885064e-07
2039150011,2,10460,1,2.8811801966747237e-07,0.00010660981404457545,2.8811801966747237e-07
3054950885,3,11230,1,2.861335174999449e-07,4.289233462442243e-05,2.861335174999449e-07
2049810002,2,10466,1,-2.857548472282001e-07,1.5187216676951082e-05,2.857548472282001e-07
4027900017,4,11379,1,2.838967676598002e-07,9.65107758437456e-06,2.838967676598002e-07
2046640069,2,10467,1,2.7657944009943117e-07,0.000432576996041401,2.7657944009943117e-07
4066860002,4,11367,1,2.723808606522075e-07,2.226505220867352e-05,2.723808606522075e-07
3077960058,3,11234,1,-2.721635421345239e-07,1.3465622466166712e-05,2.721635421345239e-07
2054530133,2,10465,1,2.683681571973351e-07,1.0893319479726767e-05,2.683681571973351e-07
2054110324,2,10465,1,2.6572563711982974e-07,7.013798349068587e-05,2.6572563711982974e-07
4038000029,4,11379,1,2.63835328832425e-07,7.22337413459436e-06,2.63835328832425e-07
4126490053,4,11412,1,-2.6128439595409524e-07,2.3440969118781934e-05,2.6128439595409524e-07
3076710045,3,11234,1,2.6120723783681517e-07,0.0001206055052857194,2.6120723783681517e-07
2047390149,2,10469,1,-2.5345899344375717e-07,2.6278698074929183e-06,2.5345899344375717e-07
2051230029,2,10466,1,2.530200509594747e-07,5.6101361305322626e-05,2.530200509594747e-07
2056480010,2,10464,1,-2.517363697781698e-07,0.0003165100829099199,2.517363697781698e-07
2056480216,2,10464,1,-2.5173634249946417e-07,0.000316510083037958,2.5173634249946417e-07
4088390064,4,11421,1,2.4727398845901454e-07,7.301730626475323e-05,2.4727398845901454e-07
4120140063,4,11436,1,2.4625461122442945e-07,0.00024099774642825916,2.4625461122442945e-07
4045610038,4,11357,1,2.4405918909588413e-07,3.560340992061112e-06,2.4405918909588413e-07
2028770475,2,10453,1,2.4118414638855974e-07,4.759362625979049e-05,2.4118414638855974e-07
4066980027,4,11367,1,2.3465677249867874e-07,2.7371655076554978e-06,2.3465677249867874e-07
3035150121,3,11212,1,2.3351620641188808e-07,2.0607767822641257e-05,2.3351620641188808e-07
2047330010,2,10469,1,-2.32721333860478e-07,6.9554560154695704e-06,2.32721333860478e-07
3078300050,3,11234,1,2.3145559321537293e-07,8.708139318674448e-06,2.3145559321537293e-07
4089180067,4,11421,1,2.2755032740606957e-07,1.1575728831944717e-05,2.2755032740606957e-07
4069860011,4,11366,1,-2.2567630865576438e-07,3.327490471395655e-05,2.2567630865576438e-07
4103470092,4,11412,1,2.2559225017764722e-07,1.2488025743780202e-05,2.2559225017764722e-07
3082020046,3,11236,1,-2.243795522304742e-07,0.00017630902020403293,2.243795522304742e-07
4067510075,4,11365,1,-2.2401786000322877e-07,1.4018458033668069e-05,2.2401786000322877e-07
2049550047,2,10466,1,2.1932740455052806e-07,2.304486446257965e-05,2.1932740455052806e-07
4016260053,4,11368,1,2.0900848390581322e-07,1.6130546116366033e-05,2.0900848390581322e-07
4066690039,4,11367,1,2.0660136622760383e-07,2.0343140964593627e-05,2.0660136622760383e-07
2055620008,2,10465,1,-2.03589626952268e-07,4.820159275837214e-06,2.03589626952268e-07
4027290022,4,11378,1,2.0289104739629244e-07,6.23158217269898e-06,2.0289104739629244e-07
4123140112,4,11434,1,-2.016451988572678e-07,1.9418595253644413e-05,2.016451988572678e-07
4115320031,4,11417,1,-2.0132410896214375e-07,3.0785786443614235e-06,2.0132410896214375e-07
4140690139,4,11414,1,-2.0108313240662905e-07,0.00031263783966658425,2.0108313240662905e-07
2022890120,2,10454,1,2.0051727480183083e-07,5.339608319107186e-06,2.0051727480183083e-07
4073100057,4,11361,1,1.9836631486836343e-07,0.0005338243767213768,1.9836631486836343e-07
2037560027,2,10472,1,1.960261036212481e-07,1.3507874866357823e-05,1.960261036212481e-07
2027820131,2,10456,1,-1.9541783477438713e-07,1.9204984482671926e-05,1.9541783477438713e-07
3084480119,3,11234,1,1.914407595421385e-07,1.119783452029588e-05,1.914407595421385e-07
3086470013,3,11234,1,-1.9137835835739924e-07,3.794867730125456e-06,1.9137835835739924e-07
4038490019,4,11385,1,1.8833801246152813e-07,1.1019554816741646e-05,1.8833801246152813e-07
4130480043,4,11434,1,1.8733899121573183e-07,5.82889545520757e-05,1.8733899121573183e-07
4029680060,4,11379,1,1.8728162809039255e-07,1.121070949902371e-06,1.8728162809039255e-07
3083910007,3,11234,1,-1.8484779221360906e-07,1.1768161477492944e-06,1.8484779221360906e-07
3084750042,3,11234,1,1.8172250466396217e-07,0.00014893778953195056,1.8172250466396217e-07
2022880087,2,10454,1,1.8160126991009406e-07,6.716659793037589e-06,1.8160126991009406e-07
3004160052,3,11217,1,-1.8135480550624314e-07,8.618149039445706e-06,1.8135480550624314e-07
3081440047,3,11236,1,-1.7791510579149241e-07,7.893651867038425e-05,1.7791510579149241e-07
3071970017,3,11223,1,1.7554436550912318e-07,0.00010905450902682831,1.7554436550912318e-07
2055890155,2,10465,1,-1.719732691657271e-07,7.39007808901624e-05,1.719732691657271e-07
4017680094,4,11368,1,-1.718979850329627e-07,9.086347911233704e-06,1.718979850329627e-07
4035110055,4,11385,1,1.7141331637433052e-07,4.398696096228332e-05,1.7141331637433052e-07
3076520031,3,11210,1,1.6920511907826716e-07,4.639993993553937e-06,1.6920511907826716e-07
2054700020,2,10465,1,-1.6618756907129e-07,1.4416918761204573e-06,1.6618756907129e-07
3058740034,3,11220,1,1.6526963909859846e-07,8.635143338498597e-06,1.6526963909859846e-07
2043310015,2,10461,1,-1.6523401340661616e-07,9.380831404696466e-05,1.6523401340661616e-07
3071780069,3,11223,1,-1.6405963892170797e-07,7.047794504186158e-06,1.6405963892170797e-07
3061200019,3,11209,1,1.6345790009081756e-07,1.0256702259311973e-05,1.6345790009081756e-07
4054440048,4,11358,1,1.6207515419627162e-07,7.812075992525634e-05,1.6207515419627162e-07
2026880080,2,10455,1,-1.6140136292482987e-07,9.147472057809372e-07,1.6140136292482987e-07
2051190064,2,10470,1,-1.611214637311512e-07,6.269075573819137e-05,1.611214637311512e-07
3078520002,3,11234,1,-1.5944533303317317e-07,3.978803250176677e-05,1.5944533303317317e-07
2022860112,2,10454,1,1.5895562649947612e-07,1.210844123505602e-06,1.5895562649947612e-07
4054420011,4,11358,1,1.5741426650201636e-07,7.737342914263022e-06,1.5741426650201636e-07
3051750029,3,11218,1,1.5223284453479508e-07,0.00015656025430084056,1.5223284453479508e-07
4074150023,4,11364,1,-1.5131228398351546e-07,9.415369722361072e-05,1.5131228398351546e-07
2038000177,2,10472,1,-1.5117321447834323e-07,7.114566725625231e-06,1.5117321447834323e-07
2049290050,2,10466,1,1.4979150547710166e-07,7.451451739582833e-05,1.4979150547710166e-07
4109530024,4,11412,1,1.4822301930995485e-07,4.2635083288361906e-06,1.4822301930995485e-07
4106330014,4,11428,1,-1.4516814645401047e-07,7.226525150381726e-06,1.4516814645401047e-07
2038920019,2,10472,1,-1.4374137796654573e-07,1.87775683369444e-05,1.4374137796654573e-07
4094730038,4,11419,1,1.4365069306751802e-07,9.322181090791003e-05,1.4365069306751802e-07
4086650026,4,11426,1,-1.3644902467836747e-07,0.00020483148745482964,1.3644902467836747e-07
4013600044,4,11369,1,1.3493233217160487e-07,7.410541113499569e-05,1.3493233217160487e-07
2046640075,2,10467,1,1.342949857904826e-07,6.079633018414719e-06,1.342949857904826e-07
4039020018,4,11375,1,1.329565692244228e-07,2.6477452810681865e-05,1.329565692244228e-07
4041080030,4,11357,1,1.3008973415843993e-07,8.222752838872307e-06,1.3008973415843993e-07
4075200052,4,11364,1,1.285983143769258e-07,4.378595247979058e-06,1.285983143769258e-07
3049380008,3,11203,1,-1.2802573968872224e-07,1.8729288608489324e-06,1.2802573968872224e-07
3014390026,3,11233,1,1.2697684961656544e-07,7.862323209757271e-06,1.2697684961656544e-07
4032340098,4,11375,1,1.2506351530799825e-07,0.00039816470754841916,1.2506351530799825e-07
3062100012,3,11228,1,-1.2372003934076192e-07,6.029088296361433e-06,1.2372003934076192e-07
4030050028,4,11379,1,-1.2200291676427767e-07,3.5965205560820697e-06,1.2200291676427767e-07
3067450040,3,11230,1,-1.2154082240906067e-07,6.664244387329901e-07,1.2154082240906067e-07
4122800019,4,11434,1,1.1874766694524307e-07,0.0001110420617104988,1.1874766694524307e-07
3015090022,3,11233,1,-1.1688723200541122e-07,7.356034622351903e-06,1.1688723200541122e-07
4044260034,4,11357,1,1.1412842622172231e-07,3.7107540587861214e-05,1.1412842622172231e-07
4049160044,4,11358,1,1.1399310518261603e-07,1.225815964848515e-05,1.1399310518261603e-07
4061480018,4,11361,1,1.137398348112909e-07,3.0704039401732226e-05,1.137398348112909e-07
4126270034,4,11412,1,1.0945841240052216e-07,3.852156799473434e-05,1.0945841240052216e-07
3066910038,3,11230,1,1.0633213607466068e-07,9.796211705170282e-05,1.0633213607466068e-07
3040470102,3,11207,1,-1.0600728880837075e-07,1.189741583100789e-05,1.0600728880837075e-07
3063290061,3,11214,1,1.0297684667903474e-07,1.3297561464630436e-06,1.0297684667903474e-07
2039930037,2,10461,1,-1.0025407331744113e-07,4.76688279166029e-07,1.0025407331744113e-07
2041900022,2,10461,1,1.0000335910615515e-07,2.8041432171874945e-06,1.0000335910615515e-07
3085030033,3,11234,1,9.996705162751855e-08,6.214497630819593e-05,9.996705162751855e-08
4048680009,4,11354,1,-9.460672359672438e-08,1.266237396193826e-06,9.460672359672438e-08
4045280051,4,11357,1,-9.424855265965044e-08,8.338433415485603e-06,9.424855265965044e-08
3085330045,3,11234,1,-9.351250135731192e-08,4.096298367793508e-06,9.351250135731192e-08
4029130023,4,11379,2,9.007721731204528e-08,1.2445211119816975e-05,9.007721731204528e-08
3034190054,3,11237,1,8.77453352231865e-08,4.6693592380237414e-05,8.77453352231865e-08
4116030041,4,11420,1,-8.71938561044939e-08,8.837429493258967e-05,8.71938561044939e-08
4016510008,4,11369,1,8.691959113829806e-08,1.2690979612377072e-05,8.691959113829806e-08
4121890060,4,11434,1,8.60271902830717e-08,3.961966081995792e-06,8.60271902830717e-08
4093140068,4,11418,1,8.408844931924226e-08,4.395751783853138e-06,8.408844931924226e-08
2035570032,2,10473,1,-8.374331763885898e-08,3.771962289172054e-06,8.374331763885898e-08
4112330014,4,11429,1,-8.221611870076459e-08,0.00017870787480893475,8.221611870076459e-08
2034960061,2,10473,1,8.157505242122818e-08,2.446481706279928e-05,8.157505242122818e-08
4117460009,4,11420,1,8.094832138731703e-08,1.4168914421988112e-05,8.094832138731703e-08
4159680024,4,11691,1,7.533744736385016e-08,3.064447806751697e-05,7.533744736385016e-08
4089210039,4,11421,1,-7.440488729181823e-08,5.769022303453821e-07,7.440488729181823e-08
4071870087,4,11366,1,7.391830532721704e-08,4.94347634706938e-05,7.391830532721704e-08
4046910032,4,11357,1,7.208598525392851e-08,7.82792109601325e-05,7.208598525392851e-08
4111970104,4,11429,1,-7.157977870634825e-08,0.00010066515118117408,7.157977870634825e-08
4076670066,4,11364,1,7.030822844068668e-08,7.028046647580975e-05,7.030822844068668e-08
4082860095,4,11362,1,-6.856198071298766e-08,1.0403640440660006e-05,6.856198071298766e-08
4141880053,4,11414,1,6.766274131442937e-08,3.2460871946277995e-05,6.766274131442937e-08
4103620019,4,11423,1,-6.664531865709808e-08,9.418864284376439e-07,6.664531865709808e-08
3027550012,3,11211,1,-6.033188974834671e-08,0.0001975101429127847,6.033188974834671e-08
3033810056,3,11221,1,5.938981839740121e-08,5.6432150561288125e-06,5.938981839740121e-08
4055480033,4,11358,1,-5.866354223572213e-08,1.8858981268514538e-05,5.866354223572213e-08
4063930020,4,11367,1,-5.29311770395234e-08,9.961553566873005e-05,5.29311770395234e-08
2054530235,2,10465,1,5.213051098256783e-08,7.027001510050047e-05,5.213051098256783e-08
4106250003,4,11428,1,-5.047260996692231e-08,1.0944785949863648e-05,5.047260996692231e-08
4106020023,4,11428,1,-5.0472607612177997e-08,1.0944785790764924e-05,5.0472607612177997e-08
4123680007,4,11434,1,4.907856772713877e-08,1.0508114754957654e-06,4.907856772713877e-08
4008450058,4,11105,1,-4.898228063185563e-08,8.243378944591535e-06,4.898228063185563e-08
4077610233,4,11364,1,-4.8149400971672004e-08,4.193676205291148e-06,4.8149400971672004e-08
3078110018,3,11210,1,-4.6379254929371554e-08,6.889449240977556e-06,4.6379254929371554e-08
4111070009,4,11429,1,-4.637025265453142e-08,0.00010756807605052848,4.637025265453142e-08
2046910055,2,10469,1,-4.6216943892700756e-08,4.264135498735142e-06,4.6216943892700756e-08
4122090128,4,11434,1,4.4127030100180425e-08,4.880709100913686e-06,4.4127030100180425e-08
4092850060,4,11418,1,4.305360376182874e-08,8.113956380160432e-06,4.305360376182874e-08
3027050013,3,11222,1,4.2940865122505264e-08,6.394142287106058e-06,4.2940865122505264e-08
4090230027,4,11416,2,-4.2417993632293e-08,5.244947973303401e-05,4.2417993632293e-08
2043480014,2,10467,1,-4.205918319685961e-08,2.3485397772379335e-06,4.205918319685961e-08
3034700015,3,11207,1,-4.135232271763743e-08,8.494059038670224e-06,4.135232271763743e-08
4105260111,4,11423,1,4.055922099500296e-08,0.00019341072700530994,4.055922099500296e-08
3034730014,3,11207,1,-3.962996897405224e-08,8.599289328254379e-06,3.962996897405224e-08
4057690050,4,11357,1,-3.821776228718741e-08,2.4933958841674868e-05,3.821776228718741e-08
4120350044,4,11436,1,-3.704860860353134e-08,6.462207717287025e-06,3.704860860353134e-08
3035590138,3,11212,1,3.602215795374309e-08,7.202263037664597e-05,3.602215795374309e-08
4126400048,4,11412,1,3.472463056827382e-08,3.901381590558565e-06,3.472463056827382e-08
4011020080,4,11369,1,-3.302940414780744e-08,3.436286906581131e-05,3.302940414780744e-08
2049390022,2,10466,1,3.011331627633412e-08,6.854865007389045e-05,3.011331627633412e-08
3041060007,3,11208,1,-2.9534101416085256e-08,1.2620850109316181e-05,2.9534101416085256e-08
2040990149,2,10462,1,-2.91811846589576e-08,0.0003471917386895502,2.91811846589576e-08
4055150015,4,11358,1,-2.9011281334202575e-08,8.685630191930475e-07,2.9011281334202575e-08
4057570028,4,11357,1,2.8983037558307623e-08,4.1262540333899666e-06,2.8983037558307623e-08
2034600053,2,10473,1,2.8259424241490567e-08,4.379404146384463e-06,2.8259424241490567e-08
3077320026,3,11234,1,-2.746135167741755e-08,1.147482125201824e-05,2.746135167741755e-08
4120080066,4,11436,1,-2.7319812723853646e-08,1.762686572791134e-05,2.7319812723853646e-08
4088920048,4,11421,1,-1.9384462403434168e-08,1.238613325717746e-05,1.9384462403434168e-08
4112910015,4,11411,1,1.848606583876794e-08,3.5100311181504947e-06,1.848606583876794e-08
4054480027,4,11358,1,-1.7505638399134745e-08,1.0398809329263917e-05,1.7505638399134745e-08
4120500047,4,11436,1,-1.482180080821409e-08,3.412197795113858e-05,1.482180080821409e-08
4122110014,4,11434,1,1.268730782366867e-08,5.4720762909120106e-05,1.268730782366867e-08
4031880018,4,11375,1,-8.946842834558822e-09,0.00016400601975362578,8.946842834558822e-09
3082140028,3,11236,1,-6.778667951497328e-09,9.431840935068258e-05,6.778667951497328e-09
3078630025,3,11234,1,-5.080268825482056e-09,8.504066929835641e-08,5.080268825482056e-09
3084090031,3,11234,1,4.97220867587971e-09,8.504066929835641e-08,4.97220867587971e-09
4121710021,4,11433,1,4.814719374396259e-09,6.078750896353335e-08,4.814719374396259e-09
2054020029,2,10461,1,4.076200387611965e-09,4.76688279166029e-07,4.076200387611965e-09
4048460022,4,11357,1,3.4184790212254562e-09,1.7051778714422775e-06,3.4184790212254562e-09
4114570031,4,11414,1,-2.0721429065932395e-09,1.471437886064119e-07,2.0721429065932395e-09
4044810112,4,11357,1,-6.056785785732936e-10,0.0001133907148392076,6.056785785732936e-10
3002850037,3,11201,1,-1.837539375411464e-21,1.1202598358120917e-12,1.837539375411464e-21
2057360034,2,10463,1,-1.5962639604043952e-21,3.755137911541234e-12,1.5962639604043952e-21
1020580006,1,10031,1,6.560389650648162e-22,6.922393117295434e-13,6.560389650648162e-22
1020710055,1,10031,1,5.735199225473837e-22,1.2615819971888492e-12,5.735199225473837e-22
4000460043,4,11101,1,4.954268437324343e-22,4.873331107510941e-13,4.954268437324343e-22
4012420019,4,11372,1,-4.542022108334365e-22,7.495046380177158e-13,4.542022108334365e-22
1014430035,1,10021,1,3.317538543006538e-22,4.572601622977913e-13,3.317538543006538e-22
4008720056,4,11102,1,3.183513939841033e-22,3.0151318346134167e-13,3.183513939841033e-22
1019370154,1,10027,1,-3.0504273417438805e-22,3.316051703421872e-13,3.0504273417438805e-22
1014330113,1,10075,1,2.9779915446235258e-22,1.2012808905949132e-12,2.9779915446235258e-22
1014720129,1,10075,1,2.8187932073393822e-22,1.2287455790536164e-12,2.8187932073393822e-22
1015830038,1,10128,1,2.417768513002371e-22,6.511981747344325e-13,2.417768513002371e-22
1017950016,1,10035,1,2.0431803314093108e-22,7.358132615650582e-13,2.0431803314093108e-22
4085390029,4,11040,1,1.9772402807533337e-22,7.45713360654923e-13,1.9772402807533337e-22
1022150438,1,10463,1,1.5645143848753487e-22,1.2324556308295243e-12,1.5645143848753487e-22
1021090063,1,10032,1,1.5370510164759227e-22,4.855037603502264e-13,1.5370510164759227e-22
1017500049,1,10035,1,-1.5284331834576617e-22,4.559119753879936e-13,1.5284331834576617e-22
1020760025,1,10031,1,1.4671813705120452e-22,3.021864186693862e-13,1.4671813705120452e-22
2025160117,2,10452,1,1.2523334165466977e-22,3.6236908486293253e-13,1.2523334165466977e-22
1021700022,1,10040,1,-1.2193646979083964e-22,4.964327693909445e-13,1.2193646979083964e-22
3024420009,3,11249,1,-1.1946998448756167e-22,1.0463582415482512e-12,1.1946998448756167e-22
2057570272,2,10463,1,1.071694974875551e-22,4.0951134494586477e-13,1.071694974875551e-22
3023100017,3,11249,1,-1.0209909957361092e-22,2.6976986292348047e-13,1.0209909957361092e-22
4002270016,4,11101,1,-9.623929748773696e-23,2.778156779416764e-13,9.623929748773696e-23
2027650282,2,10474,1,9.05355104081147e-23,5.447906753761767e-13,9.05355104081147e-23
1020510110,1,10030,1,8.321640209946373e-23,4.56818987415076e-13,8.321640209946373e-23
4012450054,4,11372,1,-8.039103312428543e-23,2.1822398086343643e-13,8.039103312428543e-23
1020500093,1,10031,1,-8.01804679770779e-23,6.740906012427761e-13,8.01804679770779e-23
1012080017,1,10025,1,-7.616505503943206e-23,4.594922769257794e-13,7.616505503943206e-23
2033220072,2,10468,1,-7.504107048568721e-23,4.4411114910578764e-13,7.504107048568721e-23
4092500042,4,11415,1,-7.377162621506938e-23,3.1595743618906916e-13,7.377162621506938e-23
1017210121,1,10027,1,-7.064596398107564e-23,5.484801159920197e-13,7.064596398107564e-23
2029730150,2,10459,1,6.622731522266848e-23,2.971342590110097e-13,6.622731522266848e-23
4007160017,4,11103,1,-6.382411414695409e-23,1.6025389322327333e-13,6.382411414695409e-23
4001360033,4,11104,1,-6.269849351256054e-23,1.921321722840746e-13,6.269849351256054e-23
2051340014,2,10475,1,-5.755926805113148e-23,2.9590202508056483e-13,5.755926805113148e-23
2056550149,2,10475,1,5.529538732868406e-23,1.403010169300662e-13,5.529538732868406e-23
2056540326,2,10475,1,5.276040527335974e-23,1.1719330042006698e-13,5.276040527335974e-23
3003050019,3,11201,1,5.07122683472209e-23,2.964358135513019e-13,5.07122683472209e-23
3031580112,3,11237,1,-4.9647923606886434e-23,2.845581788910029e-13,4.9647923606886434e-23
2032500054,2,10468,1,-4.416608712756127e-23,5.018262898295173e-13,4.416608712756127e-23
3070100035,3,11224,1,-4.030581962709242e-23,1.8528719259574842e-13,4.030581962709242e-23
1021560145,1,10033,1,-3.927231777231838e-23,4.55560515589977e-13,3.927231777231838e-23
1016590031,1,10029,1,3.872438164209602e-23,1.0514552010624843e-13,3.872438164209602e-23
1020930026,1,10031,1,-3.511617692933041e-23,2.4975701209844873e-13,3.511617692933041e-23
4087070044,4,11040,1,3.408869883671265e-23,2.0062294444745842e-13,3.408869883671265e-23
3023800031,3,11249,1,2.936588958810524e-23,7.271841491264643e-13,2.936588958810524e-23
1015640014,1,10028,1,-2.8245446370853217e-23,3.601974784001178e-13,2.8245446370853217e-23
3074220368,3,11235,1,2.7943169830952263e-23,1.7843067832176225e-13,2.7943169830952263e-23
1017700075,1,10035,1,2.7180790007382707e-23,1.9553464050988803e-13,2.7180790007382707e-23
1020500103,1,10031,1,-2.602419986668317e-23,5.035401090483919e-13,2.602419986668317e-23
3001940011,3,11201,1,2.5872596830468983e-23,1.5590001128361506e-13,2.5872596830468983e-23
2022680012,2,10454,1,-2.574564044811818e-23,3.636233755645792e-13,2.574564044811818e-23
1020500027,1,10031,1,2.320709493350482e-23,1.7918828509278066e-13,2.320709493350482e-23
4092300051,4,11415,1,2.2730565546694018e-23,2.636680978030196e-13,2.2730565546694018e-23
2026840142,2,10455,1,-2.1703438318526514e-23,1.665454868595996e-13,2.1703438318526514e-23
2031880090,2,10468,1,-1.8715675678216048e-23,2.3960852637116615e-13,1.8715675678216048e-23
2033160056,2,10468,1,-1.7859111131458295e-23,1.046802164270523e-13,1.7859111131458295e-23
2033760083,2,10470,1,-1.6362126099723483e-23,3.678982090517768e-13,1.6362126099723483e-23
4006010015,4,11106,1,-1.55385667740652e-23,2.1067345658860182e-13,1.55385667740652e-23
4087060006,4,11040,1,-1.4804570909257964e-23,1.6579427010667552e-13,1.4804570909257964e-23
2025550025,2,10454,1,1.4174150076532552e-23,1.6408775700399676e-13,1.4174150076532552e-23
2032020012,2,10468,1,-1.3142893303488997e-23,2.9594489440531627e-13,1.3142893303488997e-23
1017290117,1,10037,1,-1.239967767362535e-23,2.350290250432971e-13,1.239967767362535e-23
3034310054,3,11237,1,-1.222869971826734e-23,7.089296333963006e-14,1.222869971826734e-23
1013260018,1,10022,1,-1.1497523921475152e-23,7.135524932615697e-14,1.1497523921475152e-23
4003450004,4,11106,1,1.1414468851135592e-23,6.713177561007216e-14,1.1414468851135592e-23
2033190024,2,10468,1,1.0939637108798852e-23,6.907773613995724e-14,1.0939637108798852e-23
4160470035,4,11692,1,-1.0736165351134415e-23,1.871011481064279e-13,1.0736165351134415e-23
2032190199,2,10468,1,-1.0238472412496927e-23,6.082103611335714e-14,1.0238472412496927e-23
1021090065,1,10032,1,-9.746819570671035e-24,5.184507397220569e-13,9.746819570671035e-24
2032890035,2,10458,1,-9.257686334441955e-24,7.409848303219381e-14,9.257686334441955e-24
1019170126,1,10027,1,9.149375929102939e-24,8.935287358900626e-14,9.149375929102939e-24
1017240167,1,10027,1,-8.653185715702344e-24,3.12956767715921e-13,8.653185715702344e-24
1017490023,1,10035,1,8.519952310831196e-24,1.4429093152763768e-13,8.519952310831196e-24
1020240009,1,10030,1,-8.195197760386785e-24,6.700897988157714e-14,8.195197760386785e-24
1018070133,1,10035,1,-8.098071136447074e-24,3.0006737946771816e-13,8.098071136447074e-24
2051340123,2,10475,1,7.866383944031594e-24,2.1751796254362328e-13,7.866383944031594e-24
4059520043,4,11360,1,7.779501273229777e-24,1.534637276982516e-13,7.779501273229777e-24
4005820125,4,11106,1,7.624196512215415e-24,1.660327093069057e-13,7.624196512215415e-24
2025650074,2,10454,1,-7.5599020962945e-24,2.5574922114441534e-13,7.5599020962945e-24
4031780026,4,11374,1,-7.263982340740667e-24,1.0461676260337707e-13,7.263982340740667e-24
3024050018,3,11249,1,-7.088514313565889e-24,3.327540951916419e-14,7.088514313565889e-24
3069560032,3,11224,1,-7.032357201274452e-24,6.353155788527061e-14,7.032357201274452e-24
3070120034,3,11224,1,5.95338140546858e-24,1.2109592263795721e-13,5.95338140546858e-24
2026640051,2,10455,1,-5.89252220353584e-24,7.070457175188996e-14,5.89252220353584e-24
4028790127,4,11373,1,-5.4980143186695006e-24,6.521928816842433e-14,5.4980143186695006e-24
3027750032,3,11211,1,5.427456963502996e-24,2.813824015887527e-14,5.427456963502996e-24
1019370123,1,10027,1,5.3965002168554875e-24,1.2404138600189598e-13,5.3965002168554875e-24
4092400108,4,11415,1,-5.1806819967313195e-24,5.669101591980074e-14,5.1806819967313195e-24
4159050259,4,11692,1,4.548236339301099e-24,9.176579648728677e-14,4.548236339301099e-24
4011390027,4,11377,1,4.4987151467286735e-24,1.6102398294649627e-13,4.4987151467286735e-24
3070080040,3,11224,1,4.359062797743978e-24,9.524638757045498e-14,4.359062797743978e-24
1019070123,1,10027,1,4.221174868804918e-24,1.9284051420422587e-13,4.221174868804918e-24
4089950148,4,11208,1,-3.959618924617092e-24,6.060003845799192e-14,3.959618924617092e-24
4008870040,4,11102,1,3.910917989319089e-24,6.897395049874415e-14,3.910917989319089e-24
4007220029,4,11103,1,-3.760212415794354e-24,1.3078522098605982e-13,3.760212415794354e-24
1005280027,1,10014,1,3.5520427917528995e-24,5.550229238395762e-14,3.5520427917528995e-24
4092690015,4,11415,1,3.4827165453782415e-24,6.040772071560969e-14,3.4827165453782415e-24
1018410049,1,10025,1,-3.3074420639263148e-24,1.0734307597628106e-13,3.3074420639263148e-24
4159050221,4,11692,1,-2.626002549219283e-24,6.521928816842433e-14,2.626002549219283e-24
4003950004,4,11101,1,2.5719530384617595e-24,6.473722877300864e-14,2.5719530384617595e-24
1018410016,1,10025,1,-2.4641935712020715e-24,3.5843929879654393e-13,2.4641935712020715e-24
2030680142,2,10457,1,2.3799619981220624e-24,1.7157293892428246e-14,2.3799619981220624e-24
2030680143,2,10457,1,2.3799619981220624e-24,1.7157293892428246e-14,2.3799619981220624e-24
2026950030,2,10455,1,2.3757692422496082e-24,1.5683503584287968e-13,2.3757692422496082e-24
4008720048,4,11102,1,-2.2679747987277286e-24,4.43440225289524e-14,2.2679747987277286e-24
1019140154,1,10027,1,1.761622994538993e-24,1.9296717195667325e-14,1.761622994538993e-24
3026900039,3,11222,1,1.5220971506889272e-24,8.388226019152016e-15,1.5220971506889272e-24
2023530047,2,10451,1,1.4684029428561397e-24,1.08044825456698e-13,1.4684029428561397e-24
1017960048,1,10035,1,1.4623146124004688e-24,2.1098698254883648e-14,1.4623146124004688e-24
4087240208,4,11004,1,-1.1761377533900828e-24,1.4989169282109498e-13,1.1761377533900828e-24
1006190019,1,10014,1,1.0876194675416431e-24,9.773888123756532e-14,1.0876194675416431e-24
4088150017,4,11001,1,9.496064809338658e-25,5.14628644110301e-14,9.496064809338658e-25
3009460020,3,11217,1,9.136690989813265e-25,1.7200463595505207e-14,9.136690989813265e-25
4014630016,4,11372,1,8.969845659828119e-25,5.757828356253935e-13,8.969845659828119e-25
4072710050,4,11423,1,-8.766892958591202e-25,7.762028334830704e-14,8.766892958591202e-25
2056320108,2,10464,1,-6.628194187626926e-25,1.848447618252107e-14,6.628194187626926e-25
1017180067,1,10027,1,4.519788665799575e-25,1.0309535399343501e-14,4.519788665799575e-25
4007270054,4,11103,1,-1.742488137302994e-25,9.126361084268722e-16,1.742488137302994e-25
2023820134,2,10451,1,-1.3898095428658036e-25,2.0216080104666e-13,1.3898095428658036e-25
3070140147,3,11224,1,-8.283652653721786e-26,1.7920036089862523e-14,8.283652653721786e-26
4085480036,4,11040,1,-8.15217375802038e-26,5.2053064053711685e-15,8.15217375802038e-26
1006340057,1,10014,1,-1.4423304850973877e-29,1.2911615343238405e-15,1.4423304850973877e-29
