bbl,deed_a,deed_z,related_a,related_z,related_strict_a,related_strict_z,party_data_a,party_data_z
1005280027,2017071301233003,2020110300868001,0,0,0,0,1,1
1006190019,2017082800965002,2021112200349001,0,0,0,0,1,1
1006340057,2019112700558001,2024081400554001,0,0,0,0,1,1
1012080017,2020040100127001,2024031300790001,0,0,0,0,1,1
1013260018,2016121200303001,2025013100596001,0,0,0,0,1,1
1014330113,2021100500594001,2025051500886001,0,0,0,0,1,1
1014430035,2020112300782001,2025060400647001,0,0,0,0,1,1
1014720129,2016031500466002,2025041601043001,0,0,0,0,1,1
1015640014,2016020400309001,2021122001462002,1,0,1,0,1,1
1015830038,2022090701070001,2025102100688004,0,0,0,0,1,1
1016590031,2017042500858001,2021081600266001,0,0,0,0,1,1
1017180067,2019020700195001,2024070800869001,0,0,0,0,1,1
1017210121,2017101001165001,2021060300218003,1,0,1,0,1,1
1017240167,2018112800753001,2024060700240005,0,0,0,0,1,1
1017290117,2016031700155001,2021091500249003,0,0,0,0,1,1
1017490023,2019020101086001,2024052400748001,0,0,0,0,1,1
1017500049,2020012701003002,2025020400230001,0,0,0,0,1,1
1017700075,2018010500142003,2022050900292002,0,0,0,0,1,1
1017950016,2017091900333001,2025071000828001,0,0,0,0,1,1
1017960048,2016092600498001,2023081700566001,0,0,0,0,1,1
1018070133,2017032400612001,2022061300684001,0,0,0,0,1,1
1018410016,2016062701997003,2020060400003001,0,0,0,0,1,1
1018410049,2016081201082002,2024062800257003,0,0,0,0,1,1
1019070123,2022090200729001,2025090700071002,1,0,1,0,1,1
1019140154,2018110200994003,2021122901341003,1,0,1,0,1,1
1019170126,2018092100002001,2023052500653003,0,0,0,0,1,1
1019370123,2019022501181002,2023031000524001,0,0,0,0,1,1
1019370154,2016030701298001,2022101201119004,0,0,0,0,1,1
1020240009,2016050300965002,2021080500031001,0,0,0,0,1,1
1020500027,2019071500685001,2025010700888001,0,0,0,0,1,1
1020500093,2016062100077002,2021110700046001,0,0,0,0,1,1
1020500103,2021070200003001,2025052300833001,0,0,0,0,1,1
1020510110,2016040500739001,2020122400214001,0,0,0,0,1,1
1020580006,2016030100548001,2025081500604001,0,0,0,0,1,1
1020610005,2019040900717002,2025072200747002,0,0,0,0,1,1
1020710055,,2025101500591001,0,0,0,0,0,1
1020760025,2017060600924003,2020081300570001,0,0,0,0,1,1
1020840003,2019051500804001,2025072400341001,0,0,0,0,1,1
1020930026,2018061200451001,2025052800601003,0,0,0,0,1,1
1021090063,2016012600095002,2025121700144001,0,1,0,1,1,1
1021090065,2017092900526001,2024011600743002,0,0,0,0,1,1
1021560145,2021021701446001,2025011700227001,0,0,0,0,1,1
1021700022,2019062300063001,2023070500790001,0,0,0,0,1,1
1022150438,2018070301030001,2023080900275001,1,0,1,0,1,1
2022680012,2020112000446002,2025062500526002,0,0,0,0,1,1
2022720133,2018120400739001,2025012700497001,0,0,0,0,1,1
2022740015,2019061400053001,2025063000374001,0,0,0,0,1,1
2022780046,2017041700148001,2021031800552001,0,0,0,0,1,1
2022800014,2016082300004001,2021052601475001,0,0,0,0,1,1
2022800069,2018010800172001,2024080700436001,0,0,0,0,1,1
2022830118,2018051001004001,2021122000048001,0,0,0,0,1,1
2022860112,2016081100801001,2024071800166001,0,0,0,0,1,1
2022870021,2016050900065001,2024020700521001,0,0,0,0,1,1
2022880087,2017102400775001,2025091801119002,0,0,0,0,1,1
2022890120,2016051900513001,2024030500673001,0,0,0,0,1,1
2022890122,2016122200457001,2024071000911002,0,0,0,0,1,1
2022890123,2017062800144001,2024112200278001,0,0,0,0,1,1
2022890128,2021101400196001,2025081600001002,0,0,0,0,1,1
2022890172,2017120801066001,2024092500189001,0,0,0,0,1,1
2023140082,2018121800572001,2026010800774001,0,0,0,0,1,1
2023530047,2020040700163003,,0,0,0,0,1,0
2023710005,2017053001038001,2020092500213001,0,0,0,0,1,1
2023770152,2019021900420001,2025081600031001,0,0,0,0,1,1
2023790143,2017121800543001,2024111800699001,0,0,0,0,1,1
2023820134,2018012300151001,2021030201040001,0,0,0,0,1,1
2023880047,2019040800575001,2025070100811001,0,0,0,0,1,1
2024040033,2017081001794002,2024081400520001,0,0,0,0,1,1
2024230080,2017111701029001,2022050400288001,0,0,0,0,1,1
2024230081,2018022701076001,2023091100561001,0,0,0,0,1,1
2024360031,2017020101237001,2024060600311001,0,0,0,0,1,1
2024360069,2018060601005001,2021112200589001,0,0,0,0,1,1
2024370036,2020121500564002,2025080700724001,0,0,0,0,1,1
2024390124,2018110801285001,2024121600584001,0,0,0,0,1,1
2024470066,2016110900269001,2022011401223001,0,0,0,0,1,1
2024520070,2019041500453001,2025012900421001,0,0,0,0,1,1
2024520071,2018032800039001,2025081200437001,0,0,0,0,1,1
2024720008,2017021401032001,2023091300770001,0,0,0,0,1,1
2025120027,2019091100257001,2022120800361001,0,0,0,0,1,1
2025140061,2016070100446001,2021122301273001,0,0,0,0,1,1
2025160117,2017122701138001,2024082601128001,0,0,0,0,1,1
2025160142,2018122700550004,2023071201025001,0,0,0,0,1,1
2025160144,2017121501078001,2022051600267001,0,0,0,0,1,1
2025190015,2020032500496001,2024112500901001,0,0,0,0,1,1
2025210012,2017022701338001,2022051601533001,0,0,0,0,1,1
2025240011,2019020800003001,2023062800157002,0,0,0,0,1,1
2025240114,2021082501575001,2025030300481001,0,0,0,0,1,1
2025240207,2016031601092001,2021081301169001,0,0,0,0,1,1
2025250027,2018011700068001,2022052300398001,0,0,0,0,1,1
2025280034,2017061600822001,2022071300426001,0,0,0,0,1,1
2025540037,2017061901116001,2021011300506001,0,0,0,0,1,1
2025550025,2019072300148001,2024062600481001,0,0,0,0,1,1
2025550112,2017012600448001,2021121700722001,0,0,0,0,1,1
2025650074,2017103100682001,2023070600392001,0,0,0,0,1,1
2025770008,2017110500014001,2022062700647003,0,0,0,0,1,1
2026120065,2017121100036001,2023010600170001,0,0,0,0,1,1
2026170055,2016020802234001,2019070901279001,0,0,0,0,1,1
2026170055,2019070901279001,2024082000552001,0,0,0,0,1,1
2026170057,2017072000174001,2022032400488001,0,0,0,0,1,1
2026230123,2016091900039001,2025102800690002,0,0,0,0,1,1
2026240009,2018122601236002,2024112500183001,0,0,0,0,1,1
2026280042,2016120800528001,2025011400637001,0,0,0,0,1,1
2026330030,2019122400052001,2025052000183001,0,0,0,0,1,1
2026520026,2018011700385001,2022050901081001,0,0,0,0,1,1
2026520043,2018020800994001,2025091700789001,0,0,0,0,1,1
2026620035,2017011600204002,2021082600967001,0,0,0,0,1,1
2026620042,2016021700717001,2024070200703001,0,0,0,0,1,1
2026630027,2019041801565001,2024071600772001,0,0,0,0,1,1
2026640051,2016032901071001,2021060700082001,0,0,0,0,1,1
2026750013,2016041100547001,2024050100005001,0,0,0,0,1,1
2026840142,2017020701081001,2021052500441001,0,0,0,0,1,1
2026870116,2019100300555001,2024020900386001,0,0,0,0,1,1
2026880080,2019111200968001,2024072400701001,0,0,0,0,1,1
2026910014,2020091800671001,2025052800489001,0,0,0,0,1,1
2026950030,2019080100644001,2023050100732001,0,0,0,0,1,1
2027000013,2020122300032001,2025042900268001,0,0,0,0,1,1
2027040021,2017021700484001,2020031800692001,0,0,0,0,1,1
2027190039,2018080101180001,2024080100564001,0,0,0,0,1,1
2027450049,2020031701088001,2025100500021001,0,0,0,0,1,1
2027480012,2016061401746001,2024050700595001,0,0,0,0,1,1
2027540137,2017020301217001,2021031500206001,0,0,0,0,1,1
2027580013,2017032100007001,2024041100633001,0,0,0,0,1,1
2027610465,2017041901208001,2025021700121001,0,0,0,0,1,1
2027650165,2017101800539001,2025060400478001,0,0,0,0,1,1
2027650282,2018010900056002,2022102700996001,0,0,0,0,1,1
2027820091,2018041100179001,2024021600838001,0,0,0,0,1,1
2027820131,2018103100698001,2023080200702001,0,0,0,0,1,1
2027820142,2017071200732001,2025052800420001,0,0,0,0,1,1
2027830013,,2020080600952001,0,0,0,0,0,1
2027830070,2016051700227001,2021121400964001,0,0,0,0,1,1
2027830074,2016031701051001,2021030300356001,0,0,0,0,1,1
2027830080,2022041100808001,2025121800910001,0,0,0,0,1,1
2027840057,2019022700141001,2025052800078001,0,0,0,0,1,1
2028000077,2016120100997001,2025032700913001,0,0,0,0,1,1
2028000090,2017051800532001,2021042300887001,0,0,0,0,1,1
2028000090,2021042300887001,2024111900516003,0,0,0,0,1,1
2028020032,2019061600022001,2023020700225001,0,0,0,0,1,1
2028070010,2017011101210002,,0,0,0,0,1,0
2028110032,2018050701188001,2022022401446001,0,0,0,0,1,1
2028280042,2017062600343001,2024040900462004,0,0,0,0,1,1
2028290014,2017072800547001,2021041300066001,0,0,0,0,1,1
2028480050,2017021300535001,2022022100365001,0,0,0,0,1,1
2028560023,2018121800970001,2025021100021001,0,0,0,0,1,1
2028660077,2018041200976001,2022052200036001,0,0,0,0,1,1
2028670137,,2024031300658001,0,0,0,0,0,1
2028680274,2017061900719001,2020111901006001,0,1,0,0,1,1
2028690053,2017090500298001,2021031101576001,0,0,0,0,1,1
2028720101,2016033100787001,2022020401107001,0,0,0,0,1,1
2028730100,2020101100046001,2024040300817001,0,0,0,0,1,1
2028770429,2016030400891001,2022112901175001,0,0,0,0,1,1
2028770475,2017091800379001,2022112300389001,0,0,0,0,1,1
2028770521,2018050901027001,2023020600823001,0,0,0,0,1,1
2028790007,2016020802155001,2024110400645001,0,0,0,0,1,1
2028790011,2018080700848001,2025070900026001,0,0,0,0,1,1
2028790145,2016063000760002,2024032900068001,0,0,0,0,1,1
2028800175,2017062801260001,2022103100137001,0,0,0,0,1,1
2028880036,2021051300165001,2025010700934001,0,0,0,0,1,1
2028920008,2018111900838001,2023050200946007,0,0,0,0,1,1
2028920016,2017053101033001,2021110801646001,0,0,0,0,1,1
2029120117,2016041501049001,2024060500529002,0,0,0,0,1,1
2029340035,2016033000391001,2025082200515001,0,0,0,0,1,1
2029360041,2020013101024001,2023051801010001,0,0,0,0,1,1
2029480050,2019040901144001,2023040500340001,0,0,0,0,1,1
2029550021,2017040600062001,2025091900289001,0,0,0,0,1,1
2029580043,2019031500630001,2023011301046001,0,0,0,0,1,1
2029580053,2019122000878001,2025060500314001,0,0,0,0,1,1
2029580140,2018062901302001,2022071501595001,0,0,0,0,1,1
2029580218,2020020301143003,2025062300293001,0,0,0,0,1,1
2029600042,,2021032201392001,0,0,0,0,0,1
2029600145,2016121300104001,2023031700649003,0,0,0,0,1,1
2029600146,2021071200484001,2025110700227001,0,0,0,0,1,1
2029600148,2017070300742001,2021121600930001,0,0,0,0,1,1
2029600151,2021040101302001,2025050100510001,0,0,0,0,1,1
2029610047,2016070701204001,2022092000499001,0,0,0,0,1,1
2029630150,2017110100011001,2025111200934001,0,0,0,0,1,1
2029640005,2016071401285001,2025062400530002,0,0,0,0,1,1
2029650105,2020012200698001,2024092600892002,0,0,0,0,1,1
2029660219,2019010701092001,2022032901273001,0,0,0,0,1,1
2029680034,2017081501348001,2021051901584001,1,0,1,0,1,1
2029710007,2017092900603001,2024020700536001,0,0,0,0,1,1
2029720028,2017121200652001,2025111700749001,0,0,0,0,1,1
2029730150,2019072600379001,2024020900216001,0,0,0,0,1,1
2029740114,2018120300525001,2024110600568001,0,0,0,0,1,1
2029750005,2018113000001001,2022110300577001,0,0,0,0,1,1
2029770087,2016062801444001,2023122900342002,0,0,0,0,1,1
2029770301,2018060400395001,2022011301520001,0,0,0,0,1,1
2029770363,2018032801125001,2021060700445003,0,0,0,0,1,1
2029890010,2016121501933001,2022063001285001,0,0,0,0,1,1
2029940012,2017051500325001,2024041000274001,0,0,0,0,1,1
2029950122,2019011100371001,2024062500769001,0,0,0,0,1,1
2030000036,2016040100489001,2024090300300001,0,0,0,0,1,1
2030370101,2017112000631001,2022030900956001,0,0,0,0,1,1
2030390018,2017030600831001,2022062000676001,0,0,0,0,1,1
2030390063,2018122700940001,2021123100207001,0,0,0,0,1,1
2030450016,2017111700519001,2021032500392001,0,0,0,0,1,1
2030470009,2018010501002001,2022011800613001,0,0,0,0,1,1
2030470029,2017033000904002,2022030101243001,0,0,0,0,1,1
2030500091,2018091100523001,2024041700167001,0,0,0,0,1,1
2030550029,2019041200269001,2025041000379001,0,0,0,0,1,1
2030570040,2016072700772001,2023031100025001,0,0,0,0,1,1
2030580078,2019012901018002,2025112600802001,0,0,0,0,1,1
2030630146,2019092600005001,2024112600029001,0,0,0,0,1,1
2030680068,2016091200834001,2024011500151001,0,0,0,0,1,1
2030680088,2016110200182001,2025111201097001,0,0,0,0,1,1
2030680142,2020073000474001,2025110700591001,0,0,0,0,1,1
2030680143,2020072301023001,2025110700616001,0,0,0,0,1,1
2030680144,2018082900620001,2022041100459001,0,0,0,0,1,1
2030710003,2016072200121001,2021072901178001,0,0,0,0,1,1
2030800064,2017031501000002,2025030700075001,0,0,0,0,1,1
2030820019,2019060501036001,2025082100511003,0,0,0,0,1,1
2030960131,2022051800761001,2025122300691001,0,0,0,0,1,1
2030970074,2021012600974002,2025091700208001,0,0,0,0,1,1
2031020076,2019050100852001,2025120400348001,0,0,0,0,1,1
2031030058,2017020600246001,2022122801020001,0,0,0,0,1,1
2031030167,2019060700241001,2025040300792001,0,0,0,0,1,1
2031050051,2017081100545001,2021022200970001,0,0,0,0,1,1
2031100075,2022050301291001,2025111701029001,0,0,0,0,1,1
2031420016,2018020900001001,2026010800930002,0,0,0,0,1,1
2031440003,2019010300350001,2023030700786001,0,0,0,0,1,1
2031440031,2017040500888001,2023030800615001,0,0,0,0,1,1
2031440080,,2023090500740001,0,0,0,0,0,1
2031450037,2019040800486001,2023101800778001,0,0,0,0,1,1
2031490182,2018041400009001,2023061201077001,0,0,0,0,1,1
2031560024,2016072500757001,2022051900734001,0,0,0,0,1,1
2031560181,2016121401240001,2021111800222001,0,0,0,0,1,1
2031710018,2019061801280001,,0,0,0,0,1,0
2031860068,2019091100320001,2022090100774001,0,0,0,0,1,1
2031880090,2016070200081001,2020110900212001,0,0,0,0,1,1
2031940006,2016032000006001,2019081200832001,0,0,0,0,1,1
2032020012,2017041000784001,2025040100678001,0,0,0,0,1,1
2032060012,2020021301260001,2023042600482001,0,0,0,0,1,1
2032060063,2018031900731002,2021081600612001,0,0,0,0,1,1
2032070020,2018071600598001,2022021701521001,0,0,0,0,1,1
2032080007,2016072800675002,2022072000054001,0,0,0,0,1,1
2032100057,2019031200591001,2025043000281001,0,0,0,0,1,1
2032120094,2021061501571001,2025060200372001,0,0,0,0,1,1
2032150044,2016123100055001,2021111901189001,1,0,1,0,1,1
2032190199,2016123001108001,2023030900691001,1,0,1,0,1,1
2032250182,2022011101539001,2025030301153001,0,0,0,0,1,1
2032280076,2017050600058001,2022062700993001,0,0,0,0,1,1
2032400022,2017122001210001,2024031300819001,0,0,0,0,1,1
2032500054,2016110300847001,2024100900262001,0,0,0,0,1,1
2032530034,2016072500659001,2020120900282001,0,0,0,0,1,1
2032530135,2016062301086001,2024101600498001,0,0,0,0,1,1
2032530191,2016072101401001,2022081800799001,0,0,0,0,1,1
2032550040,2016120600368002,2022032301631001,1,0,1,0,1,1
2032550088,2016021801845001,2022051601126001,0,0,0,0,1,1
2032580048,2016092200299001,2024041000481001,0,0,0,0,1,1
2032610058,2018062600266001,2023060200779002,0,0,0,0,1,1
2032630037,2019112501094001,2024122600975001,0,0,0,0,1,1
2032630257,2019082000090001,2024080200396001,0,0,0,0,1,1
2032780075,2017041701004001,2023052900027001,0,0,0,0,1,1
2032840016,2017081500576001,2021021801307001,0,0,0,0,1,1
2032870095,2021011901553001,2025020400587001,0,0,0,0,1,1
2032880028,2016120701306001,2024092000484002,0,0,0,0,1,1
2032890029,2018041700397001,2023021500362002,0,0,0,0,1,1
2032890035,2020062900438001,2023112200681001,0,0,0,0,1,1
2032890042,2018071900317001,2024040900254001,0,0,0,0,1,1
2032890073,2017020101402001,2025070900084001,0,0,0,0,1,1
2032940015,2019010800145001,2024010300659001,0,0,0,0,1,1
2032940065,2019030300033002,2024100200275001,0,0,0,0,1,1
2032950030,2017071000800001,2022061601497001,0,0,0,0,1,1
2032980042,2016030400156001,2021072201523001,0,0,0,0,1,1
2033000080,2018082400773001,2025092900471001,0,0,0,0,1,1
2033080044,2019050300675001,2025072400272001,0,0,0,0,1,1
2033110037,2016083001249001,2025030500613001,0,0,0,0,1,1
2033110110,2018061901147001,2021100400475001,0,0,0,0,1,1
2033110119,2018072700627001,2021092701274001,0,0,0,0,1,1
2033150031,2016112100925001,2021052400610002,0,0,0,0,1,1
2033160056,2018050300641001,2024120200193001,0,0,0,0,1,1
2033190024,2019030501088002,2024102900315001,0,0,0,0,1,1
2033220072,2017022801202001,2022041201159001,0,0,0,0,1,1
2033330042,2022013100820001,2025021000701001,0,0,0,0,1,1
2033430163,2017120500766001,2022051001018001,0,0,0,0,1,1
2033510018,2017081000545001,2025050100565001,0,0,0,0,1,1
2033510027,2017072400326001,2022053100580001,0,0,0,0,1,1
2033550152,2019060400621001,,0,0,0,0,1,0
2033600055,2021030500971001,2024122300535001,0,0,0,0,1,1
2033600061,2016050400345001,2023090700334001,0,0,0,0,1,1
2033750079,2017041800054001,2020102000569001,0,0,0,0,1,1
2033760083,2017070600968001,2021121600201001,0,0,0,0,1,1
2033770087,2018091000232002,2022020700757001,0,0,0,0,1,1
2033780097,2020061900700001,2025062500858001,0,0,0,0,1,1
2033790026,2017101700477002,2024091100223001,0,0,0,0,1,1
2033800084,2016022600395003,2022031800331001,0,0,0,0,1,1
2033850086,2016121300253001,2022050500707001,0,0,0,0,1,1
2033870012,2019040100080001,2022101700134001,0,0,0,0,1,1
2033870036,2016072701304001,2020100100287003,0,0,0,0,1,1
2033890042,,2024032800547001,0,0,0,0,0,1
2033890056,2019072200538001,2025092400335001,0,0,0,0,1,1
2033980007,2019050700632001,2025100801108001,0,0,0,0,1,1
2034300039,2018041000971001,2025071700098001,0,0,0,0,1,1
2034300281,2019091000105001,2023112900254001,0,0,0,0,1,1
2034360106,2017112100183001,2025101600340001,0,0,0,0,1,1
2034360108,2016022200429001,2019052400566002,0,0,0,0,1,1
2034360111,2016060100664001,2021102000613001,0,0,0,0,1,1
2034360116,2016030800112001,2021101401443001,0,0,0,0,1,1
2034360162,2016020100547001,2021092800658001,0,0,0,0,1,1
2034360163,2016050600481001,2019092500706002,0,0,0,0,1,1
2034480011,2018082700704001,2025062400659001,0,0,0,0,1,1
2034560071,2021111600054001,2025070700328001,0,0,0,0,1,1
2034600053,2020072500095001,2023112900669001,0,0,0,0,1,1
2034690035,2019073100063002,2023092100696001,0,0,0,0,1,1
2034720049,2017041100864001,2025041100529001,0,0,0,0,1,1
2034830073,2018111501056001,2021121500502001,0,0,0,0,1,1
2034830109,2019012500481001,2022122900730001,0,0,0,0,1,1
2034870139,2018092501105001,2024112700219002,0,0,0,0,1,1
2034920051,2018032600322001,2025082700428001,0,0,0,0,1,1
2034960050,2018012201182001,2024110100288001,0,0,0,0,1,1
2034960061,2017022300261001,2022030800999001,0,0,0,0,1,1
2035000145,2017090701088001,2020120200502003,0,0,0,0,1,1
2035080132,2018012901102002,2022021401199002,0,0,0,0,1,1
2035090059,2016070701144001,2024063000026001,0,0,0,0,1,1
2035110009,2016090700761002,2020030400690001,0,0,0,0,1,1
2035110029,2016060900184001,2020122900439001,0,0,0,0,1,1
2035110037,2020011500514002,2024111900860001,0,0,0,0,1,1
2035120042,2017071700665005,2020083100848001,0,0,0,0,1,1
2035200027,2017081400475001,2023011100638001,0,0,0,0,1,1
2035210035,2019032100658002,2022041501161001,0,0,0,0,1,1
2035210069,2019110401150001,2023081000709001,0,0,0,0,1,1
2035230021,2016090900507001,2022061700901001,0,0,0,0,1,1
2035250006,2018040501149001,2025032000112001,0,0,0,0,1,1
2035270019,2018100100609001,2022072200349001,0,0,0,0,1,1
2035280009,2017010301574001,2022112900136001,0,0,0,0,1,1
2035310110,2018080100408001,2022083100302001,0,0,0,0,1,1
2035310146,2019030500083001,2023121200177002,0,0,0,0,1,1
2035560001,2016071201415001,2019092300836001,0,0,0,0,1,1
2035560043,2016042500310001,2020032100043001,0,0,0,0,1,1
2035560048,2018061900609001,2023051500386002,0,0,0,0,1,1
2035560403,2019080500006001,2023030601008001,0,0,0,0,1,1
2035570032,2018120300736001,2023092600561001,0,0,0,0,1,1
2035620017,2020041000486001,2024061100674001,0,0,0,0,1,1
2035750021,2016101101625001,2021030201547001,0,0,0,0,1,1
2035750074,2019082000978002,2022092001234001,0,0,0,0,1,1
2035940052,2016011100378001,2023090300006001,0,0,0,0,1,1
2035950018,2017091801076001,2021110901547001,0,0,0,0,1,1
2035960022,2016021700625001,2024012500160002,0,0,0,0,1,1
2035980062,2019082601081002,2025073000039001,0,0,0,0,1,1
2035990017,2018071200583001,2023010301015001,0,0,0,0,1,1
2036080062,2018090600561001,2022060600140001,0,0,0,0,1,1
2036090001,2018041600463001,2021052601306001,0,0,0,0,1,1
2036110041,2017111300547001,2025031000330001,0,0,0,0,1,1
2036670048,2016070600954001,2024060300121001,0,0,0,0,1,1
2036670049,2018021300115003,2022010300704001,1,0,1,0,1,1
2036810042,2017030200442001,2022080400392001,0,0,0,0,1,1
2036880056,2019080601159001,2023032700804001,0,0,0,0,1,1
2036880068,2020101900563001,2024030800018001,0,0,0,0,1,1
2036930027,2020032400829001,2023110300638001,0,0,0,0,1,1
2036930076,2019092100010001,2023030800384001,0,0,0,0,1,1
2037110062,2019071800541002,2023081501066001,0,0,0,0,1,1
2037120012,2018081100033001,2024100800134001,0,0,0,0,1,1
2037130060,2017030601100001,2024061300592001,0,0,0,0,1,1
2037130062,2017030600732001,2024061300592001,0,0,0,0,1,1
2037130066,2017030600666001,2024061300592001,0,0,0,0,1,1
2037130067,2017030601195001,2024061300592001,0,0,0,0,1,1
2037150046,,2022102700793001,0,0,0,0,0,1
2037310064,2019050100418001,2023060200645001,0,0,0,0,1,1
2037330024,2016081600076001,2023071901081001,0,0,0,0,1,1
2037440048,2016061401189001,2021070801542001,0,0,0,0,1,1
2037560027,2016122001168001,2022050400898001,0,0,0,0,1,1
2037590067,2017071001127001,2025061700698001,0,0,0,0,1,1
2037630025,2018073101023001,2025050500962001,0,0,0,0,1,1
2037640008,2019022500259001,2025100300180001,0,0,0,0,1,1
2037670008,2017020300488001,2022072201220001,0,0,0,0,1,1
2037730022,2020072000659002,2025111600061001,0,0,0,0,1,1
2037750075,2018092500368001,2022100500858001,0,0,0,0,1,1
2037760012,2017050300842001,2024100800726001,0,0,0,0,1,1
2037760021,2019032800265001,2023032100339001,0,1,0,1,1,1
2037760022,2017030800447001,2023100200859001,0,0,0,0,1,1
2037780041,2018020600376001,2021092800442001,0,0,0,0,1,1
2037800125,2016102601528001,2024012400516001,0,0,0,0,1,1
2037830030,2017101801206001,2024020200188001,0,0,0,0,1,1
2037900073,2016022200503001,2020042300700001,0,0,0,0,1,1
2037940044,2017012300749001,2023032700218004,0,0,0,0,1,1
2037970030,2018041600853001,2025072900276001,1,0,0,0,1,1
2037990001,2018112901435001,2022040500409001,0,0,0,0,1,1
2037990144,2020022900056001,2023061000017001,0,0,0,0,1,1
2038000016,2016120600571003,2020121101419001,0,0,0,0,1,1
2038000177,2016051101164001,2024103100674001,0,0,0,0,1,1
2038040031,2017030800857003,2022033000586001,0,0,0,0,1,1
2038080017,2017083000974001,2022061800053001,0,0,0,0,1,1
2038160076,2017011600530001,2025092500888001,0,0,0,0,1,1
2038180025,2019111100165001,2024030100209001,0,0,0,0,1,1
2038220069,2016052401183002,2025012101067001,0,1,0,1,1,1
2038220083,2017041100757001,2025100300805001,0,0,0,0,1,1
2038310016,2017103100541001,2023072500988001,0,0,0,0,1,1
2038480115,2017050300256001,2020112400049001,0,0,0,0,1,1
2038720019,2018092700156001,2024111200711001,0,0,0,0,1,1
2038760006,2017123100003001,2024111400493001,0,0,0,0,1,1
2038790021,2019011500817001,2026010100054001,0,0,0,0,1,1
2038920019,2016090201073001,2021021800925001,0,0,0,0,1,1
2038950074,2016050400659001,2022021500937001,0,0,0,0,1,1
2038990004,2019100400199001,2024082100220001,0,0,0,0,1,1
2039010003,2016020100512001,2019122000221002,0,0,0,0,1,1
2039090020,2020010200236001,2024051000042001,0,0,0,0,1,1
2039130039,2016100700009002,2021041901136001,0,0,0,0,1,1
2039130039,2021041901136001,2025060400725001,0,0,0,0,1,1
2039150011,2018022000549001,2022100500196001,0,0,0,0,1,1
2039190048,2021013100054001,2025110500572001,0,0,0,0,1,1
2039310063,2019121000683002,2025071200029001,0,0,0,0,1,1
2039320048,2019080101178001,2024082300829001,0,0,0,0,1,1
2039340032,2016060201197001,2021021900851001,0,0,0,0,1,1
2039480040,2016090801297001,2024110500462001,0,0,0,0,1,1
2039680034,2016082300255001,2021021600426001,0,1,0,0,1,1
2039750022,2016121900600002,2022071301056001,0,0,0,0,1,1
2039760024,2016060800947001,2021091000633001,0,0,0,0,1,1
2039760044,2019092401195001,2025061600550001,0,1,0,1,1,1
2039770038,2017032901398001,2025082200930001,0,0,0,0,1,1
2039790037,2019013100485001,2025053000163001,1,0,0,0,1,1
2039850129,2019102900396001,2025102100094001,0,0,0,0,1,1
2039920003,2022120600733001,2026010500355001,0,0,0,0,1,1
2039930005,2020051200379001,2024033000049001,0,0,0,0,1,1
2039930037,2017102701485001,2023051800171001,0,0,0,0,1,1
2039960009,2020112501257001,2023120200029001,0,0,0,0,1,1
2039960061,2017062300375001,2022040701065001,0,0,0,0,1,1
2040000009,2017040500500001,2025013100351001,0,0,0,0,1,1
2040070029,2020010300886001,2023041800372003,0,0,0,0,1,1
2040160043,2016112900032002,2023101100575001,0,0,0,0,1,1
2040180011,2017061500736001,2024071700085002,0,0,0,0,1,1
2040180050,2016071401509001,2025110300651001,0,0,0,0,1,1
2040200010,2016111601300001,2022052500308001,0,0,0,0,1,1
2040200043,2019072500319001,2024053000627001,0,0,0,0,1,1
2040210044,2016122201864001,2024040800330001,0,0,0,0,1,1
2040230049,2016041200574001,2019042300183001,0,0,0,0,1,1
2040260008,2017123000010001,2024072500451001,0,0,0,0,1,1
2040260009,2017123000009001,2024072500439001,0,0,0,0,1,1
2040260010,2017062201002001,2024100300122001,0,0,0,0,1,1
2040260026,2016102400816001,2021022301048001,0,0,0,0,1,1
2040260041,2016030701056001,2024032100921001,0,0,0,0,1,1
2040270127,2017070300450001,2023122700317002,0,0,0,0,1,1
2040290028,2016033001176001,2025050200496001,0,0,0,0,1,1
2040310018,2016120701493001,2022041301015001,0,0,0,0,1,1
2040320011,2017090400027001,2022010400793001,0,0,0,0,1,1
2040340040,2017092500030002,2021051800472001,0,0,0,0,1,1
2040350020,2018050300695001,2021110300998001,0,0,0,0,1,1
2040360012,2017061901150001,2021041401507001,0,0,0,0,1,1
2040450059,,2025071600108001,0,0,0,0,0,1
2040450103,2017050200204001,2022081701330001,0,0,0,0,1,1
2040460049,2016072901021001,2020111901238001,0,0,0,0,1,1
2040480006,2018062801194001,2022040601003001,0,0,0,0,1,1
2040500061,2019062001806001,2025082700244001,0,0,0,0,1,1
2040520025,2016031500356001,2021090201164001,0,0,0,0,1,1
2040520056,2016072101026001,2022050900409001,0,0,0,0,1,1
2040520062,2016101900601001,2025020500722002,0,0,0,0,1,1
2040540057,2017080100730001,2025081100526002,0,0,0,0,1,1
2040560007,2017070600775001,2021120100751001,0,0,0,0,1,1
2040560076,2017092600473002,2025080100221001,0,0,0,0,1,1
2040580037,2016071200648001,2022111100114001,0,0,0,0,1,1
2040660004,2017080200665001,2022081100275002,0,0,0,0,1,1
2040740014,2017031100064001,2022102100166001,0,0,0,0,1,1
2040780034,2016012000130001,2022072100693001,0,0,0,0,1,1
2040870009,2017111600862001,2024031400110001,0,0,0,0,1,1
2040900006,2021012700651001,2025041600799001,0,0,0,0,1,1
2040910013,2016093000325001,2021092000946001,0,0,0,0,1,1
2040920010,2016093000857001,2021011101192001,0,0,0,0,1,1
2040930114,2018053100749002,2022070100481001,0,0,0,0,1,1
2040930123,2016091500697001,2022091100026001,0,0,0,0,1,1
2040960019,2016060100581001,2022060200162001,0,0,0,0,1,1
2040960042,2017072600910001,2024102900195001,0,0,0,0,1,1
2040970054,,2024110700943001,0,0,0,0,0,1
2040970135,2017062400051001,2024111800068001,0,0,0,0,1,1
2040980058,2018041300803002,2024053000167001,0,0,0,0,1,1
2040990149,2020061900440001,2023121800974002,0,0,0,0,1,1
2041000024,,2024052300896001,0,0,0,0,0,1
2041030017,2017022401110001,2022102400098001,0,0,0,0,1,1
2041050001,2016061702165001,2022040600239001,0,0,0,0,1,1
2041070016,2017020100408001,2024122300762001,0,0,0,0,1,1
2041110042,2017080800378001,2021071401836001,0,0,0,0,1,1
2041130053,2019092501539001,2024101800362001,0,0,0,0,1,1
2041200024,2021102200841001,2025111300784001,0,0,0,0,1,1
2041250141,2021042800382001,2024090600230001,0,0,0,0,1,1
2041270019,2017110601159001,2024032900464001,0,0,0,0,1,1
2041280005,2021021600583001,2024092200003002,0,0,0,0,1,1
2041290004,2016072001032001,2021100100774001,0,0,0,0,1,1
2041300028,2021012900530001,2025040900226002,0,0,0,0,1,1
2041310007,2016072800935001,2024041900303001,0,0,0,0,1,1
2041310017,2021031800398001,2024031200120001,0,0,0,0,1,1
2041310044,2018120600161001,2024032700193001,0,0,0,0,1,1
2041310142,2017081600869001,2024092400424001,0,0,0,0,1,1
2041320003,2021012101222001,2024072300878002,0,0,0,0,1,1
2041570006,2020031600606001,2023040500035001,0,0,0,0,1,1
2041630002,2019090300219002,2025091500745001,0,1,0,0,1,1
2041660006,2017052400542001,2024052300234001,0,0,0,0,1,1
2041760048,2018122000506001,2025072800632001,0,0,0,0,1,1
2041900006,2016022600361001,2023063000967001,0,0,0,0,1,1
2041900022,2019031500417001,2024050801079001,0,0,0,0,1,1
2041910011,2018112001431001,2026011100097001,0,0,0,0,1,1
2041940018,2018041600998001,2024100900748001,0,0,0,0,1,1
2041980020,2019091201254001,2022111000908001,0,0,0,0,1,1
2042020074,2016102400441001,2023041400795001,0,0,0,0,1,1
2042030060,2018052200472001,2023032000318001,0,0,0,0,1,1
2042200010,2016062800207002,2022050400352001,0,0,0,0,1,1
2042200013,2018042700942001,2023031300282001,0,0,0,0,1,1
2042210020,2016071801148001,2021061800328001,0,0,0,0,1,1
2042210029,2016102100807001,2025020500605001,0,0,0,0,1,1
2042260179,2016030800540001,2022050400161001,0,0,0,0,1,1
2042300001,2018121200624001,2024100201013001,0,0,0,0,1,1
2042310127,2016080500138001,2021080201379001,0,0,0,0,1,1
2042320011,,2021071900256001,0,0,0,0,0,1
2042340043,2021020800306001,2025060900655001,0,0,0,0,1,1
2042410033,2020082500717001,2025102900678001,0,0,0,0,1,1
2042410046,2022022801256001,2026011500794001,0,0,0,0,1,1
2042420055,2018090701168001,2022060201315001,0,0,0,0,1,1
2042460009,2017021301403001,2021081100485001,0,1,0,0,1,1
2042570065,2017040300517001,2025030700545001,0,0,0,0,1,1
2042580152,2016051700003002,2023110601206001,0,0,0,0,1,1
2042620009,2016092101279001,2023060800607001,0,0,0,0,1,1
2042620028,2017062801091001,2025043000675001,0,0,0,0,1,1
2042620042,2017091500597001,2025042800856001,0,0,0,0,1,1
2042640001,2018031600829001,2025040500026001,0,0,0,0,1,1
2042640039,2019022600752001,2024081900688001,0,0,0,0,1,1
2042650039,2017121300666001,2022102800214001,0,0,0,0,1,1
2042660030,2016042200206001,2023101800790001,0,0,0,0,1,1
2042680061,2019080901071001,2025111800065002,0,0,0,0,1,1
2042700063,2020020400097002,2023081800577001,0,0,0,0,1,1
2042710031,2019070600003001,2022083001395001,0,0,0,0,1,1
2042720007,2018080701046001,2023080300428001,0,0,0,0,1,1
2042720033,2022051200889001,2026010600461001,0,0,0,0,1,1
2042760023,2016120600314001,2021071900601001,0,0,0,0,1,1
2042770031,2017092600291001,2021030501021001,0,0,0,0,1,1
2042780015,2017122100461001,2022120600251001,0,0,0,0,1,1
2042950005,2017022200520001,2025032600378001,0,0,0,0,1,1
2042950037,2016061401478001,2022050900504002,0,0,0,0,1,1
2042970028,2018041600885001,2022092100657001,0,0,0,0,1,1
2042980014,2017092000991001,2022020901479001,0,0,0,0,1,1
2042990012,2018121000465002,2022012700841001,0,0,0,0,1,1
2042990025,2016030100175001,2023072100868001,0,0,0,0,1,1
2043040007,2022092000876001,2025120300285001,0,0,0,0,1,1
2043070019,2016072600439001,2024112200573001,0,0,0,0,1,1
2043080023,2016032801219001,2023053100828001,0,0,0,0,1,1
2043130023,2020111800702001,2025081200440002,0,0,0,0,1,1
2043270036,2017091400213001,2023030500036001,0,0,0,0,1,1
2043280017,2020110600185001,2024072900126001,0,0,0,0,1,1
2043310015,2016100500417002,2021022000001001,0,0,0,0,1,1
2043310055,2020062500370001,2025100100240001,1,0,1,0,1,1
2043480014,2021040500301001,2024061300521001,0,0,0,0,1,1
2043540032,2018102901067002,2022091600545002,1,0,1,0,1,1
2043640037,2018032101051001,2022080300877001,0,1,0,0,1,1
2043650035,2016102000072001,2022081800807001,0,0,0,0,1,1
2043730001,2020120400130001,2024020500378001,0,0,0,0,1,1
2043850037,2016031700617001,2020062900603001,0,0,0,0,1,1
2043980006,2017080201528001,2021021900617003,0,0,0,0,1,1
2044040003,2018102200955002,2025110500223001,0,0,0,0,1,1
2044100063,2017110300814001,2024073100279001,0,0,0,0,1,1
2044350060,2018032901013001,2022042501435001,0,0,0,0,1,1
2044360019,2016112300238001,2024070200438001,0,0,0,0,1,1
2044370025,2021051801213001,2025062600483001,0,0,0,0,1,1
2044380020,2022033000181001,2025040300271001,0,0,0,0,1,1
2044400049,2019081600609001,2024090900434001,0,0,0,0,1,1
2044460016,2017112100189001,2022020100287001,0,0,0,0,1,1
2044470031,2019052200214001,2024061000246001,0,0,0,0,1,1
2044490073,2018012200748001,2022072900733001,0,0,0,0,1,1
2044510010,2016081900650001,2022032800431001,0,0,0,0,1,1
2044550016,2017021300984002,2024021400776001,0,0,0,0,1,1
2044570053,2016112301150004,2024070800435001,0,1,0,1,1,1
2044620011,2016080900633001,2023052600351001,0,0,0,0,1,1
2044620057,2016111600491001,2022121200422002,0,0,0,0,1,1
2044620061,2018061300011001,2022060600689001,0,0,0,0,1,1
2044660119,2017092700915001,2021051400740001,0,0,0,0,1,1
2044670050,2017112201562002,2025062900002001,1,0,1,0,1,1
2044680060,2018020900657001,2024010800379001,0,0,0,0,1,1
2044690148,2017012700554001,2023120100337001,0,0,0,0,1,1
2044710019,2020012300663001,2025032500532001,0,0,0,0,1,1
2044720050,2020041300806001,2025012101059001,0,1,0,1,1,1
2044740026,2018022700810002,2021103000026001,0,0,0,0,1,1
2044750046,2018122600162001,2024041600614001,0,0,0,0,1,1
2044750067,2017081000674001,2020083000082001,0,0,0,0,1,1
2044780014,2018032300064001,2024111400466001,0,0,0,0,1,1
2044800018,2017072500209001,2023063000608001,0,0,0,0,1,1
2044810070,2016080900618001,2022051100134001,0,0,0,0,1,1
2044810076,2018070900421001,2023041900169001,0,0,0,0,1,1
2044810119,2018072300095001,2021111001093001,0,0,0,0,1,1
2044830037,2017090600937001,2021020301348003,0,0,0,0,1,1
2044860008,2018112900465001,2024100200723001,0,0,0,0,1,1
2044860052,2017072800734001,2021061701898001,0,0,0,0,1,1
2044960054,2022050201310001,2025050500248001,0,0,0,0,1,1
2045110009,2018081700871001,2025122900433001,0,0,0,0,1,1
2045190012,2020022100273001,2025122200432002,0,0,0,0,1,1
2045200010,2019072600184001,2025060600316001,0,0,0,0,1,1
2045250021,2016060700242001,2025040800387003,0,0,0,0,1,1
2045290039,2018082200249003,2024040100667002,0,0,0,0,1,1
2045320011,2016072200877001,2024122000028004,0,0,0,0,1,1
2045330004,2017120500998001,2022072701553001,0,0,0,0,1,1
2045330114,2018022001463001,2024061300608001,0,0,0,0,1,1
2045430074,2018102500376001,2025021801009001,0,0,0,0,1,1
2045440014,2016060900738001,2020122200265001,0,0,0,0,1,1
2045440059,2020030501380001,2025041600040003,0,0,0,0,1,1
2045470022,2017121900723001,2023102700749001,0,0,0,0,1,1
2045470050,2018120701156001,2024121900146001,0,0,0,0,1,1
2045510050,2017102300909001,2021110800799002,0,0,0,0,1,1
2045530029,2018020800696003,2022040501470001,0,0,0,0,1,1
2045570018,2017091900305001,2023122000117001,0,0,0,0,1,1
2045570030,2020010201193001,2025091100558001,0,0,0,0,1,1
2045580043,2020031900078001,2025032600599001,0,0,0,0,1,1
2045600037,2019062800055001,2025050500993001,0,0,0,0,1,1
2045620020,2019091600866001,2023062300375001,0,0,0,0,1,1
2045640144,2021091301095002,2025071300027001,0,0,0,0,1,1
2045800006,2017100201224001,2025100100448001,0,0,0,0,1,1
2045800009,2022091700056001,2025102300571001,0,0,0,0,1,1
2045800010,2018060100535004,2024010500834001,0,0,0,0,1,1
2045930006,2019021500993001,2023101800152001,0,0,0,0,1,1
2045960053,2016040600431001,2022110900244001,0,0,0,0,1,1
2046040015,2020091300082002,2024073000518001,0,0,0,0,1,1
2046080025,2018070300663001,2022072201207001,0,0,0,0,1,1
2046100012,2018062800406001,2021072700002001,0,0,0,0,1,1
2046100030,2017120600167001,2022070700871002,0,0,0,0,1,1
2046110014,2020011300811002,2025062000887001,0,0,0,0,1,1
2046110041,2019011400148001,2024031300494001,0,0,0,0,1,1
2046120012,2017111501286001,2026010500666002,0,0,0,0,1,1
2046120040,2020111700361001,2025061800759001,0,0,0,0,1,1
2046150063,2017110301304001,2025040800832001,0,0,0,0,1,1
2046160007,2019081900337001,2024091200390001,0,0,0,0,1,1
2046160028,2016072500581001,2024120200681002,1,0,1,0,1,1
2046170001,2017101300890001,2022011401432001,0,0,0,0,1,1
2046170024,2018051600465001,2025090700048001,0,0,0,0,1,1
2046180001,2017050400812001,2022091601129001,0,0,0,0,1,1
2046180018,,2021012601170001,0,0,0,0,0,1
2046220058,2018021500107001,2022062800196001,0,0,0,0,1,1
2046340073,2019050700667002,2022081100286001,0,0,0,0,1,1
2046360012,2017022800514001,2023052200246001,0,0,0,0,1,1
2046370050,2016102100460001,2024100200871001,0,0,0,0,1,1
2046380013,2017041000353001,2023082600051001,0,0,0,0,1,1
2046380048,2017051500247001,2024101700684001,0,0,0,0,1,1
2046420052,2021051101171001,2024052300271001,0,0,0,0,1,1
2046460057,2018040400703002,2023071701058001,0,0,0,0,1,1
2046510027,2018100200971002,2022090600285001,0,0,0,0,1,1
2046510071,2018102501042001,2023081500425001,0,0,0,0,1,1
2046530089,2017020801520001,2022081600163001,0,0,0,0,1,1
2046540059,2020022801091001,2024022101067001,0,0,0,0,1,1
2046600048,2018082900468001,2025070300133001,0,0,0,0,1,1
2046610014,2016042000219001,2022021200146001,0,0,0,0,1,1
2046610051,2017100301110001,2021080300596002,0,0,0,0,1,1
2046610086,2016120500446001,2022110400021001,0,0,0,0,1,1
2046620004,2018042401131001,2023021700733001,0,0,0,0,1,1
2046620059,2016121501096001,2022050400395001,0,0,0,0,1,1
2046640033,2017071301000001,2023021500169001,0,0,0,0,1,1
2046640069,2016081500710001,,0,0,0,0,1,0
2046640075,2016022900167001,2020111800632001,0,0,0,0,1,1
2046650004,2022080500275001,2025082200103001,0,0,0,0,1,1
2046650175,2019012301136001,2024060300930001,0,0,0,0,1,1
2046680023,2017010600889001,2022101200155001,0,0,0,0,1,1
2046690079,2017090800361001,2021042101304001,0,0,0,0,1,1
2046720042,2019011500839001,2024101501090001,0,0,0,0,1,1
2046740048,2017120700326001,2025021400561001,0,0,0,0,1,1
2046740075,2016032900604002,2024120700020001,0,0,0,0,1,1
2046760031,2017060800262001,2022110400624001,0,0,0,0,1,1
2046770039,2021042801311001,2025080100985001,0,0,0,0,1,1
2046790054,2016020400341001,2024032500348002,1,0,1,0,1,1
2046790165,2019030600742001,2025052800858001,0,0,0,0,1,1
2046800056,2018013000654001,2023121400383001,0,0,0,0,1,1
2046820034,2017112800694001,2021080201317001,0,0,0,0,1,1
2046840018,2020022700585001,2025101400882003,0,0,0,0,1,1
2046870065,2016110201060001,2023051100578001,0,0,0,0,1,1
2046880021,2018091700333001,2022022201194001,0,0,0,0,1,1
2046910055,2019092100054001,2024121700206001,0,0,0,0,1,1
2046920012,2018100300806001,2026010200137001,0,0,0,0,1,1
2046960009,2016040401223001,2020052800436001,0,0,0,0,1,1
2046970046,2016101000599001,2022102200040001,0,0,0,0,1,1
2046990006,2017011701078001,2021121400452001,0,0,0,0,1,1
2047000051,2020050700209001,2024071500390001,0,0,0,0,1,1
2047040039,2017012500554001,2020022400302001,0,0,0,0,1,1
2047110055,2017092001248002,2021040601233001,0,0,0,0,1,1
2047140017,2016070601229001,2024062200013001,0,0,0,0,1,1
2047170025,2016030400224001,2020120901067001,0,0,0,0,1,1
2047170038,2016121900281001,2020040600375001,0,0,0,0,1,1
2047210109,2019072200188001,2024101100491001,0,0,0,0,1,1
2047240041,2019070300735001,2022090101139001,0,0,0,0,1,1
2047330010,2019091200507001,2024062700125001,0,0,0,0,1,1
2047330020,2017012401331001,2021070700454001,0,0,0,0,1,1
2047340023,2017042400112001,2021042200085001,0,0,0,0,1,1
2047340176,2019082601151001,2024112000709001,0,0,0,0,1,1
2047360027,2020120100614001,2024122400240001,0,0,0,0,1,1
2047390050,2020091700670001,2024062400145001,1,0,1,0,1,1
2047390149,2018040200141001,2024120300670001,0,0,0,0,1,1
2047400040,2019080600966001,2023010300480001,0,0,0,0,1,1
2047410051,2016020100199001,2022102800301001,0,0,0,0,1,1
2047420003,2018092700541001,2024081600245001,0,0,0,0,1,1
2047420014,2018032800366001,2021102001291001,0,0,0,0,1,1
2047430029,2018042300638001,2023072000289001,0,0,0,0,1,1
2047440006,2017090300020001,2022081100349001,0,0,0,0,1,1
2047440008,2016042000294001,2025100900665001,0,0,0,0,1,1
2047450007,2018032200583001,2022123000403001,0,0,0,0,1,1
2047500001,2017050300942001,2021121500670001,0,0,0,0,1,1
2047500034,2018080200873001,2022082600212001,0,0,0,0,1,1
2047510025,2019070500145001,2024112100881001,0,0,0,0,1,1
2047520074,2016042700120001,2019111500703001,0,0,0,0,1,1
2047520127,,2021120500073001,0,0,0,0,0,1
2047550064,2017090800548001,2025040301148001,0,0,0,0,1,1
2047590031,2021052701052001,2025051200419001,0,0,0,0,1,1
2047610029,2016033000582001,2019102400170001,1,0,1,0,1,1
2047620070,2016062200257001,2023110100369001,0,0,0,0,1,1
2047620162,2020021400334001,2025120100496001,0,0,0,0,1,1
2047640056,,2025062400933001,0,0,0,0,0,1
2047670031,2019121701017001,2023110300074001,0,0,0,0,1,1
2047680012,2016082301383001,2025010800835001,0,0,0,0,1,1
2047730043,2020010200402001,2024051700063001,0,0,0,0,1,1
2047740120,2020021901275001,2023060500292001,0,0,0,0,1,1
2047790054,2017112100457001,2021052400259001,0,0,0,0,1,1
2047800011,2016071900494003,2022060300487001,0,0,0,0,1,1
2047840032,2020120301029002,2025091800890001,0,0,0,0,1,1
2047970052,2019120600827001,2023050200911001,0,0,0,0,1,1
2047990137,2016021801436001,2020122400317002,0,0,0,0,1,1
2048240066,2018061800464001,2023112200909001,0,0,0,0,1,1
2048240071,2018062500765001,2022071900892001,0,0,0,0,1,1
2048240080,2016072100296001,2022031401317001,0,0,0,0,1,1
2048250016,2019010700470001,2024041000571001,0,0,0,0,1,1
2048250017,2018041700905001,2024123100503001,0,0,0,0,1,1
2048250035,2019041100257001,2023032900438001,0,0,0,0,1,1
2048250067,2021021900211001,2025110300787001,0,0,0,0,1,1
2048260021,2018061200693001,2025012800401001,1,0,1,0,1,1
2048260035,2018080600979001,2022012001200001,0,0,0,0,1,1
2048270074,2016091400010001,2024020100311001,0,0,0,0,1,1
2048280009,2018080100252001,2024111400751001,0,0,0,0,1,1
2048320027,2017082900629001,2022020900268001,0,0,0,0,1,1
2048320077,2022041400817002,2025120800472001,0,0,0,0,1,1
2048330013,2017040400301001,2021071900851001,0,0,0,0,1,1
2048340019,2019082601107001,2025040300388001,0,0,0,0,1,1
2048350012,2021102600831001,2025010800042001,0,0,0,0,1,1
2048360021,2021060200532001,2025082001070001,0,0,0,0,1,1
2048370012,2018041300002001,2025073000467001,0,0,0,0,1,1
2048390001,2018041900433001,2022070600549001,0,0,0,0,1,1
2048430083,2017092800196001,2025102900516001,0,0,0,0,1,1
2048460057,2016012100061001,2024060700556001,0,0,0,0,1,1
2048470055,2016050501012001,2022062300503001,0,0,0,0,1,1
2048470116,2016022900103001,2021070101035001,0,0,0,0,1,1
2048490056,2019082701399001,2023101200857002,0,0,0,0,1,1
2048500035,2019090600326001,,0,0,0,0,1,0
2048510026,2016092601618001,2025040300916001,0,0,0,0,1,1
2048510048,2017070600702001,2023092000879001,0,0,0,0,1,1
2048520066,2017051601006001,2022082500111001,0,0,0,0,1,1
2048530064,2018012601241001,2025060900766001,0,0,0,0,1,1
2048550078,2020041800013001,2024122001131001,0,0,0,0,1,1
2048570037,2017090500043001,2024101000287002,0,0,0,0,1,1
2048570039,2017101001217001,2021091400135001,0,0,0,0,1,1
2048590017,2019020100154001,2024010800838001,0,0,0,0,1,1
2048600030,2016083100472001,2020111901224001,0,0,0,0,1,1
2048600035,2020020700148002,2024072400193002,0,0,0,0,1,1
2048610060,2016101400877001,2024010801158001,0,0,0,0,1,1
2048650009,2019082000989001,2023021700831001,0,0,0,0,1,1
2048650089,2017121800705001,2025052101141001,0,0,0,0,1,1
2048690020,2019040300845001,2025011600500001,0,0,0,0,1,1
2048690021,2019032801017001,2024062500223001,0,0,0,0,1,1
2048690123,2019062601130001,2025080900051001,0,0,0,0,1,1
2048700067,2017033101051001,2023102700323002,0,0,0,0,1,1
2048720053,2017122800246001,2025011300448001,0,0,0,0,1,1
2048730027,2016042001055003,2022122100447003,0,0,0,0,1,1
2048730058,2016021900299001,2023102300949001,0,0,0,0,1,1
2048730077,2018111600985001,2023122700273001,0,0,0,0,1,1
2048750026,2019011000889001,2024093000978001,0,0,0,0,1,1
2048760043,2018030900609001,2023013000159001,0,0,0,0,1,1
2048760047,2017052501191001,2023060700271001,0,0,0,0,1,1
2048770031,2018050300733001,2026010800922001,0,0,0,0,1,1
2048770037,2017022200958001,2022070600524001,0,0,0,0,1,1
2048810097,2017061400201001,2022020700109001,0,0,0,0,1,1
2048970080,2017062201452001,2026012901180001,0,0,0,0,1,1
2049210149,2016091300738001,2021011901443001,0,0,0,0,1,1
2049240123,2016022400241001,2023012400159002,0,0,0,0,1,1
2049290050,2016122900728001,2020123000931001,0,0,0,0,1,1
2049340046,2019071900916001,2023020100622001,0,0,0,0,1,1
2049390022,2017040300913001,2021080300711001,0,0,0,0,1,1
2049550047,2017102601708001,2022062800443001,0,0,0,0,1,1
2049550054,2017010501141001,2021050301633001,0,0,0,0,1,1
2049570057,2019092301042001,2024081500122001,0,0,0,0,1,1
2049590043,2017072701616001,2021091500634001,0,0,0,0,1,1
2049600070,2016061402123001,2021072000362002,0,0,0,0,1,1
2049670065,2017080200634001,2021102500704001,0,0,0,0,1,1
2049690039,2016041300747001,2019051600700001,0,0,0,0,1,1
2049810002,2017091400915002,2020120900030001,0,0,0,0,1,1
2049810020,2017050200952002,2021120100458001,0,0,0,0,1,1
2049810088,2016102100354001,2026012800653001,0,0,0,0,1,1
2049820002,2017012401699001,2023102400830001,0,0,0,0,1,1
2049830023,2017050800794001,2022011201351001,0,0,0,0,1,1
2049830062,2017032000665001,2021123100004001,0,0,0,0,1,1
2049840001,2017012701228001,2021051100187002,0,0,0,0,1,1
2049850176,2017010401109001,2022072900433001,0,0,0,0,1,1
2049980023,2016090100739001,2020030400965001,0,0,0,0,1,1
2050040014,2018052300501001,2024103000551003,0,0,0,0,1,1
2050060042,2018070600095002,2024061400578002,0,0,0,0,1,1
2050090041,2016101300492001,2025090500489001,0,0,0,0,1,1
2050090053,2018070900565001,2023082200963001,0,0,0,0,1,1
2050090071,2017060500872001,2025091200179001,0,0,0,0,1,1
2050100025,2016061500404001,2020042400476001,0,0,0,0,1,1
2050100032,2016080400766001,2021041600567002,0,0,0,0,1,1
2050120011,2017100200887001,2022062400591001,0,0,0,0,1,1
2050220045,2018021900061001,2021072000749001,0,0,0,0,1,1
2050240008,2017100201000001,2023030600599001,0,0,0,0,1,1
2050260089,2017011800354001,2022101300172001,0,0,0,0,1,1
2050400013,2016092800167001,2021071201228001,0,0,0,0,1,1
2050440005,2017051700232001,2021010800323001,0,0,0,0,1,1
2050450068,2016070500440001,2024082500016001,0,0,0,0,1,1
2050490072,2019101501687001,2026010200293001,0,0,0,0,1,1
2050500002,,,0,0,0,0,0,0
2050510030,2019070300732001,2022120800003001,0,0,0,0,1,1
2050510065,2021021000988001,2025022701083001,0,0,0,0,1,1
2050550054,2016081900683002,2020021200656001,0,0,0,0,1,1
2050550054,2020021200656001,2024071800173002,0,0,0,0,1,1
2050560011,2017091300831001,2022040300074001,0,0,0,0,1,1
2050560012,2019070200513001,2023032900125001,0,0,0,0,1,1
2050560022,2016042900870001,2019111100244001,0,0,0,0,1,1
2050560054,2019080600259001,2024012300077001,0,0,0,0,1,1
2050570048,2018092500707001,2025092900635003,0,0,0,0,1,1
2050580032,2017041300261001,2021082401628001,0,0,0,0,1,1
2050580070,2019030600241001,2023080100119002,0,0,0,0,1,1
2050580093,,2021072100132001,0,0,0,0,0,1
2050670055,2016080700033001,2025111100319001,0,0,0,0,1,1
2050750050,2017032300413001,2025020700036002,0,0,0,0,1,1
2050800058,2017010900618001,2020032300316001,0,0,0,0,1,1
2050830065,2019021101225001,2025061000708001,0,0,0,0,1,1
2050840054,2017091901369001,2025071500436001,0,0,0,0,1,1
2050870016,2020020701068001,2025022600616001,0,0,0,0,1,1
2050900002,2019090300382001,2025010300283001,0,0,0,0,1,1
2050900031,2018061900597001,2024040500553001,0,0,0,0,1,1
2050920012,2020071700123001,2023091000031001,0,0,0,0,1,1
2050930031,2017092901249001,2021011400956001,0,0,0,0,1,1
2050950144,2016061402506001,2021081001000001,0,0,0,0,1,1
2050960023,2019040300066001,2023090700104001,0,0,0,0,1,1
2050990052,2016022600775001,2024062600590001,0,0,0,0,1,1
2051020001,2018050800739003,2023100400737003,0,0,0,0,1,1
2051180069,2017071000360002,2023082300400001,0,0,0,0,1,1
2051190029,2017121900576001,2023020800249001,0,0,0,0,1,1
2051190064,2017042700836001,2020110601029001,0,0,0,0,1,1
2051200030,2017090800404001,2024091600805001,0,0,0,0,1,1
2051230010,2017110200233001,2021091400083002,0,0,0,0,1,1
2051230016,2016013100018001,2023011100575001,0,0,0,0,1,1
2051230029,2016012000473001,2022102100464001,0,0,0,0,1,1
2051340014,2017010401593001,2022022401370002,0,0,0,0,1,1
2051340123,2018062801255001,2025050100211001,0,0,0,0,1,1
2053190057,2017042100032002,2020091600356001,0,0,0,0,1,1
2053220016,2018071800288001,2025060900420001,0,0,0,0,1,1
2053230008,2018121000033001,2022070800729001,0,0,0,0,1,1
2053240005,2017010500902001,2022061000392001,0,0,0,0,1,1
2053250008,2016031100360003,2024091200442001,0,0,0,0,1,1
2053270031,2018110700687001,2022021501469001,0,0,0,0,1,1
2053330042,2017101300730001,2023020100446002,0,0,0,0,1,1
2053430043,2017072400099001,2021031700650001,0,0,0,0,1,1
2053470006,2018073000753001,2022012401338001,0,0,0,0,1,1
2053470008,2017060701103001,2021100501346002,0,0,0,0,1,1
2053470054,2017041900536001,2022091401072001,0,0,0,0,1,1
2053480030,2017010601048001,2025061700320001,0,0,0,0,1,1
2053550045,2016100700513001,2025111400656001,0,0,0,0,1,1
2053550049,2017061901296001,2020092300352001,0,0,0,0,1,1
2053560051,2017101300556001,2023120800982001,0,0,0,0,1,1
2053580021,2018012300599001,2022072801018001,0,0,0,0,1,1
2053600043,2021082500372002,2025062700374001,0,0,0,0,1,1
2053610014,2019011401196001,2025020300418001,0,0,0,0,1,1
2053610044,2016050601044001,2019061400432001,0,0,0,0,1,1
2053650048,2017110801204001,2024102900456001,0,0,0,0,1,1
2053670050,2016123000630001,2022041900526001,0,0,0,0,1,1
2053730029,2016062701654001,2022050401143001,0,0,0,0,1,1
2053740045,2016082600649001,2025062600011001,0,0,0,0,1,1
2053750080,2016030201023001,2025021300546001,0,0,0,0,1,1
2053760015,2016031001096001,2024070300226001,0,0,0,0,1,1
2053770024,2016080900993001,2020030200761002,0,0,0,0,1,1
2053770042,2018082400839001,2022080500699001,0,0,0,0,1,1
2053780044,2016111700684003,2025102900084001,1,0,0,0,1,1
2053840049,2019090400002001,2023071700292001,0,0,0,0,1,1
2053840051,2017021400710001,2021120800254001,0,0,0,0,1,1
2053870047,2019112700719001,2024121201265001,0,0,0,0,1,1
2053880040,2018022000505001,2024092300544001,0,0,0,0,1,1
2053880043,2017060200907001,2021071301244001,0,0,0,0,1,1
2053960022,2016041200549001,2021022800027001,0,0,0,0,1,1
2053970029,2016051200715001,2021100601208001,0,0,0,0,1,1
2053980047,2016051000243001,2020111600485001,0,0,0,0,1,1
2053990028,2017122100206001,2025030700195001,0,0,0,0,1,1
2054000009,2019040500199001,2022080300966001,0,0,0,0,1,1
2054020029,2018010300545001,2023041300016001,0,0,0,0,1,1
2054020088,2020020500794001,2023031700320002,0,0,0,0,1,1
2054030022,2018061800912001,2021071300015001,0,0,0,0,1,1
2054060045,2020012800775001,2024061000302001,0,0,0,0,1,1
2054060073,2017060200245001,2022092300054001,0,0,0,0,1,1
2054060076,2017080800856001,2023070900005001,0,0,0,0,1,1
2054060085,2018102400871003,2023081100621001,0,0,0,0,1,1
2054060114,2019021300457001,2025081300042001,0,0,0,0,1,1
2054060142,2016051800447001,2025012200184001,0,0,0,0,1,1
2054070038,2019080600176002,2025112401078001,0,0,0,0,1,1
2054080013,2016110800347001,2022051601055001,0,0,0,0,1,1
2054080093,2017041001188001,2022041400173001,0,0,0,0,1,1
2054080287,2019052001086001,2024010400081001,0,0,0,0,1,1
2054080289,2016030700967001,2020100500172001,0,0,0,0,1,1
2054080295,2016080500326001,2021061900068001,0,0,0,0,1,1
2054090239,2017121401270001,2022021500496001,0,0,0,0,1,1
2054090322,2016111700967001,2022112300178001,0,0,0,0,1,1
2054090351,2018051400807001,2025073100097001,0,0,0,0,1,1
2054090515,2016092200180001,2022062701337001,0,0,0,0,1,1
2054100170,2017092900301001,2022030901406001,0,0,0,0,1,1
2054100172,2022042101222001,2025091700813001,0,0,0,0,1,1
2054100309,2021090800964001,2025031000868001,0,0,0,0,1,1
2054110252,2018081000091001,2024092300995001,0,0,0,0,1,1
2054110324,2016100800094001,2022082600620001,0,0,0,0,1,1
2054120084,2021030900981001,2025052000687001,0,0,0,0,1,1
2054120087,2021060800003001,2024121300691001,0,0,0,0,1,1
2054130148,2017021500664001,2024110600172002,0,0,0,0,1,1
2054140002,2019082100362001,2025031200555001,0,0,0,0,1,1
2054140114,2018071700895001,2022062701229001,0,0,0,0,1,1
2054140124,2017053000757001,2024071100351002,0,0,0,0,1,1
2054140128,2017050100916001,2023052500879003,0,0,0,0,1,1
2054140169,2018053000126002,2022051700226001,0,0,0,0,1,1
2054140216,2016011100763001,2021030901163002,0,0,0,0,1,1
2054150075,2019050100749001,2025050700139001,0,0,0,0,1,1
2054160018,2016092101280001,2021073000432001,0,0,0,0,1,1
2054160037,2016080900410001,2020111800120001,0,0,0,0,1,1
2054160037,2020111800120001,2025093000104001,0,0,0,0,1,1
2054170138,2021040600298001,2025051500219001,0,0,0,0,1,1
2054170156,2017101700223001,2021062000082001,0,0,0,0,1,1
2054270071,2017020601577001,2021110200170002,0,0,0,0,1,1
2054290028,2022090400033001,2025110200031001,0,0,0,0,1,1
2054290053,2016011900528001,2019121100867001,0,0,0,0,1,1
2054300033,2017070200026001,2023011100469001,0,0,0,0,1,1
2054320042,2020120901376001,2025100601217001,0,0,0,0,1,1
2054330151,2018031200744001,2021060900236001,0,0,0,0,1,1
2054390026,2017121100411001,2025080800528001,0,0,0,0,1,1
2054390042,2019061200627002,2022112200626001,0,0,0,0,1,1
2054390049,,2024101700097001,0,0,0,0,0,1
2054410005,2022092101122003,2025090200243001,0,0,0,0,1,1
2054410072,2016031500791001,2024050300611001,0,0,0,0,1,1
2054490004,2019010300591001,2025081100503001,0,0,0,0,1,1
2054510037,2018050900571001,2022051100438001,0,0,0,0,1,1
2054510057,2021022600856001,2024051500468001,0,0,0,0,1,1
2054530133,2018091400812001,2022032100769001,0,0,0,0,1,1
2054530138,2016062102746001,2020100100851001,0,0,0,0,1,1
2054530142,2018061300605002,2022010600284001,0,0,0,0,1,1
2054530235,2017112800667001,2023102000522001,0,0,0,0,1,1
2054580037,,2023070500817002,0,0,0,0,0,1
2054590010,2019041600007001,2025042100976001,0,0,0,0,1,1
2054590011,2019041500023001,2025042100844001,0,0,0,0,1,1
2054590063,2019041600006001,2025042101004001,0,0,0,0,1,1
2054590064,2019041400003001,2025042100904001,0,0,0,0,1,1
2054600042,2016031100513001,2021012500971001,0,0,0,0,1,1
2054610065,2017082100431001,2024091000459001,0,1,0,1,1,1
2054640046,2016021802004001,2025082100339001,0,0,0,0,1,1
2054660034,2016122800143001,2021021000976003,0,0,0,0,1,1
2054700012,2017120400228001,2025072500490001,0,0,0,0,1,1
2054700014,2017072700105001,2025062700439001,0,0,0,0,1,1
2054700020,2016110300138001,2020031100261001,0,1,0,1,1,1
2054720016,2018070300486001,2023042600200001,0,0,0,0,1,1
2054720042,2018092600934001,2022030101120001,0,0,0,0,1,1
2054720050,2018053100675001,2023100600453001,0,0,0,0,1,1
2054730003,2017122900458002,2021102700659003,0,0,0,0,1,1
2054730008,2022051100555002,2025072500788001,0,0,0,0,1,1
2054750026,2017121900176001,2025071600384001,0,0,0,0,1,1
2054760041,2018052900164001,2021111600605001,0,0,0,0,1,1
2054790016,2022042200749001,2025070900561001,0,0,0,0,1,1
2054790194,2018102600285002,2022101500160001,0,0,0,0,1,1
2054800044,2016041801057001,2021111800156001,0,0,0,0,1,1
2054800070,2016101300325001,2020062900490001,0,0,0,0,1,1
2054810031,2018010300290001,,0,0,0,0,1,0
2054830021,2017122000977001,2021052400443001,0,0,0,0,1,1
2054860031,2016041500434001,,0,0,0,0,1,0
2054870017,2018101601345001,2025123000847001,0,0,0,0,1,1
2054980035,2018101500177001,2022071900319001,0,0,0,0,1,1
2055000002,2016042600962001,2019071200882001,0,0,0,0,1,1
2055010020,2017100400647001,2023062800707001,0,1,0,1,1,1
2055010021,2018012300572001,2023052600039001,0,0,0,0,1,1
2055010037,2016022500729001,2019121700277001,0,0,0,0,1,1
2055050007,2017051100565001,2021122400193002,0,0,0,0,1,1
2055050032,2018010500202001,2022050201060001,0,0,0,0,1,1
2055140002,,,0,0,0,0,0,0
2055170001,,,0,0,0,0,0,0
2055180216,2018101101195002,2025073001027001,0,0,0,0,1,1
2055180255,2018122600744002,2022010601276001,0,0,0,0,1,1
2055181119,2020092300751001,2024121200537001,0,0,0,0,1,1
2055190039,2018032700083002,2022121900777002,0,0,0,0,1,1
2055190105,2019060400333001,2025030600321002,0,0,0,0,1,1
2055260035,2017032100207001,2021080900435001,0,0,0,0,1,1
2055260116,2017020700183001,2024050200370001,0,0,0,0,1,1
2055290051,2019040301079001,2022092800060001,0,0,0,0,1,1
2055290447,2021032500269001,2025082800793001,0,0,0,0,1,1
2055290808,2022112100853001,2025120401022003,0,0,0,0,1,1
2055310061,2017052301482001,2022110900221001,0,0,0,0,1,1
2055320017,2016123000571001,2022111000492001,1,0,1,0,1,1
2055340048,2019060500502001,2023110100253001,0,0,0,0,1,1
2055340049,2021041900569001,2025061300092001,1,0,1,0,1,1
2055370035,2021010700897001,2025100900331001,0,0,0,0,1,1
2055430064,2020071401063001,2024120400347002,0,0,0,0,1,1
2055440122,2017080300500002,2025050900970001,0,0,0,0,1,1
2055440124,2017100600104001,2024100500019001,0,0,0,0,1,1
2055450015,2020052000424001,2025020200064001,0,0,0,0,1,1
2055450024,2016101300552001,2022090200366002,0,0,0,0,1,1
2055460078,2018121900757001,2023092200531001,0,0,0,0,1,1
2055460103,2021040600529001,2024091701009001,0,0,0,0,1,1
2055460131,2016080300109001,2019100900544001,0,0,0,0,1,1
2055470021,2017102700690001,2024051800031001,0,0,0,0,1,1
2055620008,2017020800709001,2023020900483001,0,0,0,0,1,1
2055620101,2021111100797001,2025013000164001,0,0,0,0,1,1
2055620194,2017122600939001,2021102200002001,0,0,0,0,1,1
2055760072,2017012301414001,2024062700661002,0,0,0,0,1,1
2055770079,2016113000739001,2020121401095001,0,0,0,0,1,1
2055780075,2018020501153001,2024110700576001,0,0,0,0,1,1
2055790005,2017121201324001,2021061001197001,0,0,0,0,1,1
2055790018,2021030501146001,2025032500634001,0,0,0,0,1,1
2055790078,2021102100902001,2025081900208002,0,0,0,0,1,1
2055790121,2018061100520001,2022113000737001,1,0,0,0,1,1
2055810114,2017112000109001,2023041000857001,0,0,0,0,1,1
2055820105,2019041001023002,2025021100272001,0,0,0,0,1,1
2055890155,2017100600219001,2021111100090001,0,0,0,0,1,1
2055891008,2017051801463001,2023082200510001,0,0,0,0,1,1
2055900033,2016050600879001,2024122300778001,0,0,0,0,1,1
2055900064,2018062801008002,2024072600515001,0,0,0,0,1,1
2055900139,2020070800540001,2023071801174001,0,0,0,0,1,1
2055900180,2020080500135003,2025010800153001,0,0,0,0,1,1
2055910045,2017011300945001,2024060500004001,0,0,0,0,1,1
2055920021,2020030900959001,2025041400366001,0,0,0,0,1,1
2055920093,2017062801236001,2023062600388001,0,0,0,0,1,1
2055920132,2017062400014001,2025031900434001,0,0,0,0,1,1
2055920152,2019111201639001,2024032900793001,0,0,0,0,1,1
2055940094,2016071700022001,2021120600482001,0,0,0,0,1,1
2055940094,2021120600482001,2025061600967001,0,0,0,0,1,1
2055940098,2018123100624001,2025012400061001,0,1,0,1,1,1
2055960001,2017020300160001,2022090100679001,0,1,0,1,1,1
2055970011,2016042600620001,2022080401227001,0,0,0,0,1,1
2055970013,2016080900837001,2021070700683001,0,0,0,0,1,1
2055970020,2016091400545001,2021013100002001,0,0,0,0,1,1
2055970077,2016030200397001,2021042000469001,0,0,0,0,1,1
2055990005,2019082800467001,2022092400010001,0,0,0,0,1,1
2055990026,2019011500781002,2023091400068001,0,0,0,0,1,1
2056000029,2016020400807001,2023012000210001,0,0,0,0,1,1
2056000064,2022040401045001,2025072900586001,0,0,0,0,1,1
2056010036,2016122901028001,2020031300565001,0,0,0,0,1,1
2056010037,2020112401415001,2025060200416001,0,0,0,0,1,1
2056010075,2018122700598002,2022072801011001,0,0,0,0,1,1
2056010075,2022072801011001,2025091700681002,0,0,0,0,1,1
2056040059,2019071501078001,2023010500379001,0,0,0,0,1,1
2056060158,2017120701142001,2022033000970001,0,0,0,0,1,1
2056240003,2018062001338001,2025071100783001,0,0,0,0,1,1
2056260219,2017053100778001,2024120400442001,0,0,0,0,1,1
2056280111,2021072201369001,2026010900613001,0,0,0,0,1,1
2056300040,2018041700884001,2021082300750001,0,0,0,0,1,1
2056300043,2018041700465001,2021082300430001,0,0,0,0,1,1
2056300077,2018083001108001,2024072400200001,0,0,0,0,1,1
2056320008,2017052501283001,2025031800184001,0,0,0,0,1,1
2056320049,2017111600237001,2021072000751001,0,0,0,0,1,1
2056320108,2016080400201001,2019081600863001,0,0,0,0,1,1
2056330106,2018050900078002,2022052501005001,0,0,0,0,1,1
2056350042,2016020300773001,2021021701004001,0,0,0,0,1,1
2056420004,2017090501257001,2021120101246001,0,0,0,0,1,1
2056420039,2017051000742001,2024042600610002,0,0,0,0,1,1
2056440311,2018050700126003,2025121700242001,0,0,0,0,1,1
2056450070,2017021600527001,2025100500009001,0,0,0,0,1,1
2056450293,2016030201166001,2022110201225001,0,0,0,0,1,1
2056480010,2017032100995001,2020052000982001,0,0,0,0,1,1
2056480078,2021041201260001,2025041700143001,0,0,0,0,1,1
2056480216,2020111100458002,2025042500211001,0,0,0,0,1,1
2056540326,2017051500305001,2023102000743001,0,0,0,0,1,1
2056550149,2018050700835001,2022110900184001,0,0,0,0,1,1
2057130119,2017120701297001,2024061800471001,0,0,0,0,1,1
2057360034,2018030801306001,2024060400149003,0,0,0,0,1,1
2057400318,2016033101439001,2022061500889001,0,0,0,0,1,1
2057410105,2017032000367001,2022120400015001,0,0,0,0,1,1
2057490676,,,0,0,0,0,0,0
2057510319,2016060600641001,2024102500596003,0,0,0,0,1,1
2057570272,2021021500186003,2025021000513001,0,1,0,1,1,1
2057580312,2021021600830001,2024120300518001,0,1,0,1,1,1
2057580338,2020060400838001,2024022600182002,1,0,1,0,1,1
2057590618,2016011300578001,2021100500141001,0,0,0,0,1,1
2057630554,2016082400298001,2019111400289001,0,0,0,0,1,1
2057680829,2017080300597001,2021032301480001,0,0,0,0,1,1
2057830365,2018041000917002,2023052300846002,0,0,0,0,1,1
2057840334,2019022600350001,2024072400512001,0,0,0,0,1,1
2058070635,2018040300627002,2025061300292001,0,0,0,0,1,1
2058070643,2016113001394001,2021072800616001,0,0,0,0,1,1
2058100430,2021090300076001,2024110400593001,0,0,0,0,1,1
2058130145,2021042800621001,2025111900890001,0,0,0,0,1,1
2058171732,2017030700825001,2021091600273001,0,0,0,0,1,1
2058251508,2019103000750001,2024121700272001,0,0,0,0,1,1
2058261666,2016112301090001,2025020400966001,0,0,0,0,1,1
2058261668,2018100300935003,2023022100682001,0,0,0,0,1,1
2058411954,2016031500780001,2022072000931001,0,0,0,0,1,1
2058441900,2018011100497001,2025090201048001,0,0,0,0,1,1
2058552269,2020010800738001,,0,0,0,0,1,0
2058552277,2016090200022001,2020102800592001,0,0,0,0,1,1
2058552277,2020102800592001,2025082700587001,0,0,0,0,1,1
2058570356,2016041100156001,2021060701161001,0,0,0,0,1,1
2058640514,2018052200807001,2023083000055001,0,0,0,0,1,1
2058660430,2016022200569001,2022081501354001,0,0,0,0,1,1
2058720992,2016041900393001,2021071901096002,0,0,0,0,1,1
2058750927,2016050200487001,2024100900055003,0,0,0,0,1,1
2058750928,,2025080600170003,0,0,0,0,0,1
2058750934,2021030500929001,2024032700412001,0,0,0,0,1,1
2058760976,2016102800475001,2021012201174003,0,0,0,0,1,1
2058770847,2018062700614001,2022033100254001,0,0,0,0,1,1
2058780790,2017030900134001,2021063000769001,0,0,0,0,1,1
2058790748,2016020300850001,2024091100591001,0,0,0,0,1,1
2058800709,2019081600232001,2024011800125002,0,0,0,0,1,1
2058831156,2022121900883002,2026010601006001,0,0,0,0,1,1
2058841198,2016092200656001,2021070100136001,0,0,0,0,1,1
2058841201,2018010200532001,2021020400362003,0,0,0,0,1,1
2058851226,2016021602151003,2020081200658002,0,0,0,0,1,1
2058851239,2018022700964001,2021090101057003,0,0,0,0,1,1
2059330017,2018071101185001,2022051200636001,0,0,0,0,1,1
3001700057,2017081500786004,2022020900350003,0,0,0,0,1,1
3001710101,2016010701298003,2019082900648003,0,0,0,0,1,1
3001780023,2017070700261003,2023032100275005,0,0,0,0,1,1
3001780035,2018101900340001,2023070600289004,0,0,0,0,1,1
3001830055,2016100501180001,2025021900600001,0,0,0,0,1,1
3001870001,2017061600428001,2021071901109001,0,0,0,0,1,1
3001870044,2017111700606001,2025082100468005,0,0,0,0,1,1
3001900130,2017052400750003,2021081400059002,0,0,0,0,1,1
3001900130,2021081400059002,2025062000617001,0,0,0,0,1,1
3001940009,2019072500298001,2024040901041002,0,0,0,0,1,1
3001940011,2018031201164001,2024093000468002,1,0,1,0,1,1
3002100020,2017063000667001,2022060800793001,0,0,0,0,1,1
3002200005,2019031400392001,,0,0,0,0,1,0
3002850037,,,0,0,0,0,0,0
3003010011,2021052000778002,2025081900851001,0,0,0,0,1,1
3003050019,2019070201382001,2023072400432002,0,0,0,0,1,1
3003250039,2018021500080003,2024081200548002,0,0,0,0,1,1
3003290123,2020040100408001,2024020100955001,0,0,0,0,1,1
3003320033,2020101700045005,2025080800575003,0,0,0,0,1,1
3003330006,2016033100901001,2021041300810003,0,0,0,0,1,1
3003390146,2019080100277003,2023032200309001,0,0,0,0,1,1
3003500029,2018022100127001,2024062100102003,0,0,0,0,1,1
3003740005,2019070201120002,2022080500370002,0,0,0,0,1,1
3003760039,2020010800209001,2025080400329001,1,0,1,0,1,1
3003790016,2017091400367001,2024123000412001,1,0,1,0,1,1
3003820028,2016123000049001,2020100500423003,0,0,0,0,1,1
3003820029,2016031400706001,,0,0,0,0,1,0
3003850011,2021070901488003,2025042100517003,0,0,0,0,1,1
3003890041,2016061001540003,2021010500376001,0,0,0,0,1,1
3003930012,2016090200763001,2021040200628003,0,0,0,0,1,1
3004160051,2017012400108001,2023052300255003,0,0,0,0,1,1
3004160052,2017010900608002,2025092200594001,0,0,0,0,1,1
3004210044,2018122400085001,2022031600233003,0,0,0,0,1,1
3004300014,2018083100155001,2024091800335004,0,0,0,0,1,1
3004300016,2020091101090003,2024100300407001,0,0,0,0,1,1
3004300051,2018020500470004,2021040700655003,0,0,0,0,1,1
3004440011,2017020201175001,2022111000938001,0,0,0,0,1,1
3004470042,2019121200701001,2024051000015003,0,0,0,0,1,1
3004510013,2021051400983001,2025061200220001,0,0,0,0,1,1
3004540012,2016121700047004,2025042200867001,0,0,0,0,1,1
3004570038,2021010600880001,2024011800774001,0,0,0,0,1,1
3004670036,2018050700197002,2024010900910001,0,0,0,0,1,1
3004740045,2016103100865002,2024090700028001,0,0,0,0,1,1
3005310031,2017102400950002,2023070500793003,0,0,0,0,1,1
3005310032,2016121300823002,2020110400657003,0,0,0,0,1,1
3005310043,2019120200488001,2025072000034002,0,0,0,0,1,1
3005310048,2016061401508001,2025101400617001,0,0,0,0,1,1
3005340012,2018041300201001,2022053000009003,0,0,0,0,1,1
3005460005,2022060900908002,2025090900192001,0,0,0,0,1,1
3005460030,2018070100019001,2022060701271001,0,0,0,0,1,1
3005560028,2016090800253001,2019092001255004,0,0,0,0,1,1
3005560116,2022051100266001,2025090600037001,0,0,0,0,1,1
3005770044,2018051800150003,2021071400904001,0,0,0,0,1,1
3005870004,2016062901235001,2021100601150004,0,0,0,0,1,1
3005870004,2021100601150004,2024110400614002,0,0,0,0,1,1
3005880021,2017040600146001,2022063000592001,0,0,0,0,1,1
3005980009,2021031200760001,2025090900587001,0,0,0,0,1,1
3006030032,2019110700327001,2023012600246001,0,0,0,0,1,1
3006270056,2016090600220005,2021060800489002,0,0,0,0,1,1
3006330131,2018090500004002,2023013000544004,0,0,0,0,1,1
3006340047,2016112200928001,2022061501177001,0,0,0,0,1,1
3006550055,2018082201245001,2025041400310002,0,0,0,0,1,1
3006550060,2018042501024001,2025021400328001,0,0,0,0,1,1
3006570030,2017102400501001,2021092800653001,1,0,1,0,1,1
3006650047,2017111501162001,2022051600809003,0,0,0,0,1,1
3006690027,2017080301044001,2025102100074001,0,0,0,0,1,1
3006720011,2020081900667002,2025101400932001,0,0,0,0,1,1
3006720023,2017071200479001,2023010500889002,0,0,0,0,1,1
3006730134,2017051900815001,2022120600973002,0,0,0,0,1,1
3006810067,2017062000836001,2020111901491001,0,0,0,0,1,1
3006810073,2021040501359001,2025061900256002,0,0,0,0,1,1
3006850038,2019040400374001,2022060100575001,0,0,0,0,1,1
3007010023,2018062500162001,2025110700484003,0,0,0,0,1,1
3007140074,2021040801174001,2025010900420001,0,0,0,0,1,1
3007180024,2017111300446001,2021092701125001,0,0,0,0,1,1
3007190012,2017070600971001,2022072600176001,0,0,0,0,1,1
3007240037,2017082100628001,2023011201049002,0,0,0,0,1,1
3007240062,2016031400260001,2022071200047003,0,0,0,0,1,1
3007270045,2016082401091001,2024011500081001,0,0,0,0,1,1
3007280053,2017012600872001,2021122700605003,0,0,0,0,1,1
3007370054,2017062001013001,2023051200587002,0,1,0,1,1,1
3007450034,2019022700050001,2022032400103002,0,0,0,0,1,1
3007460055,2021091501123001,2024110400553001,0,0,0,0,1,1
3007510073,2018030101020001,2021051900759001,0,0,0,0,1,1
3007650022,2017051600028003,2021081200315001,0,1,0,0,1,1
3007670058,2019121300992001,2025012800384001,0,0,0,0,1,1
3007680046,2016030400252001,2025111800434001,0,0,0,0,1,1
3007720039,2016092900996001,2022030900325001,0,0,0,0,1,1
3007740033,2016060600664001,2019120601059001,0,0,0,0,1,1
3007740054,2021031100471002,2025091200672001,0,0,0,0,1,1
3007900024,2017100300642001,2021060301315001,0,0,0,0,1,1
3007910072,2017050300814001,2022121900582001,0,0,0,0,1,1
3008070022,2016032901015001,2019080700617002,0,0,0,0,1,1
3008210020,2021082701394001,2025102800120001,0,0,0,0,1,1
3008220064,2016010700232001,2021092801219001,0,1,0,0,1,1
3008290057,2016040500297001,2023080400760001,0,0,0,0,1,1
3008310008,2017120601073001,2023061600698001,0,0,0,0,1,1
3008340059,2018050400612001,2024031900916001,0,0,0,0,1,1
3008380049,2019031901050001,2024021600197001,0,0,0,0,1,1
3008480024,,2024112600211001,0,0,0,0,0,1
3008480067,2016051100342001,2021091600939001,0,0,0,0,1,1
3008490006,2018110100330001,2024120500786001,0,0,0,0,1,1
3008580042,2020052200427001,2023081500090001,0,0,0,0,1,1
3008690051,2018080701198001,2021122900929003,0,0,0,0,1,1
3008710069,,2022100400229003,0,0,0,0,0,1
3008730019,2021020300390001,2024112600111001,0,0,0,0,1,1
3008730034,2016053100072001,2024102400110001,0,0,0,0,1,1
3008730044,2016112101221001,2025072101054002,0,0,0,0,1,1
3008750045,2022051800203001,2025070800381001,0,0,0,0,1,1
3008760013,2020121001179001,2025072100895001,0,0,0,0,1,1
3008780055,2019091800455001,2024030700080001,0,0,0,0,1,1
3008790019,2019052800173003,2025072800748003,0,0,0,0,1,1
3008790079,2019112500579001,2024031200059001,0,0,0,0,1,1
3008850032,2018071601173001,2024041600990001,0,0,0,0,1,1
3008920066,2017042700276001,2021091500637004,0,0,0,0,1,1
3008970146,2019040300497001,2022070600059003,0,0,0,0,1,1
3008980053,2022011101085001,2025051500910001,0,0,0,0,1,1
3009140064,2016052401223001,2019112500554002,0,0,0,0,1,1
3009220052,2017100400580001,2025090900449001,0,1,0,0,1,1
3009240061,2016071900982001,2021082401453001,0,0,0,0,1,1
3009280059,2016060300003004,2021092200915001,0,0,0,0,1,1
3009300067,2017011100983003,2023062300209003,0,0,0,0,1,1
3009310034,2018092500946001,2022022201273001,0,0,0,0,1,1
3009330048,2018010800491003,2021100601176002,0,0,0,0,1,1
3009460020,2017011900171001,2024011700148002,0,0,0,0,1,1
3009480005,2017090800273005,2021072700284003,0,0,0,0,1,1
3009480007,2016012601239001,2020070900231005,0,0,0,0,1,1
3009480060,2017022200026004,2023121900367003,0,0,0,0,1,1
3009480065,2016041800038003,2022072600151001,0,0,0,0,1,1
3009510055,2017053000522003,2021061500962003,0,0,0,0,1,1
3009610007,2017061500425001,2024061800990001,0,0,0,0,1,1
3009610064,2018011202206001,2021122301393003,0,0,0,0,1,1
3009620007,2018050900857001,2023040400704001,0,0,0,0,1,1
3009690125,2016082300585001,2025032600638003,0,0,0,0,1,1
3009740045,2018100300231001,,0,0,0,0,1,0
3009820060,2016020900360001,2021110801298003,0,0,0,0,1,1
3009820061,2017082300099002,2024051600120001,0,0,0,0,1,1
3009820073,2016083100013001,2023101600366001,0,0,0,0,1,1
3009870018,2022080401023004,2025112600138001,1,0,1,0,1,1
3009890075,2021052500947004,2025072900069003,0,0,0,0,1,1
3009980021,2019011400237002,2025070300930001,0,0,0,0,1,1
3009980064,2018101700862002,2024081400101001,0,0,0,0,1,1
3010030054,2018101001089001,2023031700077001,0,0,0,0,1,1
3010060017,2018081000653005,2022082500313003,0,0,0,0,1,1
3010120025,2016060100233001,2021060901213001,0,0,0,0,1,1
3010140023,2018012300379001,2022071100438003,0,0,0,0,1,1
3010140050,2016090101193001,2022041300218001,0,0,0,0,1,1
3010170070,2016062400356001,2023121500755001,0,0,0,0,1,1
3010180061,2021070801481001,2025081800374001,0,0,0,0,1,1
3010180067,,2025111700382001,0,0,0,0,0,1
3010270057,2018101200132002,2022033000877001,0,0,0,0,1,1
3010270062,2022010300937003,2025011400573001,0,0,0,0,1,1
3010360017,2019060700538003,2024071100645002,0,0,0,0,1,1
3010390031,2017080400947001,2024112500450003,0,0,0,0,1,1
3010390033,2020082600714002,2025071800001001,0,0,0,0,1,1
3010420056,2019053100455001,2022081800151002,0,0,0,0,1,1
3010430007,2016101400865001,2021072900536001,0,0,0,0,1,1
3010470069,2019022700429001,2022120600193002,0,0,0,0,1,1
3010480040,2021012200199001,2025121900405003,0,0,0,0,1,1
3010510051,,,0,0,0,0,0,0
3010520050,2021110301020001,2024112000749001,0,0,0,0,1,1
3010530035,2017060500234001,2025072500410001,0,1,0,1,1,1
3010550017,2018121900812001,2024072200301003,0,0,0,0,1,1
3010550031,2021081601574002,2025071100825004,0,0,0,0,1,1
3010550144,2018061200338002,2025082800342003,0,0,0,0,1,1
3010560021,2016031501477003,2022041200415003,0,0,0,0,1,1
3010560121,2016020900063001,2021032401193005,0,0,0,0,1,1
3010820027,2018091800376002,2022031400587001,0,0,0,0,1,1
3010830022,2021021800137001,2025071800504003,0,0,0,0,1,1
3010830053,2019082900607001,2024062700620004,0,0,0,0,1,1
3010950024,2018070900078001,2021071300528001,0,0,0,0,1,1
3010990072,2018073100286002,2025070901005001,0,0,0,0,1,1
3011110070,,2020120300577005,0,0,0,0,0,1
3011120085,2016092000169002,2020031200178001,0,0,0,0,1,1
3011140086,,2022081100203002,0,0,0,0,0,1
3011220057,2018062800212001,2021100700384003,0,0,0,0,1,1
3011300040,2020031101131001,2024082800850002,0,0,0,0,1,1
3011400008,2019101800996001,2025040300978001,0,0,0,0,1,1
3011410048,2021120300483001,2025041600652001,0,0,0,0,1,1
3011440043,2017081700304003,2025032800806001,0,0,0,0,1,1
3011440045,2017080701094002,2021100501355001,0,0,0,0,1,1
3011580032,2021012600071002,2024050600930001,0,0,0,0,1,1
3012010045,2017020800498002,2021103000020002,0,0,0,0,1,1
3012040004,2017061100027004,2021070101471001,0,0,0,0,1,1
3012040048,2017092200722001,2022060700691001,0,0,0,0,1,1
3012040053,2018031200488001,2025012500025001,0,0,0,0,1,1
3012050055,2017041100119001,2021050200058001,0,0,0,0,1,1
3012090017,2022010700279003,2025091700364001,0,0,0,0,1,1
3012100020,2018060700570001,2023092900716001,0,0,0,0,1,1
3012100059,2020021900518002,2025062300697002,0,0,0,0,1,1
3012120014,2016121600290002,2021020301272001,0,0,0,0,1,1
3012120021,2022051800673001,2025080700633001,0,0,0,0,1,1
3012140069,2016031800527001,2022031400695002,0,0,0,0,1,1
3012160008,2019092500871001,2024041501435001,0,0,0,0,1,1
3012160078,,2024111800957001,0,0,0,0,0,1
3012170077,2019053100482001,2024092400136001,1,0,0,0,1,1
3012180012,2019050300204001,2025070300684001,0,0,0,0,1,1
3012240012,2017040300361001,2022102400165001,0,0,0,0,1,1
3012340033,2017050200483001,2022042600204001,0,0,0,0,1,1
3012370051,2016050900161001,2023110100624003,0,0,0,0,1,1
3012410076,2018031900419001,2025052300708003,0,0,0,0,1,1
3012430064,2017092900835001,2024032500514001,0,0,0,0,1,1
3012440085,2016060700456001,2020101300562002,0,0,0,0,1,1
3012440085,2020101300562002,2024062800437001,0,0,0,0,1,1
3012440086,2019121100666001,2024122200018001,0,0,0,0,1,1
3012450083,2018120501099001,2025123100328001,0,0,0,0,1,1
3012490034,2017012301241001,2024032600921001,0,0,0,0,1,1
3012510068,2019031800692001,2022032100740001,0,0,0,0,1,1
3012520011,2016041101094001,2023011900312001,0,0,0,0,1,1
3012550009,2016072501059002,2019081500350003,0,0,0,0,1,1
3012550009,2019081500350003,2022092700312003,0,0,0,0,1,1
3012560003,2016101000245002,2024061700326003,0,0,0,0,1,1
3012600129,2016033000319001,2021030501085002,0,0,0,0,1,1
3012610021,2018042500921001,2025041000245003,0,0,0,0,1,1
3012610038,2016070800073003,2022011301059001,0,0,0,0,1,1
3012630026,2017123000055001,2021020800376002,0,0,0,0,1,1
3012780016,2021102600444001,2025091800589003,0,0,0,0,1,1
3012840068,2016042001404001,2025090800678001,0,0,0,0,1,1
3012880025,2017040301213001,2024080800808001,0,0,0,0,1,1
3012880062,2019091900881001,2024102800640001,0,0,0,0,1,1
3012930034,2017073100519001,2020090400149001,0,0,0,0,1,1
3012970005,2016071201420003,2025010700147001,0,0,0,0,1,1
3013040053,2020041500641002,2023070500821001,0,1,0,1,1,1
3013120013,2017110200008001,2021092200604001,0,0,0,0,1,1
3013150051,2016092200579001,2024122900010001,0,0,0,0,1,1
3013190054,2016080200006001,2025101400401001,0,0,0,0,1,1
3013190065,2018082700668003,2024111100277003,0,0,0,0,1,1
3013190075,2018040900444001,2022050400448001,0,0,0,0,1,1
3013200066,2018031700002001,2023042000623001,0,0,0,0,1,1
3013250057,2022022000068001,2025092600741003,0,0,0,0,1,1
3013270010,2016062802020001,2023061600066001,0,0,0,0,1,1
3013290011,2020061100339001,2024091200643001,1,0,1,0,1,1
3013290042,2016041900606001,2023021700342007,0,0,0,0,1,1
3013300072,2016111600473001,2021071400594002,0,0,0,0,1,1
3013320064,2019080700093001,2022102000334001,0,0,0,0,1,1
3013320065,2019012800700001,2022102000174001,0,0,0,0,1,1
3013340042,2018020701122001,2022082900310001,0,0,0,0,1,1
3013340051,2017011000882001,2020051400648002,0,0,0,0,1,1
3013340068,2020060801110003,2025100100232001,0,0,0,0,1,1
3013360056,2016092000694001,2021101201371001,0,0,0,0,1,1
3013380067,2017061900138001,2022110800052001,0,0,0,0,1,1
3013400032,2016122300686001,2023030100264001,0,0,0,0,1,1
3013430028,2016021900944001,2022082600582001,0,0,0,0,1,1
3013480036,2019050700228001,2024071700154002,0,0,0,0,1,1
3013480049,2017121800769001,2023070300631002,0,0,0,0,1,1
3013550021,2018101801244002,2022042701438001,0,0,0,0,1,1
3013560120,2016111700227001,2024092300077001,0,0,0,0,1,1
3013570024,2016072801337001,2022011400287001,0,0,0,0,1,1
3013570030,2016040701131001,2025031700382001,0,0,0,0,1,1
3013570088,2017032100024001,2022121500584001,0,0,0,0,1,1
3013600054,2020121700169001,2025042300088001,0,0,0,0,1,1
3013600061,2022030900992001,2025042800828001,0,0,0,0,1,1
3013630005,2017110600495001,2022022401170001,0,0,0,0,1,1
3013630018,2022012400831001,2025112600849001,0,0,0,0,1,1
3013650021,2020113001155002,2024012300080002,0,0,0,0,1,1
3013650033,2017061200160001,2022082300256003,0,0,0,0,1,1
3013660024,2016012800466001,2019082100945001,0,0,0,0,1,1
3013680011,2017051000705001,2024110500096001,0,0,0,0,1,1
3013680056,2017090500578002,2020120900411003,0,0,0,0,1,1
3013730076,2018072600513001,2023051800015001,0,0,0,0,1,1
3013730077,2016120200565002,2023081000537001,0,0,0,0,1,1
3013750057,2016032100292001,2021081700481001,0,0,0,0,1,1
3013760017,2017081400780001,2022022201659001,0,0,0,0,1,1
3013780018,2017050600054001,2021031100733001,0,0,0,0,1,1
3013780043,2016040400851001,2021121501059001,0,0,0,0,1,1
3013790005,2019071200672001,2025050900246001,0,0,0,0,1,1
3013790048,2017081800528001,2021071901618001,0,0,0,0,1,1
3013830003,2017011800989001,2022042700284001,0,0,0,0,1,1
3013840063,2018030100685001,2023032900155001,0,0,0,0,1,1
3013930011,2018062100055001,2024101000095001,0,0,0,0,1,1
3013940005,2017061200909001,,0,0,0,0,1,0
3013990018,2023011700663001,2026010700737001,0,0,0,0,1,1
3014010033,2016051700556001,2020063000866002,0,0,0,0,1,1
3014010033,2020063000866002,2024092000467001,0,0,0,0,1,1
3014120016,2020111600576002,2025041600365001,0,0,0,0,1,1
3014150144,2018071200776001,2022010700223002,0,0,0,0,1,1
3014360025,2019102400541001,2024050600581001,0,0,0,0,1,1
3014360048,2019022100480001,2025073000924001,0,0,0,0,1,1
3014390026,,2023030200594001,0,0,0,0,0,1
3014400004,2016021601515002,2019070200750001,0,0,0,0,1,1
3014430054,2017013101140001,2022120600431001,0,0,0,0,1,1
3014460059,2019092400499001,2025012900258001,0,0,0,0,1,1
3014470026,2018032900012001,2023052400244001,0,0,0,0,1,1
3014520016,2016062701363001,2024092300483001,0,0,0,0,1,1
3014520024,2016120500450002,2025111300654001,0,0,0,0,1,1
3014530014,2017092000472001,2021011100261002,0,0,0,0,1,1
3014540025,,,0,0,0,0,0,0
3014540210,2016072600126001,2025020400319001,0,0,0,0,1,1
3014570007,2016101800892001,2021032601291001,0,0,0,0,1,1
3014640067,2017030200474001,2025112300056001,0,0,0,0,1,1
3014680041,2018021000016001,2022101200810001,0,0,0,0,1,1
3014730054,2016042101189001,2022102700903001,0,0,0,0,1,1
3014930033,2016121900956002,2022062101222004,0,0,0,0,1,1
3015000015,2020012101390002,2025112600696001,0,0,0,0,1,1
3015020058,2020110900595001,2025091700719001,0,1,0,1,1,1
3015040010,2016033100449002,2024070300815002,0,0,0,0,1,1
3015050043,2016021602242002,2020012201065001,0,0,0,0,1,1
3015050069,2016052401205001,2022111100045001,0,0,0,0,1,1
3015090020,2017021501304002,2022031401183002,0,0,0,0,1,1
3015090022,2016120200396001,2021090700365002,0,0,0,0,1,1
3015130120,2017061600093001,2025040300564001,0,0,0,0,1,1
3015140028,2018071200891001,2023103001283001,0,0,0,0,1,1
3015140126,2016031700428001,2021102000372001,0,0,0,0,1,1
3015150028,2017031301305001,2021072800861001,0,0,0,0,1,1
3015210037,2016070800119001,2019082600344003,0,0,0,0,1,1
3015220002,2016011100355003,2019080501215001,0,0,0,0,1,1
3015220140,2017071201177001,2021083100121002,0,0,0,0,1,1
3015270055,,2025110400284001,0,0,0,0,0,1
3015320023,2016090701009002,2023072500672001,0,0,0,0,1,1
3015320045,2019071600830001,2025123100621001,0,0,0,0,1,1
3015370012,2016032100310001,2024120500513001,0,0,0,0,1,1
3015370066,2018050901279001,2022122200671003,0,0,0,0,1,1
3015390020,2018091301154002,2023072700362002,0,1,0,1,1,1
3015510021,2017091800373001,2025090300710001,0,0,0,0,1,1
3015510050,2017072700539001,2022081700731001,0,0,0,0,1,1
3015530042,2017092900490001,2022051200884003,0,0,0,0,1,1
3015610031,2019110500003001,2024021600566001,0,0,0,0,1,1
3015620038,2018122800698001,2024041800700001,0,0,0,0,1,1
3015630130,2018100301133001,2023061300907001,0,0,0,0,1,1
3015670006,2019080500950001,2024110800471001,0,0,0,0,1,1
3015680023,2018060100456001,2022050200328003,0,0,0,0,1,1
3015680025,2017070300365002,2024082100556001,0,0,0,0,1,1
3015720031,2021040701375001,2024082600379001,0,0,0,0,1,1
3015720037,2016051000895001,2022070500294001,0,0,0,0,1,1
3015730030,,2023042500725001,0,0,0,0,0,1
3015910072,2016112100867004,2024010500287003,0,0,0,0,1,1
3015940050,2018032000643001,2024073000366001,0,0,0,0,1,1
3015940076,,2022042600068001,0,0,0,0,0,1
3016030163,2019062700659001,2024082100711001,0,0,0,0,1,1
3016050027,2018081500511001,2021123000701001,0,0,0,0,1,1
3016050029,2020030300764001,2024081200295001,0,0,0,0,1,1
3016050033,2021011901210001,2025091200581001,0,0,0,0,1,1
3016140046,2017082400447001,2021071401305001,0,0,0,0,1,1
3016170009,2017073100191001,,0,0,0,0,1,0
3016170031,2019080200256001,2025071100219001,0,0,0,0,1,1
3016200013,2016062301099001,2022092800253002,0,0,0,0,1,1
3016200035,2019030600687001,2025111900416001,0,0,0,0,1,1
3016210007,2019032100304001,2024032900118001,0,0,0,0,1,1
3016210022,,2021102700280001,0,0,0,0,0,1
3016240040,2016040401214001,2021051901143001,0,0,0,0,1,1
3016240060,2022012700680002,2025072400359001,0,0,0,0,1,1
3016260032,2016071500342001,2022072701354001,0,0,0,0,1,1
3016270006,2017071000098001,2025073000344001,0,0,0,0,1,1
3016280011,2017042500850001,2020120800926001,0,0,0,0,1,1
3016330006,2016111000030001,2022030701658001,0,0,0,0,1,1
3016390033,2016072200112001,2025110700687001,0,0,0,0,1,1
3016390048,2018081000048001,2024052400104001,0,0,0,0,1,1
3016410026,2018121800607001,2025091200619001,0,0,0,0,1,1
3016420024,2017081100101001,2023061600138001,0,0,0,0,1,1
3016420031,2022052300739001,2025111900289001,0,0,0,0,1,1
3016420061,2019060300795001,2024062400109003,0,0,0,0,1,1
3016440079,2018110700091001,2022032200725001,0,0,0,0,1,1
3016450014,2016090700367003,2022060500016002,0,0,0,0,1,1
3016470052,2021060800526002,2025121201074001,0,0,0,0,1,1
3016470056,2016051800675002,2023110200475002,1,0,1,0,1,1
3016510030,2017011900999001,2024011000140002,0,0,0,0,1,1
3016550022,2018012300244001,2021111201304003,0,0,0,0,1,1
3016560073,2016052000735001,2022112800482001,0,0,0,0,1,1
3016570071,2020123100763003,2025082600925001,0,0,0,0,1,1
3016580018,2016081700314003,2022032800029001,0,0,0,0,1,1
3016580058,2016030400905001,2021072100316001,0,0,0,0,1,1
3016610082,2018040400902001,2022081600403003,0,0,0,0,1,1
3016640015,2016062003731001,2021030801325003,0,0,0,0,1,1
3016640033,2019080600276001,2025082000062002,0,0,0,0,1,1
3016670047,2018121800227001,2025100900757002,0,0,0,0,1,1
3016680088,2017072000289001,2021051300704001,0,0,0,0,1,1
3016690071,2018052201062001,2022091400996001,0,0,0,0,1,1
3016700069,2020101600682001,2025120800966001,0,0,0,0,1,1
3016710009,2016113001257001,2025040400038002,0,0,0,0,1,1
3016730029,2016082600514001,2022011900736001,0,0,0,0,1,1
3016750076,2016062902057001,2023041700412001,0,0,0,0,1,1
3016760030,2018031100021001,2022092700653002,0,0,0,0,1,1
3016760061,2016022501151001,2019050600995001,0,0,0,0,1,1
3016780006,2016061402692001,2021030400466001,0,0,0,0,1,1
3016780015,2017120500988001,2021082500570001,0,0,0,0,1,1
3016780092,2017100601184001,2024122300991001,0,0,0,0,1,1
3016790045,2020091501136001,2025092400211001,0,0,0,0,1,1
3016810065,2016040800896001,2024081300223001,0,0,0,0,1,1
3016830021,2018020500900001,2022093000418001,0,0,0,0,1,1
3016840031,2016110700922002,2022020400525001,0,0,0,0,1,1
3016870039,2018081501196001,2021101900336003,0,0,0,0,1,1
3016870040,2016012601043001,2019062400237001,0,0,0,0,1,1
3017050053,2017092600570001,2023050400094003,0,0,0,0,1,1
3017060010,2017041800204001,2020102400046004,0,0,0,0,1,1
3017060019,2017042700519001,2022070100888003,0,0,0,0,1,1
3017100030,2019052100212001,2023061600194001,0,0,0,0,1,1
3017310105,2016041501106001,2020091500637001,0,0,0,0,1,1
3017540061,2016031600161001,2019072601164001,0,0,0,0,1,1
3017570061,2017081400341001,2022032201039001,0,0,0,0,1,1
3017610027,2019071700276001,2024022800431002,0,0,0,0,1,1
3017610036,2017120100738001,2025021201023001,0,0,0,0,1,1
3017620060,2018100300039001,2022030100016001,0,0,0,0,1,1
3017670042,2017041900649001,2022011200725001,0,1,0,1,1,1
3017670121,2022090600038002,2025101600703001,0,0,0,0,1,1
3017680017,2021082800051003,2025073000287002,0,0,0,0,1,1
3017680018,2017062001130002,,0,0,0,0,1,0
3017680020,2018073000092001,2024010400856001,0,0,0,0,1,1
3017690025,2017091200256001,2022112901210003,0,0,0,0,1,1
3017710050,2016090800131001,2021081900657001,0,0,0,0,1,1
3017710062,2018032100010001,2024051600052001,0,0,0,0,1,1
3017720102,2019111900604003,2024120500621001,0,0,0,0,1,1
3017750016,2016101300752001,2020082000536001,0,0,0,0,1,1
3017760038,2018111400077001,2024062600262001,0,0,0,0,1,1
3017800075,2021113000258001,2025110600658001,0,0,0,0,1,1
3017810055,2016110800231001,2021091500335001,0,0,0,0,1,1
3017810056,2016080500098002,2020052900598003,0,0,0,0,1,1
3017850018,2017072100741001,2025081200940002,0,0,0,0,1,1
3017860015,2021040900397001,2024071100431003,0,0,0,0,1,1
3017860025,2016040600127001,2020111300534003,0,0,0,0,1,1
3017880025,2017030300720001,2025082700893001,0,0,0,0,1,1
3017910026,2016080101198001,2023062000563005,0,0,0,0,1,1
3017930026,2016030900069001,2019121300689002,0,0,0,0,1,1
3017970086,2018072000415001,2023042100407003,0,0,0,0,1,1
3017970105,2016112101141001,2024071000951001,0,0,0,0,1,1
3018010002,2017012700321001,2022031500273002,0,0,0,0,1,1
3018010006,2018030800185002,2022062701220002,0,0,0,0,1,1
3018020008,2017022700628001,2021020800650002,0,0,0,0,1,1
3018020101,2019090300525001,2025120100940001,0,0,0,0,1,1
3018040062,2019101700606002,2024061400007001,0,0,0,0,1,1
3018050144,2018040200266001,2025052900990001,0,0,0,0,1,1
3018090023,2019062700053002,2022111800910005,0,0,0,0,1,1
3018100036,2016030900865001,2019073000413004,0,0,0,0,1,1
3018100036,2019073000413004,2023101101152003,0,0,0,0,1,1
3018130087,,2023030300009002,0,0,0,0,0,1
3018140043,2016021701029001,,0,0,0,0,1,0
3018140043,,2022082400762001,0,0,0,0,0,1
3018150034,2018090400374001,2025051200384001,0,0,0,0,1,1
3018150057,2019021500838001,2025010300429001,0,0,0,0,1,1
3018150070,2016042500876002,2022062900203002,0,0,0,0,1,1
3018150076,2019061300090001,2023022100305001,0,0,0,0,1,1
3018170012,,2022081500801003,0,0,0,0,0,1
3018170026,2016030901275001,2020122400114002,0,0,0,0,1,1
3018170029,2019011700891001,2022031400642001,0,0,0,0,1,1
3018180060,2021050400778001,2024051500998001,0,0,0,0,1,1
3018180078,2017083000155001,2024030700236002,0,0,0,0,1,1
3018200019,2017100200294003,2021091601092001,0,0,0,0,1,1
3018200073,2017102601285001,2021101500641001,0,0,0,0,1,1
3018220043,2017071800906001,2023080800587001,1,0,1,0,1,1
3018220049,2016032000036001,2022062800762002,0,0,0,0,1,1
3018230009,2017121201228001,2025082200313001,0,0,0,0,1,1
3018230011,2017081100787001,2023082500374001,0,0,0,0,1,1
3018240021,,2024121900104001,0,0,0,0,0,1
3018240033,,2022042100383002,0,0,0,0,0,1
3018270087,2018080600672001,2024061700559001,0,1,0,1,1,1
3018280076,2016032800493001,2021010200016003,0,0,0,0,1,1
3018300047,2020031700497001,2025101300249001,0,0,0,0,1,1
3018300059,2017070601426001,2021100700467003,0,0,0,0,1,1
3018330015,2021041200121002,2025050500371003,0,0,0,0,1,1
3018340008,2016060200534001,2024010500583001,0,0,0,0,1,1
3018340011,2021060900742001,2025022800883001,0,0,0,0,1,1
3018350036,2019061700783001,2024050700568001,0,1,0,1,1,1
3018390028,2018043001030001,2023050400044002,0,0,0,0,1,1
3018390058,2016111601249001,,0,0,0,0,1,0
3018390058,,2025022000471001,0,0,0,0,0,1
3018390071,2016080801224001,2025123001236001,0,0,0,0,1,1
3018410076,2016042900931004,2021052000979001,0,0,0,0,1,1
3018410079,2020012200126001,2024122300915001,0,0,0,0,1,1
3018460039,2016050800007001,2021082600735003,0,0,0,0,1,1
3018460052,2019080100440001,2025031200486003,0,0,0,0,1,1
3018460053,2018060400868001,2021100400250003,0,0,0,0,1,1
3018520029,2016030900717003,2023010400289002,0,1,0,1,1,1
3018560012,2016070100756001,2020060300551001,0,0,0,0,1,1
3018560012,2020060300551001,2023110200454003,0,0,0,0,1,1
3018560060,2020123100434001,2024042000007001,0,0,0,0,1,1
3018580023,2021020900791002,2024071300010001,1,0,1,0,1,1
3018630047,2019061400242003,2025033000018001,0,0,0,0,1,1
3018680023,2018120300151001,2023060600600003,0,0,0,0,1,1
3018690018,2017092700868002,2022092300260003,0,0,0,0,1,1
3018900068,2018041801038001,2025021700123001,0,0,0,0,1,1
3018900072,2021101500562001,2025052100496003,0,0,0,0,1,1
3018910025,2016092801273001,2024080900908001,0,0,0,0,1,1
3019010024,2018051100911001,2023031000001001,0,0,0,0,1,1
3019030031,2017071100208001,2021061801391001,0,0,0,0,1,1
3019030037,2017122800676002,2021092400140001,0,0,0,0,1,1
3019040025,2016042900580001,2021062200900001,0,0,0,0,1,1
3019090026,2019030400319001,2025021100321001,0,0,0,0,1,1
3019130020,2018033100014001,2024040500474002,0,0,0,0,1,1
3019160037,2017090800161001,2022071100389004,0,0,0,0,1,1
3019320011,2020120400101003,2025051500509001,0,0,0,0,1,1
3019420002,2019050200083003,2023071800009001,0,0,0,0,1,1
3019420028,2017072500022001,2022052401158001,0,0,0,0,1,1
3019430041,2017081600299003,2022082200399001,0,0,0,0,1,1
3019490024,2021081701624001,2025042300665001,0,0,0,0,1,1
3019520064,2016030400421001,2021071500423001,0,0,0,0,1,1
3019530010,2016022200372001,2023061500469001,0,0,0,0,1,1
3019530026,,2022091200374001,0,0,0,0,0,1
3019600003,2016051300790002,2023060800928001,0,0,0,0,1,1
3019630074,2017032300708002,2021031600018001,0,0,0,0,1,1
3019670022,2019061900596001,2025032400874001,0,0,0,0,1,1
3019830065,2018083100868003,2023081700124001,0,0,0,0,1,1
3019840007,2019091400058001,2022112900685001,0,0,0,0,1,1
3019870056,2021081001505001,2025060400182001,0,0,0,0,1,1
3019890025,2020041400705002,2025072900085001,0,0,0,0,1,1
3019890027,2016123000658001,2021091001112001,0,0,0,0,1,1
3019890027,2021091001112001,2024090400777001,0,0,0,0,1,1
3019890042,2016090701158001,2025072800668001,0,0,0,0,1,1
3019930026,2017031700149001,2020072900435001,0,0,0,0,1,1
3019950034,2019122600446001,2025062300110001,0,0,0,0,1,1
3019970019,2022051200735001,2025061100446001,0,0,0,0,1,1
3020050149,2018021400788001,2025111701052001,0,0,0,0,1,1
3020270014,2016100501477003,2023102700403003,0,0,0,0,1,1
3020320048,2016091900504001,2022062000257001,0,0,0,0,1,1
3020330024,2016070800464001,2021052100427001,0,0,0,0,1,1
3020330038,2017052500764002,2025080501260001,0,0,0,0,1,1
3020330039,,2024111900322001,0,0,0,0,0,1
3020440086,,2024093001083001,0,0,0,0,0,1
3020730045,2016081900661001,2022120601054001,0,0,0,0,1,1
3020960041,2018022300265001,2021062500481001,0,0,0,0,1,1
3020960059,2019050900364003,2022061300644001,0,0,0,0,1,1
3020980073,2018053000931001,2025090400424001,0,0,0,0,1,1
3021040003,2020110500975001,2025111800487004,0,0,0,0,1,1
3021130008,2021071300664001,2025011600726001,0,0,0,0,1,1
3022110026,2018040300144002,2022032900991001,0,0,0,0,1,1
3022200049,2020081200980001,2025040800338001,0,0,0,0,1,1
3022320030,2018080800851001,2024011800462003,0,0,0,0,1,1
3023100017,2021120100709003,2025011300841003,0,0,0,0,1,1
3023800031,2019111200648001,2025042100515001,0,0,0,0,1,1
3023860003,2020011600790001,2023122000467002,0,0,0,0,1,1
3024050018,2017080701238002,2022092900875001,0,0,0,0,1,1
3024060005,2022012801007001,2025050500600001,0,0,0,0,1,1
3024250038,2017122001278001,2022070500133002,0,0,0,0,1,1
3024420009,2016052001285001,2019061000229001,0,0,0,0,1,1
3024870029,2018080300417001,2023050900275001,0,1,0,1,1,1
3025420002,2019032900719001,2025111200451001,0,0,0,0,1,1
3025420104,2018080700372001,2024081201037001,0,0,0,0,1,1
3025500007,2017082900456001,2023120400217001,0,0,0,0,1,1
3025690081,2016122100630001,2022070700093003,0,0,0,0,1,1
3025720019,2018100901050001,2022041100774003,0,0,0,0,1,1
3025720039,2016062200507004,2023041300731001,0,0,0,0,1,1
3025990011,2017031000391002,2022122200950001,1,0,1,0,1,1
3026180023,2021051200612001,2025020500974001,0,0,0,0,1,1
3026240110,2019100900144001,2024070300391003,0,0,0,0,1,1
3026250046,2019102800678001,2024120300684001,0,0,0,0,1,1
3026520034,2018101300017001,,0,0,0,0,1,0
3026540059,2017082400980001,2022041301416001,0,0,0,0,1,1
3026560022,2018020801016001,2022040101088001,1,0,1,0,1,1
3026850020,2021030500263003,2025022500306003,0,0,0,0,1,1
3026860067,2016082501011001,2021031001560003,0,0,0,0,1,1
3026880079,2021051801254001,2025110700200003,0,0,0,0,1,1
3026900039,2020121800661001,2025090800356001,0,0,0,0,1,1
3027050013,2016030801194002,2021081300332001,0,0,0,0,1,1
3027060005,2017040701199001,2025052700309001,0,0,0,0,1,1
3027550012,2016042201075001,2025101700497001,0,0,0,0,1,1
3027560015,2016050501189001,2019121601018001,0,0,0,0,1,1
3027570039,2017122100175003,2021041901480001,0,0,0,0,1,1
3027620030,2017060800187001,2025091801054001,0,0,0,0,1,1
3027630009,2022071500974001,2025120400191001,0,0,0,0,1,1
3027630010,2016052400084002,2022072600509001,0,0,0,0,1,1
3027650029,2016081100768001,2025020600233001,0,0,0,0,1,1
3027670029,2016110401176001,2022091500187001,0,0,0,0,1,1
3027680009,2016121501260001,2021030300585001,0,0,0,0,1,1
3027680012,2018080800427002,2022021700257003,0,0,0,0,1,1
3027730006,2017081501112001,2025050600805001,0,0,0,0,1,1
3027740005,2017061401085001,2025102000421001,0,0,0,0,1,1
3027740017,2016080200161002,2021122100798001,0,0,0,0,1,1
3027740029,2018102300922001,2023080800797002,0,0,0,0,1,1
3027750027,2016090701114001,2021080301071002,0,0,0,0,1,1
3027750032,2017051500146001,2024072600532001,0,0,0,0,1,1
3027820007,2016052500491002,2021122300134001,0,0,0,0,1,1
3027820013,2017051700684001,2023082300652001,0,0,0,0,1,1
3028660047,2016030700228001,2023082900476002,0,0,0,0,1,1
3028670120,2019082000842001,2025122301107001,0,0,0,0,1,1
3029130002,2018011000055001,2022112300541003,0,0,0,0,1,1
3030440033,2018113000429001,2024042700005001,1,0,1,0,1,1
3030730086,,2025082500620001,0,0,0,0,0,1
3031580112,2019051000877001,2025090800186003,0,0,0,0,1,1
3031730036,2016052501052001,2020022700778002,0,0,0,0,1,1
3031730036,2020022700778002,2024103000740001,0,0,0,0,1,1
3031890033,2018050100603001,2022070700582001,0,0,0,0,1,1
3032140008,2018092500062001,2023080200029001,0,0,0,0,1,1
3032310045,2022031800442001,2025061900185001,0,0,0,0,1,1
3032460026,2016122700013001,2022030100736001,0,0,0,0,1,1
3032530031,2017091200215002,2024102300422001,0,0,0,0,1,1
3032530040,2018031300641001,2022072200320002,1,0,1,0,1,1
3032540134,2017102001201001,2025071400709001,0,0,0,0,1,1
3032680021,2016071101530001,2021060700446002,0,0,0,0,1,1
3032730056,2018072700224001,2024051400181001,0,0,0,0,1,1
3032750006,2017062601305001,2025020600859001,0,0,0,0,1,1
3032750022,2019120900437001,2023083000381001,0,0,0,0,1,1
3032750061,2019052201241001,2022111401050001,0,0,0,0,1,1
3032750062,2019110700415001,2024020200231001,0,0,0,0,1,1
3032750079,2016040500809001,2022011801448003,0,0,0,0,1,1
3032950132,2017010901550001,2021050401424003,0,0,0,0,1,1
3033050060,2017061500483002,2021042101450004,0,0,0,0,1,1
3033120005,2018020801227001,2025061100302001,0,0,0,0,1,1
3033220001,2016041400498001,2020031200483001,1,0,1,0,1,1
3033230027,2016111401361002,2022052000266002,0,0,0,0,1,1
3033300007,2020021101523001,2023071700332002,0,0,0,0,1,1
3033400049,2016042600444002,2021121900095002,0,0,0,0,1,1
3033420133,2018020400024004,2023071200253001,0,0,0,0,1,1
3033480043,2016061501168001,2021121700354001,0,0,0,0,1,1
3033500008,,2021062200634001,0,0,0,0,0,1
3033520015,2018051000736001,2021052601131001,0,0,0,0,1,1
3033570027,2018083100310001,2025082600507002,0,0,0,0,1,1
3033590026,2017071700602001,2025102901159002,0,0,0,0,1,1
3033610022,2016042100758003,2023062900427002,1,0,1,0,1,1
3033660038,2017042800736001,2021052001412001,0,0,0,0,1,1
3033680046,2016070600220001,2025081500941003,0,0,0,0,1,1
3033740020,2017072800420001,2025121000178001,0,0,0,0,1,1
3033760015,2017060100161001,2021061801342001,0,0,0,0,1,1
3033760017,2017050500190001,2020122301048001,0,0,0,0,1,1
3033760054,2019072200710001,2023010600214001,0,0,0,0,1,1
3033760103,2020011600894001,2025012700590001,0,0,0,0,1,1
3033810056,2022022500595001,2025072100188001,0,0,0,0,1,1
3033820018,2016041100725001,2022031400193001,0,0,0,0,1,1
3033820060,2018010901473001,2021122900953002,0,0,0,0,1,1
3033840060,2016040700717001,2020021200577001,0,0,0,0,1,1
3033850061,2022113000486001,2025120500164001,0,0,0,0,1,1
3033860021,2018081600430001,2021110901340002,0,0,0,0,1,1
3033880045,2017121100740001,2023062901012001,0,0,0,0,1,1
3033880050,2018030800884001,2022020700516001,0,0,0,0,1,1
3033880134,2017021300337001,2022111500243001,0,0,0,0,1,1
3033890016,2017050500589001,2021071301182001,0,0,0,0,1,1
3033910011,2018072300851001,2021110901158003,0,0,0,0,1,1
3033910042,2017022300786001,2024091800899001,0,0,0,0,1,1
3033960011,2016033000478001,2025101700772001,0,0,0,0,1,1
3033960132,2017120700469001,2024111800879001,0,0,0,0,1,1
3034000012,2017021700138001,2022072800216002,0,0,0,0,1,1
3034090056,2018032900540001,2022051800916001,0,0,0,0,1,1
3034110011,2016011800292001,2020122300385001,0,0,0,0,1,1
3034150008,2016060100492001,2021091400130003,0,0,0,0,1,1
3034150028,2018021700004001,2021122900954001,0,0,0,0,1,1
3034170051,2016080300654001,2019121900624001,0,0,0,0,1,1
3034190048,2016020900001001,2022021500346001,0,0,0,0,1,1
3034190054,2018092800422001,2025102000880001,0,0,0,0,1,1
3034260028,,,0,0,0,0,0,0
3034280058,2019080600549002,2025100901046001,0,0,0,0,1,1
3034310054,2017020600137001,2020090900206001,0,0,0,0,1,1
3034320028,2018061800142001,2024021600587001,0,0,0,0,1,1
3034330017,2016061401084001,2023070500194003,0,0,0,0,1,1
3034330032,2016060800899001,2022060700790001,0,0,0,0,1,1
3034330038,2020061100122001,2025030400923004,0,0,0,0,1,1
3034340010,2020060900465003,2024122400198001,0,0,0,0,1,1
3034340016,2017121501039002,2025071400555001,0,0,0,0,1,1
3034340047,2017071301127001,2025100100368002,0,0,0,0,1,1
3034350012,2016110100267001,2024120500523001,0,0,0,0,1,1
3034350049,2017081500041001,2021090201387001,0,0,0,0,1,1
3034370056,2018010500984001,2022090600599001,0,0,0,0,1,1
3034370062,2017021600971001,,0,0,0,0,1,0
3034370069,2018070500082001,2022102700270002,0,0,0,0,1,1
3034370070,2017112201467001,2022103100449001,0,0,0,0,1,1
3034380037,2016101400102001,2024030700215001,0,0,0,0,1,1
3034390022,2017120401137001,2025071000678001,0,0,0,0,1,1
3034400017,2018020500335001,2022070600509001,0,0,0,0,1,1
3034470019,2016090100923002,2025112600377001,0,0,0,0,1,1
3034470020,2016052001243001,2021071401722001,0,0,0,0,1,1
3034500022,2017031700294001,2022112900316001,0,0,0,0,1,1
3034500030,2016062900644001,2023090500303001,0,0,0,0,1,1
3034690019,2017042600801001,2020120400960003,0,0,0,0,1,1
3034690042,2019122601120001,2025061000793001,0,0,0,0,1,1
3034700015,2016062200886001,2024120300853001,0,0,0,0,1,1
3034720020,,2023080700740001,0,0,0,0,0,1
3034730014,2021090700927001,2025060600611001,0,0,0,0,1,1
3034830036,2016012200302001,2019092000809001,0,0,0,0,1,1
3034870015,2018010900814001,2024062600692001,0,0,0,0,1,1
3034870039,2017062700323001,2023091800473001,0,0,0,0,1,1
3035150049,2017020200264001,2022100300351001,0,0,0,0,1,1
3035150121,2016012900799002,2021081801215003,0,0,0,0,1,1
3035150160,2016081900018001,2023021500456001,0,0,0,0,1,1
3035180008,2018072401007001,2021073000382001,0,0,0,0,1,1
3035250017,2017110300818002,2024110600862001,0,0,0,0,1,1
3035340049,2018021100040001,,0,0,0,0,1,0
3035520051,2019100101089002,2023082200198001,0,0,0,0,1,1
3035520059,2018091300557001,2024032800420001,0,0,0,0,1,1
3035540029,2018110100505001,2023120400346001,0,0,0,0,1,1
3035590008,2019091800411001,2025070400030001,0,0,0,0,1,1
3035590138,2017110701121001,2023060501032001,0,0,0,0,1,1
3035670035,2016101400032002,2025070700456001,0,0,0,0,1,1
3035690041,2018052800017001,2021122300753001,0,0,0,0,1,1
3035690044,2017022700013001,2022032200005001,0,0,0,0,1,1
3035820001,2016100500693001,2020072300884001,0,0,0,0,1,1
3036050105,2018091700939001,2023050400110002,0,0,0,0,1,1
3036130050,2016021101337001,2019100300013001,0,0,0,0,1,1
3036230046,2017022300466001,2024073100502001,0,0,0,0,1,1
3036260107,2018082000337002,2022030101391001,0,0,0,0,1,1
3036280028,2016120600349001,2021111501500001,0,0,0,0,1,1
3036390053,2016021100629001,2019070200919001,0,0,0,0,1,1
3036640038,2016102801197001,2021071100018001,0,0,0,0,1,1
3037040019,2021031500536001,2024101600606001,0,0,0,0,1,1
3037050001,,,0,0,0,0,0,0
3037070032,2016042801090001,2025092000031001,0,0,0,0,1,1
3037200035,2019022501237001,2025021400742001,0,0,0,0,1,1
3037260040,2017030101049001,2023050200438001,0,0,0,0,1,1
3037410014,2018032600361001,2024071100261001,0,0,0,0,1,1
3037410015,2018032300046001,,0,0,0,0,1,0
3037710049,2017092801021001,2021010400317001,0,0,0,0,1,1
3037730107,2016121600359001,2020092300773001,0,0,0,0,1,1
3037730140,2017063000593001,2024082100125001,0,0,0,0,1,1
3037740110,2016112100730002,2021021300110001,0,0,0,0,1,1
3037880030,2021051001334001,2025110600051001,0,0,0,0,1,1
3037890044,2016031100914001,2025033101004001,0,0,0,0,1,1
3037890046,2017042101138001,2022062800158003,0,0,0,0,1,1
3037900012,2016080301471001,2020090900765001,0,1,0,1,1,1
3037900043,2016110701157001,2022060300010001,0,0,0,0,1,1
3037910041,2016091500545002,2021102601481001,0,0,0,0,1,1
3038070030,2019091600890001,2023070700825001,0,0,0,0,1,1
3038070031,2017021300669001,2021020901027001,1,0,1,0,1,1
3038210014,2017051800820001,2022060200650001,0,0,0,0,1,1
3038210019,2017110701275001,2024062600234001,0,0,0,0,1,1
3038290016,2018091000973001,2025062600470001,0,0,0,0,1,1
3038300009,2017062800802001,2023070600241001,0,0,0,0,1,1
3038300033,2019040200223001,2024081500697001,0,0,0,0,1,1
3038340035,2019110100092001,2022122000568001,0,0,0,0,1,1
3038360035,,2023081100717001,0,0,0,0,0,1
3038380067,2017071700496002,2025110300863001,0,0,0,0,1,1
3038410038,2017102000289001,2025071100039001,0,0,0,0,1,1
3038450009,2019012100037001,2025031200420001,0,0,0,0,1,1
3038470140,2017122600092001,2025082000989001,0,0,0,0,1,1
3038550105,2016111200122002,2023010400999001,0,0,0,0,1,1
3038560123,2019011100961001,2024122700747001,0,0,0,0,1,1
3038650060,2017100301349001,2023032300234001,0,0,0,0,1,1
3038860022,2020092100484001,2024010400004001,0,0,0,0,1,1
3038880012,2019032700688001,2025100300300001,0,0,0,0,1,1
3038900403,2017021300325001,2022030700364003,0,0,0,0,1,1
3039120004,2016061501250002,2021041700069001,0,0,0,0,1,1
3039190003,2017103100562001,2024091300548002,0,0,0,0,1,1
3039280006,2016111100368001,2020061200301002,0,0,0,0,1,1
3039330038,2021050301410001,2025071501071001,0,0,0,0,1,1
3039380006,2017042600757001,2021010900047002,0,0,0,0,1,1
3039470032,2016012600958001,2021120500065001,0,0,0,0,1,1
3039520011,2019120700051001,2025052901135001,0,0,0,0,1,1
3039520018,2017082600004001,2022082300773001,0,0,0,0,1,1
3039580045,2021021500444002,2025091200037002,0,1,0,1,1,1
3039650030,2017101900972001,2024022100809001,0,0,0,0,1,1
3039670030,2018102300770001,2023030700420001,0,0,0,0,1,1
3039710050,2016031100549001,2021052701107001,0,0,0,0,1,1
3039770026,2017052400093001,2024022300587001,0,0,0,0,1,1
3039790025,2017101100655002,,0,0,0,0,1,0
3039790038,2021042700696001,2024072400905001,0,0,0,0,1,1
3039820006,2019041801079001,2025020400804003,0,0,0,0,1,1
3039830007,2016041201144001,2021052100979001,0,0,0,0,1,1
3039830028,2019073100366001,2023110601047001,0,0,0,0,1,1
3039880008,2019011600333001,2022062100922001,0,0,0,0,1,1
3039930021,2017060500742001,2024030100463001,0,0,0,0,1,1
3039950024,2019010700118001,2023032300349001,0,0,0,0,1,1
3039960022,,2025031800402001,0,0,0,0,0,1
3039960033,2019072500863001,2022081000541001,0,0,0,0,1,1
3040010007,2017070300803001,2025060200353001,0,0,0,0,1,1
3040020023,2018061300157001,2022012000443001,0,0,0,0,1,1
3040030013,2018122800931001,2024102300831001,0,0,0,0,1,1
3040030113,2019032000309001,2023120800085001,0,0,0,0,1,1
3040060032,2016071400781001,2021010300147001,0,0,0,0,1,1
3040060033,2016102400357001,2024090400786001,0,0,0,0,1,1
3040070028,2017092001333001,2025061100376001,0,0,0,0,1,1
3040080011,2019091700072001,2024031100035001,0,0,0,0,1,1
3040080033,2018102400768001,2025032300039001,0,0,0,0,1,1
3040130109,2016022401198001,,0,0,0,0,1,0
3040140033,2016051100172001,2021080900202001,0,0,0,0,1,1
3040190034,2017040401132002,2022041100274001,0,0,0,0,1,1
3040200020,2016031400856001,2025090900247001,0,0,0,0,1,1
3040210001,2017050900577001,2024102100477001,0,0,0,0,1,1
3040260004,2016040100244001,2023113000753001,0,0,0,0,1,1
3040300010,2018092500344001,2024081400797001,0,0,0,0,1,1
3040340003,2016020201189001,2026010900660001,0,0,0,0,1,1
3040410044,2017010500200001,2025073001029001,0,0,0,0,1,1
3040470102,2016021100599001,2021092900207001,0,0,0,0,1,1
3040480015,2021030301040001,2024110600940001,0,0,0,0,1,1
3040480039,2018101501229001,2022081100931001,0,0,0,0,1,1
3040500140,2019043001009001,2024121100622002,0,0,0,0,1,1
3040520111,2017060601224001,2023050400976001,0,0,0,0,1,1
3040570015,2017120300052001,2023110900499001,0,0,0,0,1,1
3040610006,2019091500024001,2023071600043003,0,0,0,0,1,1
3040610016,2016021601130001,2021060400179001,0,0,0,0,1,1
3040610124,2017010600628001,2023041200895001,0,0,0,0,1,1
3040620129,2017070700973001,2024032600654001,0,0,0,0,1,1
3040630019,2018082500019001,2022050501194001,0,0,0,0,1,1
3040870127,2020013000988001,2024110800718002,0,0,0,0,1,1
3040870128,2022060201428001,2025070700203001,0,0,0,0,1,1
3040880046,2020040200813001,2025090400625001,0,0,0,0,1,1
3040880116,2019062100587001,2024051100029001,0,0,0,0,1,1
3041050129,2016122800867001,2021032000139001,0,0,0,0,1,1
3041050133,2017102501679001,2025122201140002,0,0,0,0,1,1
3041060007,2016071500247001,2021101500831003,0,0,0,0,1,1
3041070075,2020120901150001,2025060500098001,0,0,0,0,1,1
3041110095,2018120500748001,2025010800531001,0,0,0,0,1,1
3041120071,2019021300788002,2023042500180001,1,0,0,0,1,1
3041140056,2018083100524001,2022052400326001,0,0,0,0,1,1
3041150029,2017050200453001,2022060900837001,0,0,0,0,1,1
3041160064,2020052800150001,2025110400667001,0,0,0,0,1,1
3041180044,2021020501060001,2026010800725001,0,0,0,0,1,1
3041180045,2021020501060001,2026010800593001,0,0,0,0,1,1
3041190080,2016122100745001,2020031000603001,0,0,0,0,1,1
3041200039,2018081300305002,2021090101510001,0,0,0,0,1,1
3041210007,,2022031800206001,0,0,0,0,0,1
3041210020,2017100600510001,2022051100898001,0,0,0,0,1,1
3041210044,2016071901225001,2022081900497001,0,0,0,0,1,1
3041230117,2017030800846001,2024102300276002,0,0,0,0,1,1
3041290023,2019102200384001,2026011500916001,0,0,0,0,1,1
3041320056,2019061800383001,2023052400862001,0,0,0,0,1,1
3041340012,2017082201206002,2021061601420001,0,0,0,0,1,1
3041360007,2019031500363001,2023110700274001,0,0,0,0,1,1
3041490031,2016042101051001,2021042301339001,0,0,0,0,1,1
3041520008,2020022401039001,2025052800174001,0,0,0,0,1,1
3041630040,2016051200595001,2021042900297001,0,0,0,0,1,1
3041640053,2019111500005001,2023071800219001,0,0,0,0,1,1
3041650008,2019010700763001,2023120700609001,0,0,0,0,1,1
3041680002,2018051100979002,2025041500170001,0,0,0,0,1,1
3041690012,2018012200595002,2022020800822002,0,0,0,0,1,1
3041720074,2017020700624001,2024011100135001,0,0,0,0,1,1
3041890142,2016012601005001,2025033100881003,0,0,0,0,1,1
3042050025,2020102900377001,2024032700620001,0,0,0,0,1,1
3042060014,2017081701383001,2022050600132001,0,0,0,0,1,1
3042090006,2016121601453001,2022071400569001,0,0,0,0,1,1
3042090016,2018120500588001,2024071700895001,0,0,0,0,1,1
3042120033,2018101600774001,2022121200835001,0,0,0,0,1,1
3042470004,2021102501217002,2025012800970001,0,0,0,0,1,1
3042500048,2018022500051001,2022042200001001,0,0,0,0,1,1
3042620029,2016020300993001,2021113001598001,0,0,0,0,1,1
3042670006,2017012200072001,2022041100404001,0,0,0,0,1,1
3042810021,2019013000429001,2022021801134001,0,0,0,0,1,1
3042900050,2017040700180001,2021032400370001,1,0,1,0,1,1
3042990006,2019112600958002,2025021500015001,0,0,0,0,1,1
3043080014,2016071901133002,2019092300678001,0,0,0,0,1,1
3043080014,2019092300678001,2025011601093001,0,0,0,0,1,1
3043090045,2017020301254001,2022080600032001,0,0,0,0,1,1
3043110110,2020083101116001,2025082400046001,0,0,0,0,1,1
3043120015,2018092000860001,2024041500894001,0,0,0,0,1,1
3043160025,2016010700210001,2026011600915001,0,0,0,0,1,1
3043160038,2016010700361001,2021121301624001,0,0,0,0,1,1
3043210005,2017071700780001,2021100700782001,0,0,0,0,1,1
3043230012,2017042000955001,2021071500713001,0,0,0,0,1,1
3043360013,2018060701199001,2023101100517001,0,0,0,0,1,1
3043590057,2017111301277001,2021060201593001,0,0,0,0,1,1
3043600010,2016020200493001,2023062300772001,0,0,0,0,1,1
3044190029,2021101800821001,2025042300370001,0,0,0,0,1,1
3044530057,2020051500370001,2023080200547002,0,0,0,0,1,1
3044550054,2018121901454004,2022060700989001,0,0,0,0,1,1
3044550056,2018121901454002,2022100500875001,0,0,0,0,1,1
3044550058,2017082900557001,2022101800238001,0,0,0,0,1,1
3044570067,2020031900524001,2025101700668001,0,0,0,0,1,1
3044760059,2018122400050001,2025062300891001,0,0,0,0,1,1
3044800145,2016102500914001,2022100400785001,0,0,0,0,1,1
3044800147,2016031700956001,2023122300013001,0,0,0,0,1,1
3044810054,2016070600689001,2021031100450001,0,0,0,0,1,1
3044970051,2017040601058001,2024072900297002,0,0,0,0,1,1
3045140126,2016110800370001,2020052600669001,0,0,0,0,1,1
3045280008,2019120600688001,2024060700504001,0,0,0,0,1,1
3045930051,2016090700018001,2024092500627001,0,0,0,0,1,1
3045950114,2019092700701001,2024030100608001,0,0,0,0,1,1
3045970013,2017071901215001,2025030600715001,0,0,0,0,1,1
3046070001,2017032301055001,2022011700360001,0,0,0,0,1,1
3046100044,2016072000214001,,0,0,0,0,1,0
3046100061,2018082100632001,2021102700377001,0,0,0,0,1,1
3046240034,2016121200749001,2022122900487001,1,0,1,0,1,1
3046410026,2016032100844001,2022060800009001,0,0,0,0,1,1
3046460025,2019120900829001,2024071100606001,0,0,0,0,1,1
3046510055,2018120700312001,2025072200160001,0,0,0,0,1,1
3046570025,2017122700558001,2024071700308001,0,0,0,0,1,1
3046570037,2017082800040001,2025061000354001,0,0,0,0,1,1
3046580044,2016110100101001,2022060100091001,0,0,0,0,1,1
3046740028,2019090600692001,2025090900098001,0,0,0,0,1,1
3046750050,2017072101162002,2024070800745001,0,0,0,0,1,1
3046890053,2018040400450002,2023020900160001,0,0,0,0,1,1
3046900035,2020050800488001,2023062800663001,0,0,0,0,1,1
3046930015,2016032500804001,2019102400876001,0,0,0,0,1,1
3047020038,2019041600877001,2024121700898001,0,0,0,0,1,1
3047030030,2016060100589002,2019102900855001,0,0,0,0,1,1
3047100026,2016071101134002,2019090600754002,0,0,0,0,1,1
3047230041,2016080901332001,2021090201303001,0,0,0,0,1,1
3047240017,2019062300017001,2025082600900001,0,0,0,0,1,1
3047320014,2018111200156001,2025012100486001,0,0,0,0,1,1
3047360041,2019042500241001,2022110300770002,0,0,0,0,1,1
3047380013,2019080501380001,2025060300762001,0,0,0,0,1,1
3047590049,2016120900549001,2022082800020003,0,0,0,0,1,1
3047620006,2018081700379001,2021113001291001,0,0,0,0,1,1
3047810007,2020021900265001,2023110200512001,0,0,0,0,1,1
3047820077,2020110400236001,2024053000366001,0,0,0,0,1,1
3047960044,2018102400820001,2022031800033001,0,0,0,0,1,1
3047970012,2018121200018002,2022062700662001,0,0,0,0,1,1
3047970071,2017013001402001,2022091500257001,0,0,0,0,1,1
3048030030,,2025010700749001,0,0,0,0,0,1
3048030050,2017082800403001,2022030700866001,0,0,0,0,1,1
3048050047,2019070201138001,2024062000506001,0,0,0,0,1,1
3048050051,2017042800394001,2025043000295001,0,0,0,0,1,1
3048090071,2016111400991001,2022090200819005,0,0,0,0,1,1
3048140036,2016060201150001,2020092100903001,0,0,0,0,1,1
3048140060,2018022000891001,2024102101186001,0,0,0,0,1,1
3048190029,2016022500372001,2024101300035001,0,0,0,0,1,1
3048260079,2019080500193001,2024011700556001,0,0,0,0,1,1
3048370075,2019121700546001,2024040700001001,0,0,0,0,1,1
3048500026,2016072600247001,2020110800020001,0,0,0,0,1,1
3048550053,2016040600486001,2022071200850003,0,0,0,0,1,1
3048560049,2017081500401001,2022070600110002,0,0,0,0,1,1
3048590012,2016070800454001,2021081900607003,0,1,0,1,1,1
3048690030,2017071200746002,2022123000688001,0,0,0,0,1,1
3048720029,,2024122700534001,0,0,0,0,0,1
3048740025,2020030200305001,2024100901035001,0,0,0,0,1,1
3048780050,2018051000241001,2021071201318001,0,0,0,0,1,1
3048810024,2018121400025001,2022060300626001,0,0,0,0,1,1
3048840045,2019120601104005,2023122600395010,0,0,0,0,1,1
3048840046,2018052400199003,2025012800537001,0,0,0,0,1,1
3048840060,2018052300293004,2025053000495001,0,0,0,0,1,1
3048850035,2016070501204002,2022080500157001,0,0,0,0,1,1
3048850063,2018090700802001,2022101100966001,0,0,0,0,1,1
3048860015,2019061400010001,2025040100172001,0,0,0,0,1,1
3048860053,2016112301081001,2025042800402001,0,0,0,0,1,1
3048860056,2020022600385001,2023101300320001,0,0,0,0,1,1
3048870045,2016122701479001,2021020200614003,0,0,0,0,1,1
3048880027,2018010300607001,2022080100866001,0,0,0,0,1,1
3048880058,2017013100577001,2023122900456001,0,0,0,0,1,1
3048880062,2016050200499002,2021050600244001,0,0,0,0,1,1
3048920021,2018082900048001,2023062200012001,0,0,0,0,1,1
3048920041,2017121801175001,,0,0,0,0,1,0
3048920046,,2025060500635001,0,0,0,0,0,1
3048930060,2017043000078001,2023041200026001,0,0,0,0,1,1
3049010021,2021042700319003,2025052200360001,0,0,0,0,1,1
3049010044,2016110900339001,2024070900576001,0,0,0,0,1,1
3049020004,2019101700769002,2023092600872001,0,0,0,0,1,1
3049030050,2017040500720001,2022011901369001,0,0,0,0,1,1
3049160035,2017080200744001,2022082400591001,0,0,0,0,1,1
3049160056,2016102500493001,2025071600869003,0,0,0,0,1,1
3049170037,2019091000920002,2023062300690001,0,0,0,0,1,1
3049200023,2017101600504002,2024071900368001,0,0,0,0,1,1
3049310024,2019050100738001,2024031200605001,1,0,1,0,1,1
3049320028,2016042400161001,2021071900111001,0,0,0,0,1,1
3049320057,2017042000064001,2020120800382001,0,0,0,0,1,1
3049330065,2016040700991001,2019112000661003,0,0,0,0,1,1
3049380008,2018112300059001,2023062000463001,0,0,0,0,1,1
3049380023,2020011000290004,,0,0,0,0,1,0
3049480037,2018012301004001,2023050500474001,0,0,0,0,1,1
3049490017,2018041700023001,2025120400737001,1,0,1,0,1,1
3049560028,2019071900388001,2025081400686003,0,0,0,0,1,1
3049570079,2017092900094001,2023060700231001,0,0,0,0,1,1
3049590038,2016062500059001,2025060900970001,0,0,0,0,1,1
3049610033,2017052500259001,2021091000929001,0,0,0,0,1,1
3049670001,2016121901208002,2024050900739001,0,0,0,0,1,1
3049670029,2017072600809003,2024052800750001,0,0,0,0,1,1
3049680009,2017072601275001,2021030500815001,0,0,0,0,1,1
3049730003,2017013101328001,2024050800688001,0,0,0,0,1,1
3049740067,2020033100295001,2024070100189001,0,0,0,0,1,1
3049750013,2016061302564001,2021030500368001,0,0,0,0,1,1
3049750027,2017011500077001,2022072901056001,0,0,0,0,1,1
3049760074,2021011100739001,2024051300887001,0,0,0,0,1,1
3049800044,2017021301166001,2024062300011001,0,0,0,0,1,1
3049900033,,2021041300531001,0,0,0,0,0,1
3049940052,2017011100451001,2020062400785001,0,0,0,0,1,1
3049940055,2016112300150002,2023022100496001,0,0,0,0,1,1
3049940057,2017091100991001,2023080300630001,0,0,0,0,1,1
3049970016,2016042900584001,2020021000990001,0,1,0,1,1,1
3050000007,2017070500494001,2022062300792001,0,0,0,0,1,1
3050000015,2016062102193001,2022032101518001,0,0,0,0,1,1
3050000016,2016062102505001,2022032101469001,0,0,0,0,1,1
3050090017,,2021011200257003,0,0,0,0,0,1
3050100057,2018090500337001,2023071200234003,0,0,0,0,1,1
3050110029,2018123000035001,2024090400594001,0,0,0,0,1,1
3050120048,2021091000451001,2025012200059001,0,0,0,0,1,1
3050300029,2018102500005001,2025052000384001,0,0,0,0,1,1
3050330051,2016021201348001,2025011300092001,0,0,0,0,1,1
3050370043,2021061400602001,2024102300583001,0,0,0,0,1,1
3050450068,2019072301333001,2025032400207001,0,0,0,0,1,1
3050470029,2016081600293001,2021051700187003,0,0,0,0,1,1
3050490027,2017072001193001,2021092300027001,0,0,0,0,1,1
3050540052,2021041900504004,2024100100237004,0,0,0,0,1,1
3050550080,2016091600573002,2022071200424002,0,0,0,0,1,1
3050710042,2021092001021002,2025101500486001,0,0,0,0,1,1
3050860081,2017050800557001,2025111300708001,0,0,0,0,1,1
3050860082,2017053101308001,2021012101215001,0,0,0,0,1,1
3050870006,2017021400993002,2025110300945002,0,0,0,0,1,1
3050870073,2019071000171001,2025030300931001,0,1,0,1,1,1
3050900041,2018101100082001,2024091700434001,0,0,0,0,1,1
3051010024,2016093000509001,2025100100562001,0,0,0,0,1,1
3051020107,2016031800083002,2022060701015001,0,0,0,0,1,1
3051020107,2022060701015001,2025100100496001,0,0,0,0,1,1
3051140009,2016022401031001,2019032500016001,0,0,0,0,1,1
3051150059,2018071200509003,2021081500051001,0,0,0,0,1,1
3051180052,2019072900669002,2022121900653003,0,0,0,0,1,1
3051270061,2017072600002001,2020120800472002,0,0,0,0,1,1
3051270149,2017092600338001,2022061500851001,0,0,0,0,1,1
3051300222,2017080901701001,2024060500962001,0,0,0,0,1,1
3051320035,2016030500150001,2019121901232001,0,0,0,0,1,1
3051360068,2022060200248003,2025051500431001,0,0,0,0,1,1
3051380014,2018092500585001,2025072400086003,0,0,0,0,1,1
3051380111,2020011000186001,2025091800621001,0,0,0,0,1,1
3051400045,2016122800437001,2022092700851001,0,0,0,0,1,1
3051410005,2017060100621001,2023091200851001,0,0,0,0,1,1
3051410088,2019042600294001,2023050500285002,0,0,0,0,1,1
3051420073,2020021400639001,2025031000438001,0,0,0,0,1,1
3051460028,2020020300510001,2025102300755001,0,0,0,0,1,1
3051540019,,2022020400392003,0,1,0,0,0,1
3051600041,,2020100600089003,0,0,0,0,0,1
3051670081,2016092100864001,2025111800337001,0,0,0,0,1,1
3051680004,2018111600768001,2021111200657001,0,0,0,0,1,1
3051700043,2019121300092001,2025041800427002,0,0,0,0,1,1
3051730023,2019120601104004,2023122600395011,0,0,0,0,1,1
3051730069,2018062900372002,2023021000227002,0,0,0,0,1,1
3051750015,2017092901406001,2025052900783003,0,0,0,0,1,1
3051750029,2021040101066001,2025032600523001,0,0,0,0,1,1
3051750050,2017022700281002,2020030200846003,0,0,0,0,1,1
3051800072,2017030101087001,2022012401106002,0,0,0,0,1,1
3051900031,2017042100629001,2021011100969001,0,0,0,0,1,1
3051930034,2019031300902001,2025122300759001,0,1,0,1,1,1
3051950011,2019120601104003,2023122600395012,0,0,0,0,1,1
3052030049,2021081100271001,2025060600373002,0,0,0,0,1,1
3052090010,2016110400442001,2022071200757001,0,0,0,0,1,1
3052090016,2016101301050001,2020013001289002,0,0,0,0,1,1
3052150032,2019072600479001,2022110100767001,0,0,0,0,1,1
3052160022,2018030600157001,2023032300069001,0,0,0,0,1,1
3052230050,2016113001254001,2020012000352001,0,0,0,0,1,1
3052260023,2020011700067001,2024030300040001,0,0,0,0,1,1
3052300008,2017011100574001,2022072200896001,0,0,0,0,1,1
3052300014,2018062000043001,2023081800540001,0,0,0,0,1,1
3052300079,2018102200388002,2025041000470001,0,0,0,0,1,1
3052300114,2020022701020001,2024070900751001,0,0,0,0,1,1
3052380021,2017012700785001,2022081601300001,0,0,0,0,1,1
3052400080,2022082300364001,2025082500598001,0,0,0,0,1,1
3052600024,2018112700303003,2024071000521001,0,0,0,0,1,1
3052660007,2016052700714001,2024061300128001,0,0,0,0,1,1
3052670029,2018121801627002,2022062600005001,0,0,0,0,1,1
3052680051,2022110200864001,2025123100594001,0,0,0,0,1,1
3052700001,2018020500316001,2022041800767002,0,0,0,0,1,1
3052850023,2019051600580001,2025050800652001,0,1,0,1,1,1
3052900008,2017032200036001,2025091601120001,0,0,0,0,1,1
3053080011,2017043000009001,2022042700458001,0,0,0,0,1,1
3053120026,2022072000785001,2025120400885001,0,0,0,0,1,1
3053230070,2018032900086001,2021051201114001,0,0,0,0,1,1
3053250037,2016121600308002,2022020700233001,0,1,0,1,1,1
3053260026,2017090500862001,2021052400825001,0,0,0,0,1,1
3053300049,2016071201604001,2022072900395001,0,0,0,0,1,1
3053300050,2019080701196001,2025032600667001,0,0,0,0,1,1
3053350052,2017072701482001,2020082600567001,0,0,0,0,1,1
3053380001,2017072100700001,2021050501245003,0,0,0,0,1,1
3053530011,2016071201036001,2023050100595001,0,0,0,0,1,1
3053610048,2016032800383001,2020092401120004,0,0,0,0,1,1
3053710063,2016011100681001,2021121301431001,0,1,0,1,1,1
3053760014,2016101900567001,2021061000310001,0,0,0,0,1,1
3053800060,2019060400279001,2022110800736001,0,0,0,0,1,1
3053810084,2017011801197001,2021020100219002,0,0,0,0,1,1
3053830030,2018073100018001,2025090400281001,0,0,0,0,1,1
3053870076,2019021100525001,2025080600636001,0,0,0,0,1,1
3053910035,2016091300057002,2025040701048001,0,0,0,0,1,1
3053910046,2016082200801001,2021081200730001,0,0,0,0,1,1
3053960025,2021031001273001,2025093000532001,0,0,0,0,1,1
3054020055,2020120900442003,2024022700340002,0,0,0,0,1,1
3054190024,2018101500663001,2025020300033001,0,0,0,0,1,1
3054200035,2017010500282001,2024013000755001,0,0,0,0,1,1
3054210142,2018020800020001,2025042900731001,1,0,1,0,1,1
3054220014,2017051200100001,2023112100149002,0,0,0,0,1,1
3054230012,2016060900309001,2023012600789001,0,0,0,0,1,1
3054250025,2019040300652001,2022051900179001,0,0,0,0,1,1
3054480050,2017051700050001,2024040200897001,0,0,0,0,1,1
3054490026,2018060400454002,2024111800387001,0,0,0,0,1,1
3054530036,2016092600640001,2022060101018001,0,0,0,0,1,1
3054600003,2017100300053001,2022120500195001,0,0,0,0,1,1
3054660014,2019061200401001,2024030600027001,0,0,0,0,1,1
3054760035,2021111000694001,2025060500628001,0,0,0,0,1,1
3054800059,2017020800638001,2022042501027001,0,0,0,0,1,1
3054830087,2016090500006001,2021042601118001,0,1,0,1,1,1
3054840001,2019030400090001,2023091200955001,0,0,0,0,1,1
3054860044,2018050800064001,2021091300270002,0,0,0,0,1,1
3054920027,2017120700605001,2022050900785001,0,0,0,0,1,1
3054940148,2016010700282001,2022020401090001,0,0,0,0,1,1
3054950885,2016033100688001,2021110800925001,0,0,0,0,1,1
3054950902,2018042700401001,2024110600068001,0,0,0,0,1,1
3054951035,2016072000687002,2021021001135001,0,0,0,0,1,1
3054951041,2020010200054001,2025060400887002,0,0,0,0,1,1
3055000006,2018090600632001,2024073100739001,0,0,0,0,1,1
3055000050,2018022000500001,2024070800835001,0,0,0,0,1,1
3055010051,2016081001278001,2024051500966001,0,0,0,0,1,1
3055110008,2016072100338002,2021050500334001,0,0,0,0,1,1
3055140035,2017013000136001,2021050500023001,0,0,0,0,1,1
3055150022,2016102700265001,2022022400229001,0,0,0,0,1,1
3055150041,2020101500393001,2025092400124001,0,0,0,0,1,1
3055190022,2017080801652001,2021032500398001,0,0,0,0,1,1
3055220056,2018091700912001,2021112201011001,0,0,0,0,1,1
3055240029,2017060600456002,2021102600476001,0,0,0,0,1,1
3055250004,2017020700540002,2020070800415001,0,0,0,0,1,1
3055280044,2023030100810001,2025120900708001,0,0,0,0,1,1
3055380064,2019061300489001,2025110700118001,0,0,0,0,1,1
3055400058,2016120600612002,2021111500494001,0,0,0,0,1,1
3055440042,2018103101063001,2022110400447001,0,0,0,0,1,1
3055490060,2018061900035001,2025031400043001,0,0,0,0,1,1
3055520130,2016082300134001,2023042100485001,0,0,0,0,1,1
3055790049,2018112100979001,2023062601000001,0,0,0,0,1,1
3055840051,2016020100517001,2022041500444001,0,0,0,0,1,1
3055880015,2017010600358001,2024022700451001,0,0,0,0,1,1
3055970016,2019081500292001,2023120600440001,0,0,0,0,1,1
3056020007,,2022081800235001,0,0,0,0,0,1
3056050011,2021021101165001,2024090300460001,0,0,0,0,1,1
3056050040,2016101301206004,2021102500501001,0,0,0,0,1,1
3056100018,2017010600384001,2024080800513001,0,0,0,0,1,1
3056120015,2018062701417001,2023060200682001,0,0,0,0,1,1
3056260047,2018120300556001,2025030400974001,0,0,0,0,1,1
3056270001,2017011000365002,2021050500954001,0,0,0,0,1,1
3056370018,2018122600751001,2025100500088001,0,0,0,0,1,1
3056370061,2021030201207001,2025121000936001,0,0,0,0,1,1
3056520013,2020033000453001,2026011100033001,0,0,0,0,1,1
3056580052,2016122901203001,2022053100326001,0,0,0,0,1,1
3056590014,2017060201224001,2021080400567002,0,0,0,0,1,1
3056590020,2020051501042002,2025032200027001,0,0,0,0,1,1
3056650015,2016100300464002,2024062401161001,0,0,0,0,1,1
3056700074,2020091700385001,,0,0,0,0,1,0
3056740013,2021052000016002,2025091700379001,0,0,0,0,1,1
3056750029,2016081100306001,2023112800735001,0,0,0,0,1,1
3056780039,2016022500590001,2023101300608001,0,0,0,0,1,1
3056800032,2017121200988001,2022062000633002,0,0,0,0,1,1
3056840060,,2024111201369001,0,0,0,0,0,1
3056860030,2016062003856001,2021072100574001,0,0,0,0,1,1
3056870022,2019082600926001,2024051700802001,1,0,0,0,1,1
3056880024,2017021600480001,2021121400020001,0,0,0,0,1,1
3056960029,2016092000506001,2022011001252001,0,0,0,0,1,1
3056960062,2017120500654001,2022011201054001,0,0,0,0,1,1
3056960063,2017121200489001,2022011100384001,0,0,0,0,1,1
3057000040,2018010300860001,2024031900312001,0,0,0,0,1,1
3057060041,2016010601370001,2021030100936001,0,0,0,0,1,1
3057060054,2021062300811001,2026032300489001,1,0,1,0,1,1
3057330010,2021071600795001,2025111001023001,0,0,0,0,1,1
3057580006,2018071700822001,2022071401237001,0,0,0,0,1,1
3057600051,2019050101163001,2022050200788001,0,0,0,0,1,1
3057610042,2022020800528001,2025103000235001,0,0,0,0,1,1
3057630024,2017071400882001,2025082900531001,0,0,0,0,1,1
3057660045,2018080200909001,2022071501435001,0,0,0,0,1,1
3057690068,2019011001136001,2022041501403001,0,0,0,0,1,1
3057690069,2018042700977001,2022011500166002,0,1,0,0,1,1
3057700015,2018121200966001,2025032000285001,0,0,0,0,1,1
3057730035,2021110201373001,2025042300354001,0,0,0,0,1,1
3057830039,2017120800389001,2024100700725001,0,0,0,0,1,1
3057890014,2016061500735002,2021082500794001,0,0,0,0,1,1
3057910046,2018092800742002,2022011700124001,0,0,0,0,1,1
3057980008,2019032800279001,2024011600573001,0,0,0,0,1,1
3058280043,2019012500234002,2025032000243001,0,0,0,0,1,1
3058400017,2018050301061001,2021102001060001,0,0,0,0,1,1
3058520029,2020102900182001,2025020600970001,0,0,0,0,1,1
3058600123,2017061900525002,2025061100059002,0,0,0,0,1,1
3058660010,2021040900647001,2025021700130001,0,0,0,0,1,1
3058660012,2018091100736001,2022093000779001,0,0,0,0,1,1
3058740034,2016012400021001,2024030100644003,0,0,0,0,1,1
3058790067,2019081601075001,2023020600466001,0,0,0,0,1,1
3058820008,2021112401521001,2025121600865001,0,0,0,0,1,1
3058820052,2019082601036001,2024090901037001,0,0,0,0,1,1
3058880012,2018091001068001,2025061000319001,1,0,1,0,1,1
3058920038,2016032500616001,2022061600186002,0,0,0,0,1,1
3058920086,2019051000702001,2025031400804001,0,0,0,0,1,1
3058950018,2020091100368001,2025073000144001,1,0,0,0,1,1
3059040060,2017103001540001,2022121901096001,0,1,0,0,1,1
3059050011,2018042700685001,2021101401123001,0,0,0,0,1,1
3059050062,2018041900492001,2023071600042001,0,0,0,0,1,1
3059070028,2019020100790001,2023081600583001,0,0,0,0,1,1
3059070041,2016072100657001,2024122000263001,0,0,0,0,1,1
3059100028,2021060201045001,2024091800943001,0,0,0,0,1,1
3059120031,2018092600310001,2022040600791001,0,0,0,0,1,1
3059120058,2017112700191001,2022101700724001,0,0,0,0,1,1
3059200008,2021080501025001,2025040900189001,0,0,0,0,1,1
3059200009,2021080501025001,2025040900233001,0,0,0,0,1,1
3059240041,2020041600772001,2025060400589001,0,0,0,0,1,1
3059260015,2019091300278001,2025091700565001,0,0,0,0,1,1
3059290032,2020121000155001,2024072300577003,0,0,0,0,1,1
3059370028,2017080300447001,2023062900549002,0,0,0,0,1,1
3059410014,,2025070300561001,0,0,0,0,0,1
3059410067,2017011300569001,2020123000552001,0,0,0,0,1,1
3059410067,2020123000552001,2024012200309001,0,0,0,0,1,1
3059470069,2016020200474001,2022102400569001,0,0,0,0,1,1
3059510062,2016012100219001,2024122700156001,0,0,0,0,1,1
3059540051,2018011001064001,2023092600137001,0,0,0,0,1,1
3059570066,2018061900776001,2024010800610001,0,0,0,0,1,1
3059570068,2017102600845001,2024080100798001,0,0,0,0,1,1
3059580001,2016072900333001,2022052300623001,0,0,0,0,1,1
3059600024,2019122400289001,2024072600766001,0,0,0,0,1,1
3059620005,2018112000216001,2021112300567001,0,0,0,0,1,1
3059620031,2017100301058001,2022080200160003,0,0,0,0,1,1
3059630070,2016021100147001,2021013100050003,0,0,0,0,1,1
3059660041,2018100800150001,2022111000892001,0,0,0,0,1,1
3059670029,2018121400391001,2023042000150001,0,0,0,0,1,1
3059680019,2017121500843001,2022021100878001,0,1,0,1,1,1
3059690056,2020071600578001,2024101600505001,0,0,0,0,1,1
3059700014,2016022900482001,2019111501018001,0,0,0,0,1,1
3059700072,2018071000957001,2025072500024001,0,0,0,0,1,1
3059720031,2017121900280001,2024061200536003,0,0,0,0,1,1
3059810004,2020022701184001,2025102800915001,0,0,0,0,1,1
3059870027,2017041900023001,2022072001191002,0,0,0,0,1,1
3059890073,2019071800921001,2024080900308001,0,0,0,0,1,1
3059970063,2017122000867001,2021081300090001,0,0,0,0,1,1
3060040142,2018060400087003,2021112301393001,0,0,0,0,1,1
3060290025,2016112900780002,2024053100800001,0,0,0,0,1,1
3060390061,2016072000301001,2024082900633001,0,0,0,0,1,1
3060400014,2016012200012001,2022021801019001,0,0,0,0,1,1
3060440030,2017033000740004,2021090300441001,0,0,0,0,1,1
3060440042,2022032201365001,2025041600044001,0,0,0,0,1,1
3060490051,2019101101305001,2023060600873001,0,0,0,0,1,1
3060550001,2016072700872001,2022071900255001,0,0,0,0,1,1
3060550009,2016041201159001,2025101401243001,0,0,0,0,1,1
3060590047,2019061000283001,2025071600571001,0,1,0,1,1,1
3060590065,2019010800033001,2024062500533002,0,0,0,0,1,1
3060600003,2017092200659001,2023081000441001,0,0,0,0,1,1
3060610006,2020031601156001,2025032700960001,0,0,0,0,1,1
3060630005,2017030300971001,2022011900976001,0,0,0,0,1,1
3060630068,2019082300362001,2024072900226003,0,0,0,0,1,1
3060680011,2020111700860001,2025050600502001,0,0,0,0,1,1
3060690052,2017013000124001,2021012900790001,0,0,0,0,1,1
3060720047,2016022300879001,2019102800777001,0,0,0,0,1,1
3060920118,2016092600861001,2025032600833001,0,0,0,0,1,1
3060920138,2016011500595002,2023081400340001,0,0,0,0,1,1
3061070095,2016122701491001,2021032300578002,1,0,1,0,1,1
3061070096,2017101600580001,2022081700151001,0,0,0,0,1,1
3061140026,2017122700756001,2021031200698001,0,0,0,0,1,1
3061150019,2018011901033003,2025060400761001,0,0,0,0,1,1
3061200019,2018091200709001,2025060500050001,0,0,0,0,1,1
3061250008,2019090900272001,2025072200036001,0,0,0,0,1,1
3061270001,2018052500306002,2022091100034001,0,0,0,0,1,1
3061380125,2021012101188001,,0,0,0,0,1,0
3061420083,2016110400802001,2021031000140001,0,0,0,0,1,1
3061430063,2017010301506001,2022031800569001,0,0,0,0,1,1
3061570056,2020011700710001,2024110400341001,0,0,0,0,1,1
3061620042,2016100700302001,2023061500471001,0,0,0,0,1,1
3061700036,2020061800406001,2024112500462001,0,0,0,0,1,1
3061730006,,2022071301217001,0,0,0,0,0,1
3061780121,2018012401283001,2023071900989002,0,0,0,0,1,1
3061820001,2017021300907001,2021040101324001,0,0,0,0,1,1
3061830004,2020102200883001,2024100700438001,0,0,0,0,1,1
3061830046,2017012701293001,2023012400616001,1,0,1,0,1,1
3061850003,2016042000630001,2021040900936001,0,0,0,0,1,1
3061870037,2016072700212001,2024103000107001,0,0,0,0,1,1
3061910022,2018082300923001,2023080900932001,0,0,0,0,1,1
3061920068,2021070700115001,2025021201116001,0,0,0,0,1,1
3061960017,2016102500752001,2021112201372001,0,0,0,0,1,1
3061960017,2021112201372001,2025120500813002,0,0,0,0,1,1
3061960039,2016042201119001,2025100700439001,0,0,0,0,1,1
3061990053,2016120700342001,2022021501627001,1,0,1,0,1,1
3062000045,2019121800735002,2024102100571002,0,0,0,0,1,1
3062020034,2017121800059001,2024020800783001,0,0,0,0,1,1
3062030023,2019012100217001,2022031500877001,0,0,0,0,1,1
3062040048,2019081200702001,2024080700618001,0,0,0,0,1,1
3062100012,2021012201487002,2025100200821001,0,0,0,0,1,1
3062140070,2017123000047001,2021070901457001,0,0,0,0,1,1
3062140074,2016062301198001,2024101800387001,0,0,0,0,1,1
3062200043,2021050601589001,2024060600261001,0,0,0,0,1,1
3062200051,2021071300790001,2024080100172001,0,0,0,0,1,1
3062230021,2016031500306002,2019120500675001,0,0,0,0,1,1
3062230062,2016101400956001,2021053100127001,1,0,1,0,1,1
3062240015,2018032301050001,2025022001075001,0,0,0,0,1,1
3062310030,2016062801338001,2019071000242001,0,0,0,0,1,1
3062310030,2019071000242001,2024061500028002,0,0,0,0,1,1
3062330046,2018012300941002,2024070500265001,0,0,0,0,1,1
3062340079,2021041800079001,2024120500463001,0,0,0,0,1,1
3062340113,2018092000372001,2025110301208001,0,0,0,0,1,1
3062350018,2016052400463001,2025123001188002,0,0,0,0,1,1
3062350070,2017051600207003,2023112701029001,0,0,0,0,1,1
3062420034,2016020901127001,2022071300570002,0,0,0,0,1,1
3062430106,2018050400941003,2021060800587001,0,0,0,0,1,1
3062430167,2018041400032002,2024121000756001,0,0,0,0,1,1
3062440012,2017042700569002,2021082701008001,0,0,0,0,1,1
3062440012,2021082701008001,2025062500873002,0,0,0,0,1,1
3062440014,2016072900926001,2024061000975001,0,0,0,0,1,1
3062450010,2017021001112001,2025110300534001,0,0,0,0,1,1
3062460039,2019031900728001,2025120300490001,0,0,0,0,1,1
3062600043,2017112901290002,2024102100471001,0,1,0,0,1,1
3062680021,2020032000564002,2025081900945002,0,0,0,0,1,1
3062680057,2017100600602001,2025100100098001,0,0,0,0,1,1
3062700061,2016071800337001,2024012300288001,0,0,0,0,1,1
3062890030,,2025012700114002,0,0,0,0,0,1
3062890054,2016102600555001,2024102900363001,0,0,0,0,1,1
3062900003,2018112100201001,2025040900523001,0,0,0,0,1,1
3062920057,2019071600181001,2023071800866001,0,0,0,0,1,1
3062930026,2021082701179001,2025090301025001,0,0,0,0,1,1
3063030027,2016030500087001,2023090700253001,0,0,0,0,1,1
3063050075,2016120100079001,2021111700649001,0,0,0,0,1,1
3063070056,2017101700899001,2022050501389001,0,0,0,0,1,1
3063080068,2017062700162001,2024091900519001,0,0,0,0,1,1
3063090033,2017062800644001,2022070100191001,1,0,1,0,1,1
3063100017,2017101001280001,2021032301404001,0,0,0,0,1,1
3063210063,,2022122700252001,0,0,0,0,0,1
3063290061,2019030800799002,2024042400698001,0,1,0,0,1,1
3063420006,2019013100136001,2025092100052001,0,0,0,0,1,1
3063430012,2020061800465002,2023090100368001,0,0,0,0,1,1
3063450034,2019022200643003,2022081000435001,0,0,0,0,1,1
3063570046,2016101300662001,2024061100754001,0,0,0,0,1,1
3063640072,2016062300422001,2025120300245001,0,0,0,0,1,1
3063670042,2019021500533001,2023050100400001,0,0,0,0,1,1
3063670043,2019021500503001,2023091900109001,0,0,0,0,1,1
3063740067,2016102801387001,2025091000952001,0,0,0,0,1,1
3063920052,2018120500319001,2023100600592001,0,0,0,0,1,1
3063970016,2017111500891001,2023122100302001,0,0,0,0,1,1
3063980019,2018071800806001,2023112900640001,0,0,0,0,1,1
3063990014,,2022042801037001,0,0,0,0,0,1
3064010010,2019030401014001,2023110700177001,0,0,0,0,1,1
3064100025,2016030400165001,2023021500617001,0,0,0,0,1,1
3064140053,2022012700448001,2025050800862001,0,0,0,0,1,1
3064170034,2016060200606001,2021040801285001,0,0,0,0,1,1
3064270021,2019061700196001,2024061900337001,1,0,1,0,1,1
3064290057,2016081701390002,2022053100332001,0,1,0,0,1,1
3064330025,2016062300418001,2020071100078001,1,1,1,1,1,1
3064340002,2017091101032001,2024052800190001,0,0,0,0,1,1
3064600059,2018120400106001,2024121900530001,0,0,0,0,1,1
3064600061,2018012900851001,2025100300593001,0,0,0,0,1,1
3064600064,2017050100753001,2022111100077001,0,0,0,0,1,1
3064600091,2017032300151001,2020071600921001,0,0,0,0,1,1
3064610053,2017020100936001,2023122800252001,0,0,0,0,1,1
3064610194,2018033100009001,2022052701011001,0,0,0,0,1,1
3064610247,2016111800654001,2021030100455001,0,0,0,0,1,1
3064610318,2016050201203001,2022021800892001,0,0,0,0,1,1
3064620020,,2021040800328001,0,0,0,0,0,1
3064630127,2017041000117002,2021061400860001,0,0,0,0,1,1
3064660060,2020040900627003,2025120300311001,0,0,0,0,1,1
3064660075,2017020200218001,2024052900944001,0,0,0,0,1,1
3064950049,2017092801409001,2022081701138001,0,0,0,0,1,1
3065010055,2018062801360001,2022021800561001,0,0,0,0,1,1
3065030130,2016093000192001,2024123100526001,0,0,0,0,1,1
3065040021,2018061100909001,2023052400682001,0,0,0,0,1,1
3065040033,2017021200019001,2023080700490001,0,0,0,0,1,1
3065050020,2019040201076001,2022121500984001,0,0,0,0,1,1
3065050029,2017103000785001,2021062801086001,0,0,0,0,1,1
3065110064,2017121201346001,2025022500616001,0,0,0,0,1,1
3065120063,2017071001063001,2025092200371003,0,0,0,0,1,1
3065140049,2016040800583001,2021080200707001,0,0,0,0,1,1
3065140055,,,0,0,0,0,0,0
3065160014,2016071101257003,2022063000088001,0,1,0,1,1,1
3065160083,2017042700944001,2022031100684001,0,1,0,1,1,1
3065250031,2016051800815001,2024040800488001,0,0,0,0,1,1
3065310070,2016122001179001,2021071900445002,0,0,0,0,1,1
3065320042,2019061100461002,2022110800482001,0,0,0,0,1,1
3065350033,,2024080500868001,0,0,0,0,0,1
3065430038,2017050200980001,2022022801402001,0,0,0,0,1,1
3065450080,2016062701564002,2021063001013001,0,0,0,0,1,1
3065460012,2017041300744001,2025050900016001,0,0,0,0,1,1
3065530047,2017033100548002,2025041400773001,0,0,0,0,1,1
3065570010,2016081801317001,2025033100561001,0,0,0,0,1,1
3065630052,2017090500174001,2021080200251001,0,0,0,0,1,1
3065630052,2021080200251001,2025040900684001,0,0,0,0,1,1
3065660080,2016080500516001,2022071200844002,0,0,0,0,1,1
3065670021,2016122901038001,2022030700377001,0,0,0,0,1,1
3065670062,2017081400704001,2022090800191001,0,0,0,0,1,1
3065720046,2016110900718001,2021091300846001,0,0,0,0,1,1
3065830001,,,0,0,0,0,0,0
3065860029,2017030600226001,2020061700213001,0,0,0,0,1,1
3065860066,2016100200001001,2025082500883001,0,0,0,0,1,1
3065980031,2018013100211001,2025050100578002,0,0,0,0,1,1
3065980061,2016100701127001,2022081501169001,0,1,0,0,1,1
3066010075,,2022042700718001,0,0,0,0,0,1
3066030033,2016100401086001,2021121900052001,0,0,0,0,1,1
3066040034,2017060501346001,2022022300532001,1,0,1,0,1,1
3066050032,2016121700099001,2025061201099001,0,0,0,0,1,1
3066050165,,2024071700095001,0,0,0,0,0,1
3066100065,2016111500112001,2023101800731001,0,0,0,0,1,1
3066230043,2016051301095001,2023013100320001,0,0,0,0,1,1
3066240075,2016093000397003,2025030401000001,0,0,0,0,1,1
3066270053,2018031301064001,2025082500886001,0,0,0,0,1,1
3066300067,2017050801026001,2025031800949001,0,0,0,0,1,1
3066320055,2021071200401001,2024102300857001,1,0,1,0,1,1
3066390034,2017060800977003,2024050200989001,0,0,0,0,1,1
3066450086,2018022800764001,2025080400924001,0,0,0,0,1,1
3066470051,2018012300365002,2022021001123001,0,0,0,0,1,1
3066520037,2019030101103001,2024011200232001,0,0,0,0,1,1
3066590039,2020011000763001,2023050400523001,0,0,0,0,1,1
3066610055,2016031100505001,2024121201301001,0,0,0,0,1,1
3066770060,2021113000060001,2025121000577001,0,0,0,0,1,1
3066770072,2017121300995001,2022082300182001,0,0,0,0,1,1
3066780032,2017110101157001,2025053000611001,0,0,0,0,1,1
3066780120,,,0,0,0,0,0,0
3066820070,2017081500883001,2021062101174001,0,0,0,0,1,1
3066840037,2017050800295003,2024121000089001,0,0,0,0,1,1
3066850105,2016011400239001,2024052900197001,0,0,0,0,1,1
3066910019,2016120500270001,2026011500106003,0,0,0,0,1,1
3066910038,2017031301375002,2023021900017001,0,0,0,0,1,1
3067110065,2018012900145001,2022012100964001,0,0,0,0,1,1
3067150011,2016080200710001,2022021800116002,0,0,0,0,1,1
3067200060,2018050901219002,2023100300061001,0,0,0,0,1,1
3067230032,2017011100588001,2025111100127001,0,0,0,0,1,1
3067230113,2019122400009001,2024013100448001,0,0,0,0,1,1
3067280026,2016051900995001,2025010600267001,0,0,0,0,1,1
3067420080,2018050700475002,2024053000825001,0,0,0,0,1,1
3067450014,2017062600735001,2021092800870001,0,0,0,0,1,1
3067450022,2017010300427002,2022102800015001,0,0,0,0,1,1
3067450040,2017080300090001,2025092500069001,0,0,0,0,1,1
3067530026,2016060100111001,2021122700331001,0,0,0,0,1,1
3067550025,2018042500354001,2021090301478001,0,1,0,1,1,1
3067550060,2016072900221002,2020021700242001,0,0,0,0,1,1
3067600049,2017062800027003,2025111200120001,0,0,0,0,1,1
3067610024,2016022201484001,2021021001151001,0,0,0,0,1,1
3067610043,2016050600539005,2019052400678001,0,0,0,0,1,1
3067620018,2016090100289001,2022052100023001,0,0,0,0,1,1
3067680008,2018042400350001,2024050601013001,0,0,0,0,1,1
3067710048,2018072600566001,2022072100574001,0,0,0,0,1,1
3067770003,2016053100633001,2021120900120001,0,0,0,0,1,1
3067850072,2021091300042001,2024121800965002,0,0,0,0,1,1
3067870039,2020092300858001,2025081900733001,0,0,0,0,1,1
3067870041,2020092300949001,2024072300817001,0,0,0,0,1,1
3067900036,2016101400780001,2022030100510001,0,0,0,0,1,1
3067990030,2025040100185001,2025061300714002,0,0,0,0,1,1
3068040030,2021060100546002,2025070101108001,1,0,1,0,1,1
3068110090,2017071700073002,2022082900594001,0,0,0,0,1,1
3068150044,2017090200016001,2021010400414001,0,0,0,0,1,1
3068160058,2019092000758001,2023062200123001,0,0,0,0,1,1
3068270083,2017120500540001,2024072600494001,0,0,0,0,1,1
3068280080,2020021700181001,2025032100889001,0,0,0,0,1,1
3068340005,2016102701149001,2023082500422001,0,0,0,0,1,1
3068370021,2016012900226001,2024042400419001,0,0,0,0,1,1
3068430011,2017101100256001,2021120700624001,0,0,0,0,1,1
3068480051,2018070600288001,2025050500499001,0,0,0,0,1,1
3068690013,2018031000050001,2021121400278001,0,0,0,0,1,1
3068690060,2020031000174001,2024040400851001,0,0,0,0,1,1
3068780016,2018101500555001,2025020601054001,0,0,0,0,1,1
3068800043,2016123000514001,2021050701095001,0,0,0,0,1,1
3068800077,2021060701141001,2024071200151001,0,1,0,1,1,1
3068900040,2018012600873003,2022021600603001,0,0,0,0,1,1
3068940038,2021050400492001,2025102701018002,0,0,0,0,1,1
3068940042,,2022041400150001,0,0,0,0,0,1
3068950010,2019032900848001,2026010900670003,0,0,0,0,1,1
3068980005,2016092201029001,2021072001119001,0,0,0,0,1,1
3068980061,2018031200941001,2022021500552003,0,0,0,0,1,1
3069080017,2016112100376001,2024091300697002,0,1,0,0,1,1
3069100027,2016031500840001,2019102500700001,0,0,0,0,1,1
3069140044,2016030701447001,2025121800932001,0,0,0,0,1,1
3069160081,2020012100719001,2024011900196001,0,0,0,0,1,1
3069560032,2017042501146001,2024122300297001,0,0,0,0,1,1
3069580035,2017071800588001,2022090600299001,0,0,0,0,1,1
3069770027,2018081400229001,2022011801107001,0,0,0,0,1,1
3069770042,2017071900146003,2025120300249001,0,0,0,0,1,1
3070040085,2017090600743001,2023010400886002,0,0,0,0,1,1
3070050009,2016012900520001,2019062801072001,0,0,0,0,1,1
3070080040,2020021200154001,2024021500325001,1,0,1,0,1,1
3070100035,2017072400554001,2021121000841001,0,0,0,0,1,1
3070120034,2016103100916001,2020032600532001,0,0,0,0,1,1
3070140147,2017071600037001,2023030700089001,0,0,0,0,1,1
3070240007,2016072800671001,2019081500186001,0,0,0,0,1,1
3070370092,2022042701401001,2025050700364001,0,0,0,0,1,1
3070430004,2018011201323002,2022051100870001,0,0,0,0,1,1
3070750009,2018081400921002,2024082200820001,0,0,0,0,1,1
3070800105,2019041000450001,2022041400963001,0,0,0,0,1,1
3070810082,2019062002297001,2022072001124001,0,0,0,0,1,1
3070850003,2022052700199003,2025120100134001,0,0,0,0,1,1
3070860007,2019112600663001,2024071800402003,0,0,0,0,1,1
3070860090,2016061702095002,2022022500500001,0,0,0,0,1,1
3070880040,2016091200269001,2022071101186001,0,0,0,0,1,1
3071030065,2019120400340001,2025022000880001,0,0,0,0,1,1
3071040169,2017083100121001,2022011801098001,0,0,0,0,1,1
3071040338,2018061100715001,2021120101374001,1,0,1,0,1,1
3071040452,2016061500036001,2024010400383002,0,0,0,0,1,1
3071070068,2016011401077001,2020081801059001,0,0,0,0,1,1
3071080026,2021092700201001,2025061700308001,0,0,0,0,1,1
3071190050,2017061301138001,2024011700687001,1,0,0,0,1,1
3071300076,2019120201039003,2025111701023001,0,0,0,0,1,1
3071430022,2016051100737001,2021040501118001,0,0,0,0,1,1
3071430034,2016110600087001,2022051701510001,0,0,0,0,1,1
3071430035,2017040700174001,2025060900659001,0,0,0,0,1,1
3071440020,2019040400060001,2022121100020002,0,0,0,0,1,1
3071450043,2022021800914001,2025102400175001,0,0,0,0,1,1
3071460024,2021123100098001,2025040400574001,0,0,0,0,1,1
3071480060,2020041300659001,2024110800361001,0,0,0,0,1,1
3071490003,2017092700297001,2021042601400001,0,0,0,0,1,1
3071520064,2017090600699001,2020120200985001,0,0,0,0,1,1
3071520078,2016011200118001,2025040400647001,0,0,0,0,1,1
3071540034,2018121500216001,2023092200013001,0,0,0,0,1,1
3071550073,2019081600276001,2022091900235001,0,0,0,0,1,1
3071560063,2016020901488001,2024060300583001,0,0,0,0,1,1
3071560080,2018042400916001,2021122900633001,0,0,0,0,1,1
3071600071,2018040600848001,2024011800425001,0,0,0,0,1,1
3071740084,2017010900821003,2021080400935001,0,0,0,0,1,1
3071750064,2020072100651001,2023101100313001,0,0,0,0,1,1
3071750067,2018032000349001,2021122300236001,0,0,0,0,1,1
3071760042,2020090400784001,2024122601023001,0,0,0,0,1,1
3071770024,2019041700002001,2023011700129002,0,0,0,0,1,1
3071770051,2018022600596003,2022020200621001,0,0,0,0,1,1
3071780069,2019042200684001,2022082600169001,0,0,0,0,1,1
3071840106,2017082500452001,2024031500539001,0,0,0,0,1,1
3071970017,2017111000252002,2024120700022001,0,0,0,0,1,1
3071970061,2022120500811001,2025123100409001,0,0,0,0,1,1
3071990046,2018102300477001,2024030500997001,0,0,0,0,1,1
3072010026,2020121800223001,2024070200511001,0,1,0,1,1,1
3072010071,2017030900481001,2025112600096001,0,0,0,0,1,1
3072030019,2017040300417001,2021100600360001,0,0,0,0,1,1
3072040072,2016112300628001,2022050901062001,0,0,0,0,1,1
3072180003,2016012601492001,2021031800636004,0,0,0,0,1,1
3072180049,2016041301273001,2019122400099001,0,0,0,0,1,1
3072230001,2017061500609001,2025101500601001,0,0,0,0,1,1
3072420008,2018062400026001,2022032900083001,0,0,0,0,1,1
3072420042,2019102200489001,2024070800960001,0,0,0,0,1,1
3072420103,2019041900053001,2022060800855001,0,0,0,0,1,1
3072450040,2021070601019001,2024082900584001,0,0,0,0,1,1
3072620050,2016091901177003,2021111000913001,0,0,0,0,1,1
3072920077,2018030200235001,2021060700989001,0,0,0,0,1,1
3072950058,2016031400366001,2020032400502001,0,0,0,0,1,1
3072970075,2017031600348001,2023011100204001,0,0,0,0,1,1
3072980074,2016022401428001,2020080700594001,0,0,0,0,1,1
3073030035,2018051100928001,2022011800958002,0,0,0,0,1,1
3073030073,2021032200591001,2024080400064001,0,0,0,0,1,1
3073120004,2019050900334001,2025062800063001,1,0,1,0,1,1
3073130040,2018012200860001,2024080700516001,0,0,0,0,1,1
3073190004,2018051000581001,2023110600605001,0,0,0,0,1,1
3073200068,,2023081400659001,0,0,0,0,0,1
3073200079,2017010301254001,2020040300770002,0,0,0,0,1,1
3073230042,2017020200091001,2024090901064001,0,0,0,0,1,1
3073240051,2016010700256001,2024080600332001,0,0,0,0,1,1
3073270013,2016071900414001,2021052000482001,0,0,0,0,1,1
3073360072,2018082700684001,2023092900332001,0,0,0,0,1,1
3073520051,2016062301139001,2022041100668001,0,0,0,0,1,1
3073520064,2018052000004001,2022062100773001,0,0,0,0,1,1
3073570055,2017091901458003,2020092400585001,0,0,0,0,1,1
3073580014,2017062300499001,2024070900724001,0,0,0,0,1,1
3073660026,2018110900580001,2025042400973002,0,0,0,0,1,1
3073670063,2019070900424001,2025012100568001,0,0,0,0,1,1
3073710027,2020103100050001,2024100700323001,0,1,0,1,1,1
3073720065,2019012400369001,2025102100890001,0,0,0,0,1,1
3073730012,2016090100861001,2025123100063001,0,1,0,1,1,1
3073750037,2018022800925001,2023012500745001,1,0,0,0,1,1
3073750061,2021101801633001,2025061300423001,0,0,0,0,1,1
3073780012,2016092601348001,2022082600306001,0,0,0,0,1,1
3073790005,2017031300223001,2024071200939001,0,0,0,0,1,1
3073790059,2018052400453001,2022061000493001,0,0,0,0,1,1
3073810154,2022071900661001,2025111700450001,0,0,0,0,1,1
3073830012,2017041701047001,2025110301084001,0,0,0,0,1,1
3073830032,2016121201689001,2025100700195001,0,0,0,0,1,1
3073840039,2017120400076001,2021121701060001,0,0,0,0,1,1
3073840071,2016090200811001,2019091900977002,0,0,0,0,1,1
3073850018,2016062300496001,2019101000556001,0,0,0,0,1,1
3073850040,2017122000957001,2022032100839001,0,0,0,0,1,1
3073940007,2018041900044001,2022071900146001,0,0,0,0,1,1
3073970023,2017030901056001,2024112200576001,0,0,0,0,1,1
3073990019,2018101801196001,2024112600186001,0,0,0,0,1,1
3074010027,2016111401101001,2022090600606001,0,0,0,0,1,1
3074050452,2016052400905001,2022051800568001,1,1,1,1,1,1
3074050666,2019020700234001,2022110100468001,0,0,0,0,1,1
3074050754,2017080701367002,2023042100195003,0,0,0,0,1,1
3074100076,2020042300561001,2024121000078003,0,0,0,0,1,1
3074100104,2020031800505002,2024122700292001,0,0,0,0,1,1
3074150041,2017050400979001,2020090100955001,0,0,0,0,1,1
3074220112,2017101601150002,2022090700139003,0,0,0,0,1,1
3074220368,2017042500957001,2023032400385001,0,0,0,0,1,1
3074280009,2019021300914001,2025060400461001,0,0,0,0,1,1
3074290064,2017021300513001,2022100400836001,1,0,1,0,1,1
3074330069,2017032201081001,2022051800842001,0,0,0,0,1,1
3074410507,2021071901195001,2024110600356001,0,0,0,0,1,1
3074440032,2016102400457001,2024121600822001,0,0,0,0,1,1
3074580034,2017120600679001,2022050900230001,0,0,0,0,1,1
3074680030,2016011300599001,2025111500007001,0,0,0,0,1,1
3074700047,2018100100829001,2021101801617001,0,0,0,0,1,1
3075570027,2016061402582001,2022031601020001,0,0,0,0,1,1
3075610069,2018020500422004,2025052000399002,0,0,0,0,1,1
3075680001,2018101501004001,2023032900237001,0,0,0,0,1,1
3075680084,2018101500980001,2023032900146001,0,0,0,0,1,1
3075710071,2020070200413002,2023101600049001,0,0,0,0,1,1
3075730006,2019070800033001,2024070300842001,0,0,0,0,1,1
3075750002,2018082700813001,2022032500985001,0,0,0,0,1,1
3075820068,2017030700584001,2022051700340001,0,0,0,0,1,1
3075870049,2019072500025001,2024041700243001,0,0,0,0,1,1
3075870068,2016030100079003,2025012900657001,0,0,0,0,1,1
3075870074,2016110100465001,2023061600086001,0,0,0,0,1,1
3075880013,2016063001109001,2021072301182001,0,0,0,0,1,1
3075900008,2018051700961001,2025062600766001,0,0,0,0,1,1
3075900046,2016092400069001,2022032200864003,0,0,0,0,1,1
3075940080,2018102400891001,2022020300738001,0,0,0,0,1,1
3075950010,2017041000640001,2021101301043001,0,0,0,0,1,1
3075950044,2016021602221001,2024031800665001,0,0,0,0,1,1
3075960026,2018011600446001,2021120700432001,0,0,0,0,1,1
3075960026,2021120700432001,2025120100831001,0,0,0,0,1,1
3075980039,2016032400139001,2024062800282001,0,0,0,0,1,1
3076000061,2019011400213001,2022050300757001,0,0,0,0,1,1
3076040019,2018012400788001,2025010300039001,0,0,0,0,1,1
3076050008,2016033100517001,2019072400240001,0,0,0,0,1,1
3076050008,2019072400240001,2025052000772001,0,0,0,0,1,1
3076070075,2019011700825001,2022012500828002,0,0,0,0,1,1
3076080025,2019081501407001,2024040100279001,0,0,0,0,1,1
3076130007,2021030300199001,2024073100198001,0,0,0,0,1,1
3076130036,2016032100586001,2022041300778001,0,0,0,0,1,1
3076140008,2016010700624001,2021070500068001,0,0,0,0,1,1
3076160021,2016100501300001,2020022600983001,0,0,0,0,1,1
3076160021,2020022600983001,2024011700716001,0,0,0,0,1,1
3076160062,2020012000185002,2023100500898003,0,0,0,0,1,1
3076160065,2020090900767001,2025040400811001,0,0,0,0,1,1
3076210072,2017081500727001,,0,0,0,0,1,0
3076220026,2018083000899001,2022081600749001,0,0,0,0,1,1
3076240073,2017122000009001,2024011000534001,0,0,0,0,1,1
3076270053,2016091900636001,2021042900378001,1,0,1,0,1,1
3076300080,2017083100468001,2023051800577001,0,0,0,0,1,1
3076320002,2016091501326001,2022011700355001,0,0,0,0,1,1
3076330043,2019021700001001,2023041200250001,0,0,0,0,1,1
3076340028,2017062000048001,2022071100460001,0,0,0,0,1,1
3076350070,2016032900387001,2024060600495001,0,0,0,0,1,1
3076390039,2019091400067001,2024022000512001,0,0,0,0,1,1
3076410070,2018121900325001,2022080300985001,0,0,0,0,1,1
3076410074,2017061401224001,2025082500939001,0,0,0,0,1,1
3076460036,2016121201085001,2022011700309001,0,0,0,0,1,1
3076460069,2021122101150001,2025052200564001,0,0,0,0,1,1
3076480058,2018070300250001,2021102601590003,0,0,0,0,1,1
3076500035,2017081500139001,2021102800594001,0,0,0,0,1,1
3076500048,2016122801345001,2021120101116001,0,0,0,0,1,1
3076500073,2018020801292002,2023120100352001,0,0,0,0,1,1
3076520031,2018102900174001,2025110301108001,0,0,0,0,1,1
3076520053,,2023062700351001,0,0,0,0,0,1
3076550063,2016030100944001,2022030200668001,0,0,0,0,1,1
3076560008,2021090201355001,2025050700863001,0,0,0,0,1,1
3076610031,2020072201017001,2025070700288001,0,0,0,0,1,1
3076610034,2020121501382001,2025062000611002,1,0,1,0,1,1
3076700062,2019091100561001,2024090300383001,0,0,0,0,1,1
3076710045,2016011500551002,2023110601363001,0,0,0,0,1,1
3076720002,2017030200251001,2022070800420001,0,0,0,0,1,1
3076730015,2017092901002001,2021051200892001,0,0,0,0,1,1
3076750103,2021050400181001,2025102100426001,0,0,0,0,1,1
3076780030,2016061701941001,2024091100552001,0,0,0,0,1,1
3076790059,2018011800166002,2025091800831001,0,0,0,0,1,1
3076880081,2018082400167001,2024070800578001,0,0,0,0,1,1
3076890038,2017012401183001,2025022500824001,0,0,0,0,1,1
3076940003,2017091100476001,2025072700002001,0,0,0,0,1,1
3076950001,2017082300390001,2020121501156001,0,0,0,0,1,1
3076960041,2021030700002001,2024061100433001,0,0,0,0,1,1
3076960047,2016042700101001,2021111800543003,0,0,0,0,1,1
3076960081,2016092900950001,2025081300602001,0,0,0,0,1,1
3076970034,2018031401192001,2025112600277001,0,0,0,0,1,1
3076970035,2016020100426001,2021052500686001,0,0,0,0,1,1
3077030052,2018122800200002,2025090500989001,0,0,0,0,1,1
3077040064,2017080400712001,2021040200695004,1,0,1,0,1,1
3077060031,2018032100700001,2025071400726001,0,0,0,0,1,1
3077070029,2016102700464001,2023060100270001,0,0,0,0,1,1
3077070057,2019012100201001,2025110300988001,0,0,0,0,1,1
3077080025,2017051600172001,2021081000714001,0,0,0,0,1,1
3077080056,2018042400900001,2024110400860001,0,0,0,0,1,1
3077080062,2020120400804001,2024120400666001,0,0,0,0,1,1
3077090019,2019052300350001,2022071901020001,0,0,0,0,1,1
3077090019,2022071901020001,2025093001008001,0,0,0,0,1,1
3077090044,2017092900395002,2021022301067001,0,0,0,0,1,1
3077150020,2017072500502001,2021072800250001,0,0,0,0,1,1
3077180017,2016100700140001,2020010600642001,0,0,0,0,1,1
3077180057,2017062800199001,2021022300192002,0,0,0,0,1,1
3077190002,2018021400481002,2023112800488001,0,0,0,0,1,1
3077190013,2017052301445002,2022062700420001,0,0,0,0,1,1
3077190038,2016092000533001,2021071600477001,0,0,0,0,1,1
3077200030,2022031701128001,2025121100827001,0,0,0,0,1,1
3077200031,2018030700325001,2025020400341001,0,0,0,0,1,1
3077200047,2018083100162001,2021112401403001,0,0,0,0,1,1
3077200070,2017101800898001,2023102500901001,0,0,0,0,1,1
3077220020,2018051700504001,2021111501156001,0,0,0,0,1,1
3077240049,2019090700016001,2023051700452001,0,0,0,0,1,1
3077320026,2017121200089001,2021011901597001,0,0,0,0,1,1
3077350065,2016031600474001,2023062500033001,0,0,0,0,1,1
3077350074,2016100600199001,2019103000369001,0,0,0,0,1,1
3077430018,,2023111500794001,0,0,0,0,0,1
3077430023,2017102601623003,2025092200739001,0,0,0,0,1,1
3077430025,2017061600191003,2022042800962001,0,0,0,0,1,1
3077460059,2016091400679001,,0,0,0,0,1,0
3077470022,2018013000595001,2022060601320001,0,0,0,0,1,1
3077470073,2017042000458001,2022081200994002,0,0,0,0,1,1
3077490012,2016103100209001,2025100100506001,0,0,0,0,1,1
3077510008,2016052501231002,2023090800691001,0,0,0,0,1,1
3077560015,2016101301625001,2022031600150001,0,0,0,0,1,1
3077560042,,2022090800509001,0,0,0,0,0,1
3077670027,2016042200665003,2022010300308003,0,0,0,0,1,1
3077770020,2019121601191001,2024052100091001,0,0,0,0,1,1
3077880059,2017110600520001,2021051200479001,0,0,0,0,1,1
3077890023,2020081700657001,2024032500336001,0,0,0,0,1,1
3077920001,2018080700622002,2022051600841001,0,0,0,0,1,1
3077930063,2017112700896001,2021092300131001,0,0,0,0,1,1
3077940054,2019011500625001,2024062200027001,1,0,1,0,1,1
3077960004,2016062002514001,2022012600918001,0,0,0,0,1,1
3077960055,2016081600356002,2023051500789001,0,0,0,0,1,1
3077960058,2016022900266001,2023032300626001,0,0,0,0,1,1
3078010010,2018020900484001,2022021501269001,0,0,0,0,1,1
3078030013,2017032900909003,2024050600491001,0,0,0,0,1,1
3078080043,2018082700879001,2022020300491001,0,0,0,0,1,1
3078090023,2017060100746001,2024102200246001,0,0,0,0,1,1
3078110018,2018121000476001,2024042300739001,0,0,0,0,1,1
3078170133,2017112201371001,2022051600376001,0,0,0,0,1,1
3078220071,2017091400098001,2024052300526002,0,0,0,0,1,1
3078260034,2017102301040001,2021090300819001,0,0,0,0,1,1
3078300050,2016011400331001,2025120200273001,0,0,0,0,1,1
3078310053,2018112601263001,2024041501253001,0,0,0,0,1,1
3078320145,,2024121800267001,0,0,0,0,0,1
3078400006,2017012401328001,2021052501329001,0,0,0,0,1,1
3078500032,2017071400883001,2024061000795001,0,0,0,0,1,1
3078510061,2017092900690001,2025120900534001,0,0,0,0,1,1
3078520002,2016040700949001,2022090900676001,0,0,0,0,1,1
3078570015,2018022101024001,,0,0,0,0,1,0
3078590033,2017042600615001,2022071501222001,0,0,0,0,1,1
3078620034,2021022201017001,2024051700678001,0,0,0,0,1,1
3078620068,2016080201293001,2025091100784001,0,0,0,0,1,1
3078630023,2016083001198001,2024012301020001,0,0,0,0,1,1
3078630025,2016090100787001,2022061401050001,0,0,0,0,1,1
3078630070,2016041901082001,2025070100133001,0,0,0,0,1,1
3078640005,2017103001525001,2022112800131001,0,0,0,0,1,1
3078640019,2018080900659002,2025090300428001,0,0,0,0,1,1
3078710076,2016120200648001,2021061001321001,0,0,0,0,1,1
3078720066,2022110700424001,2025123001302001,0,0,0,0,1,1
3078720079,2017080401290001,2021062801523001,0,0,0,0,1,1
3078730014,2018060101104001,2022061600848001,0,0,0,0,1,1
3078790012,2019120600576001,2023090800405001,0,0,0,0,1,1
3078810027,2016081801054001,2020051100638001,0,0,0,0,1,1
3078860026,,2023050201119001,0,0,0,0,0,1
3078860056,2018122100607001,2024061800733001,0,0,0,0,1,1
3078920048,2017090300010001,2022082501140001,0,0,0,0,1,1
3078950024,2019042900422001,2024010500467001,0,0,0,0,1,1
3078950056,2019041000290001,2024040900424001,0,0,0,0,1,1
3078980034,2021061401486001,2025120400910001,0,0,0,0,1,1
3078980074,2017102000003002,2024110600916002,1,0,1,0,1,1
3079030029,2019102201178001,2024010400834001,0,0,0,0,1,1
3079040064,2017122600348001,2022050300894001,0,1,0,1,1,1
3079080058,2019051400625001,2022082900844001,0,0,0,0,1,1
3079080078,2019020700518002,2025052000591001,0,0,0,0,1,1
3079110022,2020020300876001,2024090500758001,0,0,0,0,1,1
3079130029,2019061901232001,2023052200772001,0,0,0,0,1,1
3079280019,2016081100947001,2023053000881001,0,0,0,0,1,1
3079580060,2017052600149001,2021123100176001,0,0,0,0,1,1
3079590077,2017071901244001,2023072600602001,0,0,0,0,1,1
3079680111,2019070100542001,2023042700593001,0,0,0,0,1,1
3079750028,2017091500113001,2024111201356001,0,1,0,1,1,1
3079820185,2016112500407001,2020073100255002,0,0,0,0,1,1
3079850035,2018091000435001,2023021500646001,0,0,0,0,1,1
3079850061,2016032801192001,2022050300744001,0,0,0,0,1,1
3079900016,2019061000617001,2023031700515001,0,0,0,0,1,1
3079900048,2017120801056002,2025052900792001,0,0,0,0,1,1
3079920002,2016062900090001,2024060700883001,0,0,0,0,1,1
3079920055,2019052901087001,2022082500676001,0,0,0,0,1,1
3080050041,2020042400269001,2024040400519001,0,0,0,0,1,1
3080160070,2016031500606001,2023071400386001,0,1,0,1,1,1
3080260042,2017100400685001,2022022300339001,1,1,1,1,1,1
3080260047,2017011301177001,2020062600120001,0,0,0,0,1,1
3080330014,2017091400191001,2022020300294001,0,0,0,0,1,1
3080350045,2018110400022002,2021111100355001,0,0,0,0,1,1
3080370172,,2023020500045001,0,0,0,0,0,1
3080470002,2018100300381001,2023072000261001,0,0,0,0,1,1
3080470066,,2023072800591001,0,0,0,0,0,1
3080520024,2017100301396001,2024031800658001,0,0,0,0,1,1
3080520047,,,0,0,0,0,0,0
3080610028,2016081200390001,2021051301335001,0,0,0,0,1,1
3080640068,2017011901173001,2023101800832001,0,0,0,0,1,1
3080650050,2017081000616001,2022100600142001,0,0,0,0,1,1
3080660018,2016120700485001,2024020900236001,1,0,1,0,1,1
3080680021,2018012300828001,2025021900056001,0,0,0,0,1,1
3080680034,2021082400532001,2025060400487001,0,0,0,0,1,1
3080750030,2017070600202001,2021112900909001,0,0,0,0,1,1
3080750031,2022051801056001,2025081300165001,0,0,0,0,1,1
3080750057,2019092400490001,2026010900299001,0,0,0,0,1,1
3080760067,2017033100007001,2020092500655001,0,0,0,0,1,1
3080820025,2022062100779001,2025121800663001,0,0,0,0,1,1
3080820062,2019011500738001,2022032801151002,0,0,0,0,1,1
3080830065,2019100300015002,2022110901167001,0,0,0,0,1,1
3080850065,2017030100440001,2022122700879001,0,0,0,0,1,1
3080860069,2019042400115001,2023101100733001,0,0,0,0,1,1
3081150022,2016111600777001,2024010200162001,0,0,0,0,1,1
3081430011,2022060600821001,2025072900232001,0,0,0,0,1,1
3081430018,2017050100997001,2022062901109001,0,0,0,0,1,1
3081440047,2017031300954001,2021073000324001,0,0,0,0,1,1
3081460001,2017091100073001,2021070701060001,0,0,0,0,1,1
3081480007,2017082500555002,2024111000022001,0,0,0,0,1,1
3081610007,2016041300380001,2020042300705001,0,1,0,1,1,1
3081610032,2018121000257002,2024090300648001,0,0,0,0,1,1
3081620020,2019111300269001,2023101100004001,0,0,0,0,1,1
3081670034,2017050100790001,2021031701050001,0,0,0,0,1,1
3081710038,,2025081200405001,0,0,0,0,0,1
3081730057,2020073000195001,2024081200421001,0,0,0,0,1,1
3081810047,2019100200573001,2023090500593001,0,0,0,0,1,1
3081830063,2018071201114001,2024040900079001,0,0,0,0,1,1
3081850043,2017060800077001,2025121100475002,0,0,0,0,1,1
3081860003,2018082400601001,2025052800350001,0,0,0,0,1,1
3081980043,2016070600170002,2020103000600001,0,0,0,0,1,1
3081990003,2019082701204001,2024080200452001,0,0,0,0,1,1
3082020046,2017071800232001,2025111300510001,0,0,0,0,1,1
3082030070,2017051700223001,2021040501307001,0,0,0,0,1,1
3082040066,2016011800045001,2025082800507001,0,0,0,0,1,1
3082090047,2019123100778001,2025102400352001,0,0,0,0,1,1
3082090061,2020022400576001,2023022100280001,0,0,0,0,1,1
3082100046,2018082400596001,2022072700791001,0,0,0,0,1,1
3082140028,2022052500750001,2025102000390001,0,0,0,0,1,1
3082170042,2019040901003001,2023041100130001,0,0,0,0,1,1
3082210071,2016051300916001,2023081400060001,0,0,0,0,1,1
3082260007,2018082700131001,2025051901053001,0,0,0,0,1,1
3082290046,2016083001060001,2022052500646001,0,0,0,0,1,1
3082370049,2019021401027001,2024090900891001,0,1,0,1,1,1
3082370067,2018081400125001,2022081800507001,0,0,0,0,1,1
3082380071,,2026011900170001,0,1,0,1,0,1
3082390057,2021083000259001,2025101700681001,0,0,0,0,1,1
3082410041,2019020500740001,2023051600851001,0,0,0,0,1,1
3082420004,2017121500475001,2021041700004001,0,1,0,1,1,1
3082420046,2016122901459001,2021122200790001,0,0,0,0,1,1
3082420047,2016032100445001,2023020801227001,0,0,0,0,1,1
3082430070,2017112100997001,2021030301251002,0,0,0,0,1,1
3082440007,2017061300785001,2021060800601001,0,0,0,0,1,1
3082450011,2016082401537001,2022061600413001,0,0,0,0,1,1
3082480038,2016021202037002,2023100400252001,0,1,0,1,1,1
3082480039,2018071000401001,2024100800899001,0,0,0,0,1,1
3082500050,2018092800783001,2024101100806001,0,0,0,0,1,1
3082570014,2018111500982001,2026010200117001,0,0,0,0,1,1
3082580049,2018021600987001,2022081600254001,0,0,0,0,1,1
3082680040,2021051000746001,2025043000341002,0,0,0,0,1,1
3082740028,2018110600395001,2022122300175001,0,0,0,0,1,1
3082830046,2022040500459001,2025110400610001,0,0,0,0,1,1
3082980074,2018052400842001,2023012000426001,0,0,0,0,1,1
3083000040,2016102300034001,2022112500192001,0,0,0,0,1,1
3083020065,2016101700786002,2023091901145001,1,0,1,0,1,1
3083040037,2018042600525001,2024121701005001,1,0,1,0,1,1
3083270038,2019031500144001,2025080700416002,1,0,1,0,1,1
3083530025,2018032600550002,2025071700237002,0,0,0,0,1,1
3083530033,2017122900542001,2021061400789001,0,0,0,0,1,1
3083550029,2019031800190001,2024040300168001,0,0,0,0,1,1
3083570048,2019110100606001,2022110700623001,0,0,0,0,1,1
3083600007,2017062400078001,2022083100127001,0,0,0,0,1,1
3083640063,2018050700702001,2023110300691001,0,0,0,0,1,1
3083650025,2016121300555002,2024060400309001,0,0,0,0,1,1
3083650063,2018060800395001,2025112400747001,0,0,0,0,1,1
3083660115,2018062000890001,2022082400166001,1,0,1,0,1,1
3083660196,2018072300974002,2021092200680002,0,0,0,0,1,1
3083660197,2016071101566001,2022090801164001,0,0,0,0,1,1
3083730032,2020020401459001,2025021200291001,0,0,0,0,1,1
3083810037,2016011901229001,2023103100349001,0,0,0,0,1,1
3083840080,2019071100360001,2023082900101001,0,0,0,0,1,1
3083860065,2019061900961001,2025091200667001,0,0,0,0,1,1
3083900027,2016070100128003,2025112600340001,0,0,0,0,1,1
3083910007,2016040800980001,2022121900709001,0,0,0,0,1,1
3083930057,2020082500962001,2024122300248001,0,0,0,0,1,1
3084080039,2017111700510002,2022031800460001,0,0,0,0,1,1
3084080096,2021030200664001,2025033100225001,0,0,0,0,1,1
3084090031,2016091900947001,2022041100136001,0,0,0,0,1,1
3084090110,2017082800897001,2022072701207001,0,0,0,0,1,1
3084100027,2016042600625001,2020091800490001,0,0,0,0,1,1
3084110031,2016052401194001,2021111601230001,0,0,0,0,1,1
3084110061,2018052400565001,2021082500292001,0,0,0,0,1,1
3084120046,2017102301009001,2020102900715001,0,0,0,0,1,1
3084120051,2016032100067001,2021091700289001,0,0,0,0,1,1
3084140040,2016113000633002,2021082400791001,0,0,0,0,1,1
3084160047,2018082300108001,2021121500482001,0,0,0,0,1,1
3084340062,2019121100003001,2025092600629001,0,0,0,0,1,1
3084440067,2017062701516001,2021100801175001,0,0,0,0,1,1
3084470062,2017011901096001,2021021800701001,0,0,0,0,1,1
3084480063,2021101901204001,2025012100498001,0,1,0,1,1,1
3084480119,2017022200754002,2025010300889001,0,0,0,0,1,1
3084490068,2019081200770001,2023053000689001,0,0,0,0,1,1
3084560026,2019121700943001,2024062400210001,0,0,0,0,1,1
3084570016,2019020800168001,2024070900700001,0,0,0,0,1,1
3084570027,2018112700682001,2025052801091001,0,0,0,0,1,1
3084590010,2016080100128001,2021090801441001,0,0,0,0,1,1
3084600009,,2019082800357001,0,0,0,0,0,1
3084650006,2016030800940001,2019031500659001,0,0,0,0,1,1
3084650012,2016080800253001,2021062400396001,0,0,0,0,1,1
3084702004,2020082700357001,2025091800704001,0,0,0,0,1,1
3084750042,2021030800546001,2025081900358001,0,0,0,0,1,1
3084750070,2016093000279001,2021061800565001,0,0,0,0,1,1
3084760065,2017091400468001,2023091900355001,0,0,0,0,1,1
3084770041,2018020200366001,2023101900731001,0,0,0,0,1,1
3084780002,2016092300900003,2021050300816002,0,0,0,0,1,1
3084780005,2016050300124001,,0,0,0,0,1,0
3084780007,2017070200015001,2022060901213001,0,0,0,0,1,1
3084800051,2016101800789001,2020121600656001,0,0,0,0,1,1
3084820015,2018052401085001,2021061600210001,0,0,0,0,1,1
3084840055,2020012800562001,2025111200515001,0,0,0,0,1,1
3084900054,2017070700607003,2022021900094001,0,0,0,0,1,1
3084910025,2017081401009001,2021110301085001,0,0,0,0,1,1
3084910063,2017101700686001,2022042800509001,0,0,0,0,1,1
3084920022,2016120101324001,2022101900288001,0,0,0,0,1,1
3085000075,2017010600506001,2024071600449001,0,0,0,0,1,1
3085020045,2016072000915001,2026012100071001,0,0,0,0,1,1
3085030015,2017092000268001,2024071200974001,0,0,0,0,1,1
3085030033,2017081500771001,2025091100905001,0,0,0,0,1,1
3085050056,2016081500510001,2023012500004001,0,0,0,0,1,1
3085060030,2016081700734001,2023091100281001,0,0,0,0,1,1
3085060034,2021101900541001,2025061700557001,0,0,0,0,1,1
3085060055,2022011201019001,2025082800222002,0,0,0,0,1,1
3085190036,2016020201117001,2022071101014001,0,0,0,0,1,1
3085240025,2017062100438001,2021102101116001,0,0,0,0,1,1
3085250003,2016121501968001,2021052501060001,0,0,0,0,1,1
3085260062,2018101000958001,2023011900876001,0,0,0,0,1,1
3085270062,2018061200420001,2022081900972001,0,0,0,0,1,1
3085280017,2016121200247001,2024070200512001,0,0,0,0,1,1
3085290027,2017112100600001,2021122301403001,0,0,0,0,1,1
3085330036,2017092100522002,2021030501173001,0,0,0,0,1,1
3085330045,2016041501102001,2025063000667001,0,0,0,0,1,1
3085330079,2016020900825001,2020102700633001,0,0,0,0,1,1
3085340031,2016060200465001,2024102400775001,0,0,0,0,1,1
3085340062,2016022200883001,2020120400422001,0,0,0,0,1,1
3085350002,2020120400313001,2025031700123001,0,0,0,0,1,1
3085360050,2016082300793001,2021111501403001,0,0,0,0,1,1
3085380140,2018102200182001,2025011700668001,0,0,0,0,1,1
3085400012,2018030900320001,2021080201028001,1,0,1,0,1,1
3085400027,2018112100394001,2022040400355001,0,0,0,0,1,1
3085400062,2017112200481001,2024032000063001,0,0,0,0,1,1
3085450042,2018062000411001,2021082600130001,0,0,0,0,1,1
3085460030,2016041400497001,2024020600056001,0,0,0,0,1,1
3085550060,2016062300579001,2021021100531001,0,0,0,0,1,1
3085920063,2017012000645001,2021110101087001,0,0,0,0,1,1
3085920107,2016061302785001,2023033100233001,0,0,0,0,1,1
3085930013,2017071101005001,2023061900472001,0,0,0,0,1,1
3085930019,2016082501478001,2022010500609001,0,0,0,0,1,1
3085940003,2017091100262001,2024013000475001,0,0,0,0,1,1
3085940067,2017072800549001,2022053100015001,0,0,0,0,1,1
3085950007,2017050500859001,2022111400355002,0,0,0,0,1,1
3085950065,2017030601018001,2023123100003003,0,0,0,0,1,1
3085970025,2017081000856001,2021121400897001,0,0,0,0,1,1
3086000040,2016032800333002,2021050301006001,0,0,0,0,1,1
3086010021,2021041501328001,2025030300502001,0,0,0,0,1,1
3086040001,2019112100910001,2024020600929001,0,0,0,0,1,1
3086060048,2016062200601001,2022013100683001,0,0,0,0,1,1
3086070025,2019110100423001,2025091100987001,0,0,0,0,1,1
3086070055,2016051901356002,2021071301128001,0,0,0,0,1,1
3086120003,2016111401222001,2021072100695001,0,0,0,0,1,1
3086150027,2017041100561001,2023112000933001,0,0,0,0,1,1
3086150031,2020060801015001,2025103000876001,0,0,0,0,1,1
3086160016,2016121501913001,2026011200086003,0,0,0,0,1,1
3086190021,2016052400648001,2024031300487001,0,0,0,0,1,1
3086190025,2017021700038001,2022112300661001,0,0,0,0,1,1
3086200003,2017052201038001,2023051800053001,0,0,0,0,1,1
3086200039,2016100700003001,2020113000217001,0,0,0,0,1,1
3086270051,2017082900313001,2025121501180001,0,0,0,0,1,1
3086380030,2018053001106001,2024101600351001,0,0,0,0,1,1
3086410010,2017112200277001,2023091500889001,0,0,0,0,1,1
3086470001,2017050300928002,2021080401599001,0,0,0,0,1,1
3086470013,2017011001180001,2021012601440001,0,0,0,0,1,1
3086470026,2017121500352001,2024071200295002,0,0,0,0,1,1
3086470070,2016022400669001,2021102500759001,0,0,0,0,1,1
3086510033,2016072900243001,2021071300891001,0,0,0,0,1,1
3086520004,2018020500486001,2021041500417001,0,0,0,0,1,1
3086520013,2017120600349001,2024042200403001,0,0,0,0,1,1
3086540024,2018052500506001,2021121400683001,0,0,0,0,1,1
3086630322,2019010300504001,2025092800051001,0,0,0,0,1,1
3086640473,2016101600034001,2020012100672001,0,0,0,0,1,1
3086670760,2018032000990001,2022070500215001,0,0,0,0,1,1
3086710072,2016100300810004,2024022200055001,0,0,0,0,1,1
3086720058,2018071700173001,2024080600351001,0,0,0,0,1,1
3086720062,2016080300119001,2021072101240001,0,0,0,0,1,1
3086720065,2016111500393001,2021022300430001,0,0,0,0,1,1
3086730024,2019070801016001,2024020100177001,0,0,0,0,1,1
3087070043,2016062801184001,2022120900630001,0,0,0,0,1,1
3087130028,2017080800636001,2022060101318001,0,0,0,0,1,1
3087130043,2016060600974001,2025040800497001,0,0,0,0,1,1
3087130075,2016082300835001,,0,0,0,0,1,0
3087270038,2016112901610001,2022090800389001,0,0,0,0,1,1
3087290071,2018042600766001,2024080600251001,0,0,0,0,1,1
3087320014,,2025052000487001,0,0,0,0,0,1
3087360015,2018083100219003,2022051900921001,0,0,0,0,1,1
3087430013,2017010300298001,2021102701044001,1,0,1,0,1,1
3087430038,2021100500525001,2025080100643001,0,0,0,0,1,1
3087460121,2016012800101001,2021031200917001,0,0,0,0,1,1
3087500383,2016100700668001,2020012800393001,0,0,0,0,1,1
3087550089,2018082300975001,2022102800393001,0,0,0,0,1,1
3087560023,2016060100373002,2025121800539001,0,0,0,0,1,1
3087560025,2020072000857001,2025052801071001,0,0,0,0,1,1
3087570042,2017032300752001,2021081801671001,0,0,0,0,1,1
3087570046,2018070900593001,2026010500915001,0,0,0,0,1,1
3087760021,2017081500234001,2022081600249001,0,0,0,0,1,1
3087930052,2017112800179001,2022123000354001,0,0,0,0,1,1
3087960092,2018062501078001,2025101000672001,0,0,0,0,1,1
3087970058,2016111000658001,2021090101161001,0,0,0,0,1,1
3087990019,2016101000926003,2025061700612001,0,0,0,0,1,1
3088040103,2017040500391001,2020080301092001,0,1,0,1,1,1
3088160023,2017061900672001,2025102700340001,0,0,0,0,1,1
3088160026,2017022800430001,2025092500501001,0,0,0,0,1,1
3088160035,2018052400925001,2025042900622001,0,1,0,1,1,1
3088180026,2019022701149001,2022070800600001,0,0,0,0,1,1
3088180030,2019121700493001,2025111400508001,0,0,0,0,1,1
3088180032,2019090601047001,2023081000654001,0,0,0,0,1,1
3088260011,2020040700219002,2023101600283001,0,0,0,0,1,1
3088300010,2016012800637001,2022091501223001,0,0,0,0,1,1
3088300016,2017071200242001,2024011800475001,0,0,0,0,1,1
3088300084,2017110700855002,2022111100420001,0,0,0,0,1,1
3088300090,2020030600199001,2023101100535001,0,0,0,0,1,1
3088451962,2019111100575001,2023122000773001,0,0,0,0,1,1
3088452220,2016041200818001,2019120900999001,0,0,0,0,1,1
3088561506,2019082200487001,2023081600420001,0,0,0,0,1,1
3088561544,2016111601442001,2023060600971002,0,0,0,0,1,1
3088661240,2016072900990001,2021112201514001,0,0,0,0,1,1
3088762776,2018021600463001,2021082601410001,0,0,0,0,1,1
3088830961,2016121600499001,2023090600892001,0,0,0,0,1,1
3089000034,2016041900160001,2023012500719001,0,0,0,0,1,1
3089000044,2020062100010004,2024050800955001,0,0,0,0,1,1
3089001000,2019030100422001,2025072900311001,0,0,0,0,1,1
3089140012,2018071000366001,2025111500045001,0,0,0,0,1,1
3089140284,2016110800726001,2023102700253001,0,0,0,0,1,1
3089140582,2019080500121002,2025111200315001,0,0,0,0,1,1
3089460852,2018030700437001,2021061800901001,0,0,0,0,1,1
3089550094,2017020701237001,2023042400144001,0,0,0,0,1,1
4000460043,2016032400315001,2025101401210001,0,0,0,0,1,1
4000780021,2017021600856002,2023012400981003,0,0,0,0,1,1
4000850048,2019062700122001,2025041600983001,0,0,0,0,1,1
4001330042,2017050500659001,2021022300948003,0,1,0,1,1,1
4001360033,2018121301133001,2025110300328001,0,0,0,0,1,1
4001480140,2017072100177001,2024050600384001,1,0,1,0,1,1
4001550084,2016122201350001,2021092800355002,0,0,0,0,1,1
4001550084,2021092800355002,2025071600772003,0,0,0,0,1,1
4001800025,2020021200145001,2024092000564001,1,0,0,0,1,1
4001820072,2016092001012001,2020011300404001,0,0,0,0,1,1
4001860035,2016071400088001,2020031600975001,0,0,0,0,1,1
4002050009,2016100601144001,2022010300977001,0,0,0,0,1,1
4002270016,2016080500348001,2023103000601001,0,0,0,0,1,1
4002280013,2018020700228001,2024120600451001,0,0,0,0,1,1
4002310011,2019022700493001,2024120900866002,0,0,0,0,1,1
4003040009,2022022800914001,2025031100197001,0,0,0,0,1,1
4003450004,2018111600971001,2024071800242001,0,0,0,0,1,1
4003800006,2018041700537001,2022081500630001,0,1,0,1,1,1
4003830020,2018100400383001,2025063000270001,0,0,0,0,1,1
4003950004,2021072101170001,2024102800429001,0,0,0,0,1,1
4004750011,2017042200041001,2023022600043001,0,0,0,0,1,1
4005100046,2020033000247001,2023103001161001,0,0,0,0,1,1
4005170034,2019110800921001,2023061300850001,0,0,0,0,1,1
4005350031,2019112700994001,2025060600268001,0,0,0,0,1,1
4005820125,2017011001706001,2021021800237001,0,0,0,0,1,1
4006000024,2018051000625001,2022101300868001,0,0,0,0,1,1
4006000025,2018050800769001,2022101300663001,0,0,0,0,1,1
4006010015,2019121901102002,2023102000525001,0,0,0,0,1,1
4006210016,2018082900576002,2022091200683001,0,0,0,0,1,1
4006470064,2016041901087001,2019061400599001,0,0,0,0,1,1
4006550052,2021021100494001,2024061800718003,0,0,0,0,1,1
4006790054,2017012500480001,2021100600875001,0,0,0,0,1,1
4006820015,2019100100141001,2023120600787001,0,0,0,0,1,1
4007010149,2017091400984001,2024090600067001,1,0,1,0,1,1
4007160017,2019121900845001,2023010300692001,0,0,0,0,1,1
4007220025,2017060100614002,2021040200743002,0,0,0,0,1,1
4007220025,2021040200743002,2025050600172001,0,0,0,0,1,1
4007220029,2018020500948003,2022101400526002,0,0,0,0,1,1
4007270054,2020071700461001,2024090400480001,0,0,0,0,1,1
4007310003,2016081601357002,2023051600466001,0,0,0,0,1,1
4007580032,2018060401125002,2021110300986001,0,0,0,0,1,1
4007610001,2016041300684001,2025120100350001,0,0,0,0,1,1
4007690030,2020080601002001,2025020500973001,0,0,0,0,1,1
4007700060,2019022200648002,2022061600294002,0,0,0,0,1,1
4007710008,2020042000417001,2024071100866001,0,1,0,1,1,1
4007710060,2016092300091001,2022011400735002,0,0,0,0,1,1
4007830015,2017020700811001,2025022100690001,0,0,0,0,1,1
4007830059,2017120200055001,2024121801084001,0,0,0,0,1,1
4007860149,2019080700031002,2023082100401001,0,0,0,0,1,1
4007920074,2018120200035001,2022012800562001,0,0,0,0,1,1
4008080058,2019101100514001,2022102800541001,0,0,0,0,1,1
4008100016,2018111600986001,2023071400473001,0,0,0,0,1,1
4008210123,2016122200336001,2025080800632003,0,0,0,0,1,1
4008250055,2018072000879001,2024070800829001,0,0,0,0,1,1
4008340065,2018110600906001,2023041800089001,0,0,0,0,1,1
4008350050,2019022001049002,2024091600466001,0,0,0,0,1,1
4008370069,2018102601090001,2022052400653001,0,0,0,0,1,1
4008430017,2016021900432001,2020011400140002,0,0,0,0,1,1
4008450058,2020012901149001,2025072300465001,0,0,0,0,1,1
4008470061,2016072500909001,2019093001050001,1,0,1,0,1,1
4008480030,2017061901249001,2021111000604001,0,0,0,0,1,1
4008490024,2016050300449002,2021050401615003,0,0,0,0,1,1
4008540052,2019012501008001,2022060800421002,0,0,0,0,1,1
4008660047,2018022200663001,2021070100921001,0,0,0,0,1,1
4008660131,2017012301688002,2025071600782003,0,0,0,0,1,1
4008670004,,2024032700813001,0,0,0,0,0,1
4008670057,2016082501450001,2023102400498001,0,0,0,0,1,1
4008670102,2016111700800001,2023102700705001,0,0,0,0,1,1
4008720048,2017051500980001,2022070800795001,0,0,0,0,1,1
4008720056,2016050600877001,2023071700706001,0,0,0,0,1,1
4008790048,2016071301439001,2023091400684001,0,0,0,0,1,1
4008830037,2018123100425001,2022020300869001,0,0,0,0,1,1
4008870040,2020021900465001,2024081400813001,0,0,0,0,1,1
4008910130,2017022300780001,2021121200052001,0,0,0,0,1,1
4008960287,2016110700643001,2022092200304005,0,0,0,0,1,1
4008990101,2020072101058001,2025021400377001,0,0,0,0,1,1
4009430021,2019111800161001,2023042600203001,0,0,0,0,1,1
4009490041,2020090900487001,2023102900010001,0,0,0,0,1,1
4009680018,2017030301165002,2023072100279001,0,0,0,0,1,1
4009760061,2016072900981001,2019100200681001,0,0,0,0,1,1
4010410007,2017111401581001,2023051100680001,0,0,0,0,1,1
4010420057,2016112200920001,2021120200972001,0,0,0,0,1,1
4010490051,2018120800016001,2023110700663001,0,0,0,0,1,1
4010540024,2017071001008001,2024090600236001,0,0,0,0,1,1
4010540052,2021090101187001,2025051300031001,0,0,0,0,1,1
4010700003,2016100701133001,2023073000014001,0,0,0,0,1,1
4010890041,2017080901121001,2025032401006001,0,0,0,0,1,1
4010890059,2019020500795001,2025081900135001,0,0,0,0,1,1
4010900027,2018070300171001,2023072800283001,0,0,0,0,1,1
4010910070,2018122601052001,2022052601511002,0,1,0,0,1,1
4010920038,2020031001297001,2023120500162001,0,0,0,0,1,1
4010970004,2017081400830001,2023112000623001,0,0,0,0,1,1
4010970042,2020012000427001,2023082800833001,0,0,0,0,1,1
4010970046,2017091200110001,2024100500042001,0,0,0,0,1,1
4010980042,2019051000140001,2023083100818001,0,0,0,0,1,1
4011020006,2021040900868001,2024072500122001,0,0,0,0,1,1
4011020070,2016082401385001,2021102600464001,0,0,0,0,1,1
4011020080,2018111400675001,2023050400561003,0,0,0,0,1,1
4011030035,2018071700642001,2024100900292001,0,0,0,0,1,1
4011060013,2018073100803001,2022051701155001,0,0,0,0,1,1
4011060035,2021011901249001,2025021001230001,0,0,0,0,1,1
4011070034,2017051101210001,2023060700468001,0,0,0,0,1,1
4011080019,2016103101030001,2020110301131001,0,0,0,0,1,1
4011200017,2016050900695001,2024123100598001,0,0,0,0,1,1
4011220045,2019041800749002,2025022100763001,0,1,0,0,1,1
4011220053,2018042001026001,,0,0,0,0,1,0
4011260035,2018042001099001,2021102100555001,0,0,0,0,1,1
4011280049,2017092100630001,2025123000010001,0,0,0,0,1,1
4011300013,2019071800660001,2024032500646001,0,0,0,0,1,1
4011330019,2021072301194001,2025102701159001,0,0,0,0,1,1
4011340067,2017012401504001,2023083000336001,0,0,0,0,1,1
4011390027,2020101600982001,2025110400444001,0,0,0,0,1,1
4011400012,2017121300922001,2025080401004001,0,0,0,0,1,1
4011540098,2018072000800001,2023102400618001,0,0,0,0,1,1
4011550013,2017041200760001,2025073000025001,0,0,0,0,1,1
4011680071,2017050600038001,2021070100434001,0,0,0,0,1,1
4011700020,,2025122300637001,0,0,0,0,0,1
4011710026,2016090700360002,2022061701145001,0,0,0,0,1,1
4011730069,2017083100703001,2022011400566001,0,0,0,0,1,1
4011730070,2018032300291001,2024072500412001,0,0,0,0,1,1
4011830137,2017110901063001,2024010800232001,0,0,0,0,1,1
4012140029,2021051700580002,2025070200130001,0,0,0,0,1,1
4012170057,2017102000800003,2022112300215002,0,0,0,0,1,1
4012170060,2017102000800004,2022112300215003,0,0,0,0,1,1
4012170061,2017102000800002,2022112300215005,0,0,0,0,1,1
4012210006,2022032300292003,2025050600764001,0,0,0,0,1,1
4012400074,2019011700653001,2022062801114001,0,0,0,0,1,1
4012420019,2016110700678001,2023081600795001,0,0,0,0,1,1
4012450047,2019042300279001,2025071000305003,0,0,0,0,1,1
4012450054,2018041201092002,2023110200157002,0,0,0,0,1,1
4012610046,2019061100341001,2025021300585001,0,0,0,0,1,1
4012960055,2017061200104001,2024121101343001,1,0,0,0,1,1
4013010060,2019020400105001,2025021700015001,0,0,0,0,1,1
4013130020,2016111600276001,2021081600425002,0,0,0,0,1,1
4013250086,,2024021300231001,0,0,0,0,0,1
4013270005,2021110100632001,2024111400254001,0,0,0,0,1,1
4013270039,2021111800657001,2024111800369001,0,0,0,0,1,1
4013320120,2018121100924001,2025090400888001,0,0,0,0,1,1
4013330009,2017012500693001,2024022000289001,0,0,0,0,1,1
4013400061,2017121200101002,2021082700648001,0,0,0,0,1,1
4013470026,2019112201190003,2025120401011001,0,0,0,0,1,1
4013510040,2016042501225001,2019091300369001,0,0,0,0,1,1
4013550056,2018101901034001,2022120900863001,0,0,0,0,1,1
4013590001,2016100700211001,2020081700287001,0,0,0,0,1,1
4013600044,2016040500357002,2022102500884001,0,0,0,0,1,1
4013650069,2018091701205001,2021122700169001,0,0,0,0,1,1
4013660049,2018120300302002,2025020700830003,0,0,0,0,1,1
4013660057,2016120201020001,2021022200631001,0,0,0,0,1,1
4013690054,2019070400004001,2024011100493001,0,0,0,0,1,1
4013720077,2016022500069002,2019111801193001,0,0,0,0,1,1
4013740019,2018121400171003,2022033000856003,0,0,0,0,1,1
4013800009,2016020500455001,2025080800518001,0,0,0,0,1,1
4013840041,2016031700559001,2024011100267001,0,0,0,0,1,1
4013850027,2019040500431001,2025051401097002,0,0,0,0,1,1
4013880064,2021061500339001,2025062300584001,0,0,0,0,1,1
4013920053,2016072001072001,2019073101023001,1,0,1,0,1,1
4013930053,2017050400980001,2020112200058001,0,0,0,0,1,1
4013940031,2017052800065001,2025102800147001,0,0,0,0,1,1
4014050024,2016101000243001,2020111000148001,0,0,0,0,1,1
4014050024,2020111000148001,2023122600156001,0,0,0,0,1,1
4014060035,2016092000531001,2021040800671001,0,0,0,0,1,1
4014090056,2019121301072001,2025050100096001,0,0,0,0,1,1
4014110063,2016110701310001,2025021500023001,0,0,0,0,1,1
4014140050,2018120400433001,2025082000853001,0,0,0,0,1,1
4014150059,2017091900649001,2022042000938001,0,0,0,0,1,1
4014270003,2019100100815001,2022100700652001,0,0,0,0,1,1
4014470061,2021082701069001,,0,0,0,0,1,0
4014630016,2017100900107001,2022111700075001,1,1,1,0,1,1
4014660009,2021092200465001,2025122600420001,0,0,0,0,1,1
4014950025,2017010500120002,2023102000871001,0,0,0,0,1,1
4015130008,2017110900013001,2023121800640001,0,0,0,0,1,1
4015230044,2016112900548001,2021081101268001,0,0,0,0,1,1
4015240020,2020030900874001,2025070300862001,0,0,0,0,1,1
4015360041,2018121400758002,2024041100636001,0,0,0,0,1,1
4015530023,2018060800952001,2025071500387001,0,0,0,0,1,1
4015680061,2017072500537001,2023021400197001,0,0,0,0,1,1
4015690016,2018040300460001,2022112100957001,0,0,0,0,1,1
4015860036,2017010500392001,2024030100334001,0,0,0,0,1,1
4015880059,2020032600075001,2025110300985001,0,0,0,0,1,1
4015950035,2018091700066001,2024080900527001,0,0,0,0,1,1
4016260053,2016112800127001,2026010500560001,1,0,0,0,1,1
4016300019,2020010900526001,2024030500175001,0,0,0,0,1,1
4016510008,2020031700637001,2025070900767002,0,0,0,0,1,1
4016510024,2017061301098001,2020100600870002,0,0,0,0,1,1
4016510024,2020100600870002,2023100500825001,0,0,0,0,1,1
4016520042,2019061300177001,2023100500704001,0,0,0,0,1,1
4016570103,2019020600095001,2024120100048003,0,0,0,0,1,1
4016590022,2018040301123001,2025110501009001,0,0,0,0,1,1
4016620001,2017083001235001,2024091800683001,0,0,0,0,1,1
4016650032,2016082500949001,2020020600556002,0,0,0,0,1,1
4016760030,2016030701234001,2024112500296001,0,1,0,1,1,1
4016870063,2018110600172001,2024053000405001,0,0,0,0,1,1
4016920017,2018052201323001,2021102601219001,0,0,0,0,1,1
4017010035,2018052100467001,2022011300632001,0,0,0,0,1,1
4017010035,2022011300632001,2025092201109001,0,0,0,0,1,1
4017020074,2016101301586001,2021120701528001,0,0,0,0,1,1
4017040157,2018082400886002,2026011400879001,0,0,0,0,1,1
4017150013,2016041400578002,2024120200236002,0,0,0,0,1,1
4017150030,2022030401112001,2025100900187001,0,0,0,0,1,1
4017150035,2016090200939001,2023100500954001,0,0,0,0,1,1
4017150067,2018030100580001,2021070800887001,0,1,0,1,1,1
4017160035,2021032901161001,2025030600943001,0,0,0,0,1,1
4017190022,2021070801174001,2026011500883001,0,0,0,0,1,1
4017230018,2018120601065001,2024060600614001,0,0,0,0,1,1
4017370015,2018080101121001,2025061100325001,0,0,0,0,1,1
4017390034,2018101000348001,2026010601058001,0,0,0,0,1,1
4017400135,2017110801160001,2021042900422001,0,0,0,0,1,1
4017430130,2018081701296001,2021111501074001,0,0,0,0,1,1
4017470001,2016051000398001,2021041600080001,0,0,0,0,1,1
4017510020,2018071101187001,2021082800052001,0,0,0,0,1,1
4017530021,2018102900533001,2022082400787001,0,0,0,0,1,1
4017600014,2020022000677001,2025072300440001,0,0,0,0,1,1
4017620030,2018013000706001,2025111200313001,0,0,0,0,1,1
4017660014,2020070600413001,2023103100197001,0,0,0,0,1,1
4017680094,2016092200359001,2025070100607001,0,0,0,0,1,1
4017740050,,2023092700951001,0,0,0,0,0,1
4017740141,2017030601381001,2025062600206001,0,0,0,0,1,1
4017750054,2016020100137001,2023042400277001,0,0,0,0,1,1
4017780058,2016121201416001,2024081200478001,0,0,0,0,1,1
4017800003,2016101201138001,2025091600952001,0,0,0,0,1,1
4017800086,2016072600012001,2022090500002001,0,0,0,0,1,1
4017850007,2019061700318001,2024091100153001,0,0,0,0,1,1
4018340059,2021070200369001,2024111200536001,0,0,0,0,1,1
4018500033,2016072100347001,2021060900758001,0,0,0,0,1,1
4018560066,2018042000607001,2025092600743001,0,0,0,0,1,1
4018690001,2016070900045001,2025062400838003,0,1,0,0,1,1
4018700030,2016060901150001,2023060700929001,0,0,0,0,1,1
4018960013,2016071300139002,2021021300077001,0,0,0,0,1,1
4019040011,2017071400230003,2022101100592001,0,0,0,0,1,1
4019260034,2019022101053001,2025022000133001,0,0,0,0,1,1
4019390045,2016022200962001,2021080400454001,0,0,0,0,1,1
4019390046,2017012401337001,2021080600902001,0,0,0,0,1,1
4019410003,2019032000510001,2024010800875001,0,0,0,0,1,1
4019410032,2020031300542001,2024112101015001,0,0,0,0,1,1
4019420081,2016031601456001,2021092200221001,0,0,0,0,1,1
4019550008,2016102800813001,2021091401102001,0,0,0,0,1,1
4019580041,2019021100267001,2024042600205003,0,0,0,0,1,1
4019650001,2017112700816001,,0,0,0,0,1,0
4019650004,2016060700691001,,0,0,0,0,1,0
4019670073,2017121900732001,2022041400479001,0,0,0,0,1,1
4019680073,2017103100350001,2021021600454001,0,0,0,0,1,1
4019700013,2017010300368001,2020120900828001,0,0,0,0,1,1
4019720024,2017040301013001,2022072600565001,0,0,0,0,1,1
4019720111,2018022601064001,2022062300069001,0,0,0,0,1,1
4019800054,2017031400794001,2024051700513001,0,0,0,0,1,1
4019820020,2018042700117001,2024101400105001,0,1,0,1,1,1
4019910085,2019070101011001,2024072400348001,0,0,0,0,1,1
4019920037,2018011800646001,2025062600291001,0,0,0,0,1,1
4019970036,2016110200190001,2025042400401001,0,0,0,0,1,1
4020010025,2017091901508003,2021012200449001,0,0,0,0,1,1
4020050022,2020022100997001,2024070800863001,0,0,0,0,1,1
4020050045,2018100800643001,2024121100125001,0,0,0,0,1,1
4020050070,2016022200307001,2024100500024001,0,0,0,0,1,1
4020060016,2019100200682001,2024022000767001,0,0,0,0,1,1
4020100031,2018041300312001,2023070300151001,0,0,0,0,1,1
4021130018,2016051100858001,2024081000040002,0,0,0,0,1,1
4021250061,2020122100688001,2025030500967001,0,0,0,0,1,1
4021680025,2017102401273001,2021120800623001,0,0,0,0,1,1
4021730044,2017082901574001,2021102201025001,0,0,0,0,1,1
4021730056,2017071100785001,2025111400052001,0,0,0,0,1,1
4021760019,2018051101036001,2023101900154001,0,0,0,0,1,1
4021820127,2016042000862001,2025031700800001,0,0,0,0,1,1
4022930022,2017052500346001,2024110600905001,0,0,0,0,1,1
4022960036,2019110800783001,2025120300709001,0,0,0,0,1,1
4022970008,2018053000731001,2022060100182001,0,0,0,0,1,1
4022970027,2021070701396001,2024080500290001,0,0,0,0,1,1
4022970028,2017040301063001,2024120900638002,0,0,0,0,1,1
4023050049,2016102600285001,2022040600294001,1,0,1,0,1,1
4023280028,2017100900504003,2022110900377001,0,0,0,0,1,1
4023410102,2019052300606001,2023082200356001,0,0,0,0,1,1
4023650095,,2022100400143001,0,0,0,0,0,1
4023660005,2017101900937002,2022122700914001,0,1,0,0,1,1
4023710172,2018082700651001,2023061500868001,0,0,0,0,1,1
4023730269,2016080700013001,2021062801504001,1,1,1,1,1,1
4023750175,2018052400553001,2021111500666002,1,0,1,0,1,1
4023800059,2017071801273001,2022051201180001,0,0,0,0,1,1
4023810078,2017060600919001,2021012601128001,1,0,1,0,1,1
4023810101,2018061200520001,2022052501104001,0,0,0,0,1,1
4023820054,2022072501400001,2025123100778001,1,0,0,0,1,1
4023980019,2022050601044001,2025072500440001,0,0,0,0,1,1
4024040217,2019062701198001,2025021200718001,1,0,1,0,1,1
4024090025,2018031600777001,2023052400331001,0,1,0,0,1,1
4024090035,2018090501000001,2022081701093001,0,0,0,0,1,1
4024190115,2019051300625001,2025072200754001,0,0,0,0,1,1
4024210032,2018082300982001,2025060500055003,0,0,0,0,1,1
4024250045,2017020100883001,2021080900696001,0,0,0,0,1,1
4024290038,2018022200696001,2024112700712001,0,0,0,0,1,1
4024290040,2017120400747001,2022040700462001,0,0,0,0,1,1
4024380006,2017081000731001,2021092701135001,0,0,0,0,1,1
4024560006,2018031501296001,2022081601170001,0,0,0,0,1,1
4024580034,2016061401435001,2019121600425001,0,1,0,0,1,1
4024630007,2022053100820001,2025121800463001,0,0,0,0,1,1
4024690050,2016111700408001,2023092900546001,0,0,0,0,1,1
4024740167,2017072501400001,2025112401198001,1,0,0,0,1,1
4024750003,2018030500468001,2022091900463001,0,0,0,0,1,1
4024800044,2017052401190001,2025040800806001,0,0,0,0,1,1
4024810010,2018121400687001,2023090100594001,0,1,0,0,1,1
4024830137,2019123001082001,2025050600732001,0,0,0,0,1,1
4024900002,2019090500634001,2025073100747001,0,0,0,0,1,1
4024900035,,2025021400813001,0,0,0,0,0,1
4024910029,2017021300061001,2022081700095001,0,1,0,0,1,1
4024920053,2018030100564001,2022110300496001,0,1,0,1,1,1
4024920065,2017072101143001,2021092800150001,0,0,0,0,1,1
4024920161,2018040301062001,2024122300433001,0,0,0,0,1,1
4024930033,2016060300552001,2024043000733001,0,0,0,0,1,1
4024940054,2017022300770001,2023080900957001,0,0,0,0,1,1
4024970050,2017041800460001,2022080301095002,0,0,0,0,1,1
4025560075,2017121200265002,2021010800426003,0,0,0,0,1,1
4026340018,2017122700330002,2023033100299001,0,0,0,0,1,1
4026360041,2022041901049001,2025081100254001,0,0,0,0,1,1
4026370030,2022051100653001,2025080100903001,0,0,0,0,1,1
4026410025,2017040501248001,2022080901124001,0,0,0,0,1,1
4026420025,2017110901406001,2023083100767001,0,0,0,0,1,1
4026450023,2017110700802001,2021032400967001,0,0,0,0,1,1
4026510031,2016100600323001,2021081801282001,0,0,0,0,1,1
4026520012,2018092401163001,2025070900473001,0,0,0,0,1,1
4026740031,2017090600798001,2022040800303001,0,0,0,0,1,1
4026750007,2016101801081001,2023042800764001,0,0,0,0,1,1
4026780001,,,0,0,0,0,0,0
4026880053,2017021500598001,2020081700334002,0,0,0,0,1,1
4026910018,2022062100774001,2025062400294001,0,0,0,0,1,1
4026930063,2017050800273001,2020120101602001,0,0,0,0,1,1
4026980049,2022091401044001,2025100100182001,0,0,0,0,1,1
4026980077,2017103001160001,2022031601369001,0,0,0,0,1,1
4027080064,2016030400190001,2023061400516002,0,0,0,0,1,1
4027090060,2016061000143001,2020010600231001,0,0,0,0,1,1
4027100028,2018041100938001,2022060100154001,0,0,0,0,1,1
4027140012,2017102401431001,2021012000599001,0,0,0,0,1,1
4027180104,2019013000637001,2025021100429001,1,1,1,1,1,1
4027270054,,2023012700647001,0,0,0,0,0,1
4027290022,2017011300138001,2025032400175001,0,0,0,0,1,1
4027330053,2018120300679001,2022060300188001,1,0,1,0,1,1
4027360018,2016122200654001,2025051200984001,0,0,0,0,1,1
4027410037,2016082200479001,2021091300901001,0,0,0,0,1,1
4027430056,2019102100559001,2023111600825001,0,0,0,0,1,1
4027430062,2018102400587002,2022091900537001,0,0,0,0,1,1
4027490009,2018032801180001,2022102000924001,0,1,0,0,1,1
4027520017,2016092800737001,2022092700582001,0,0,0,0,1,1
4027520032,2017030900380001,2021082301154001,0,0,0,0,1,1
4027520186,2018090701030001,2026010500111001,0,0,0,0,1,1
4027520211,2017082901156001,2025011600628001,0,0,0,0,1,1
4027530251,2018030600861001,2021070800754002,0,0,0,0,1,1
4027530258,2016011000078001,2023081100730001,0,0,0,0,1,1
4027530271,2018041000529001,2022032301261001,0,1,0,1,1,1
4027560016,2016110300801001,2022070500828001,0,0,0,0,1,1
4027570055,2017041001124001,2024110100499001,1,0,1,0,1,1
4027580072,2016062102618001,2025111200434001,0,0,0,0,1,1
4027680007,2019090400517001,2023011101204001,0,0,0,0,1,1
4027740029,2021100400323001,2025121900668001,0,0,0,0,1,1
4027750034,2017100301279001,2022012800615001,0,0,0,0,1,1
4027790021,2017100400176001,,0,0,0,0,1,0
4027790068,2016032301014001,2020112500707001,1,0,1,0,1,1
4027820007,2016110300702001,2021032600981001,0,0,0,0,1,1
4027900017,2016110900396001,2022030201499001,0,0,0,0,1,1
4027960053,2017080801509001,2022081501225001,0,1,0,0,1,1
4027980143,2019081401049001,2024080601027001,0,0,0,0,1,1
4027990102,2021031601607001,2025040400046002,0,0,0,0,1,1
4028080043,2016080200588002,2025070400054001,0,0,0,0,1,1
4028120035,2016110100234001,2024043000725001,0,0,0,0,1,1
4028170027,2018072400870001,2022121600844001,0,0,0,0,1,1
4028260019,2017090501165002,2021020400391001,0,0,0,0,1,1
4028320040,2016071900547002,2024053000120001,0,0,0,0,1,1
4028330052,2016102800439001,2019112601354001,0,0,0,0,1,1
4028360037,2016123001179001,2021020400967001,0,0,0,0,1,1
4028400043,2017110101614001,2025040801053001,0,0,0,0,1,1
4028410044,2016121901152001,2021032300939001,0,0,0,0,1,1
4028420068,2016021201332001,2024060600041001,0,0,0,0,1,1
4028440068,2018052400575001,2023110300300001,0,0,0,0,1,1
4028450036,2017030600274001,2022070100095001,0,0,0,0,1,1
4028450039,2016122701813001,2022030400119001,0,0,0,0,1,1
4028460019,2017090800875001,2021081100666001,0,0,0,0,1,1
4028550004,2016122700864001,2021072100989001,1,1,0,0,1,1
4028690003,2017100600053001,2020123001126001,0,0,0,0,1,1
4028790127,2016012200690001,2019122600630001,0,0,0,0,1,1
4028810016,2016091501128001,2023061900109001,0,0,0,0,1,1
4028910137,2018062700322001,2024022000165001,0,0,0,0,1,1
4028950015,2018062001583001,2021072100259001,0,0,0,0,1,1
4029000046,2017082500380001,2025071200068001,0,0,0,0,1,1
4029060007,2016011300617001,2022010600861001,0,0,0,0,1,1
4029110012,2019102400250001,2024032000858001,0,0,0,0,1,1
4029120033,2017080100692001,2022092001170001,0,0,0,0,1,1
4029130023,2016111100147001,2022081001156001,0,0,0,0,1,1
4029130023,2022081001156001,2025111700585001,0,0,0,0,1,1
4029130032,2017021500801001,2021091500336001,0,0,0,0,1,1
4029270040,2016120801095001,2025040200167002,0,0,0,0,1,1
4029330027,2018040600842001,2024041800897001,0,0,0,0,1,1
4029330033,2016070600222001,2021052500864001,0,0,0,0,1,1
4029340037,2021073000268001,2025102901175001,0,1,0,0,1,1
4029350010,2017022701484001,2020101600311001,0,0,0,0,1,1
4029400067,2020102600403002,2024032500830001,0,0,0,0,1,1
4029410045,2020122801312001,2025022500473001,0,0,0,0,1,1
4029420015,2019071201002001,2024061400852001,0,0,0,0,1,1
4029420061,2016080300488002,2022120600856001,0,0,0,0,1,1
4029520025,2019110500908001,2025123000542001,0,0,0,0,1,1
4029650015,2017022701565001,2025072100591001,0,0,0,0,1,1
4029650069,2017011100572001,2022120700333001,0,0,0,0,1,1
4029660070,2016050600324001,2020111601530001,0,0,0,0,1,1
4029680060,2021020901084001,2025071800109001,0,0,0,0,1,1
4029690014,2016011201474001,2025112100489001,0,0,0,0,1,1
4029810030,2017060500515001,2022082800028001,0,0,0,0,1,1
4029830047,2016122100260001,2021101500794001,0,0,0,0,1,1
4029880037,2020062500861001,2025120500122001,0,0,0,0,1,1
4029940015,2019072501248001,2024121201500001,0,0,0,0,1,1
4029950075,2018073000969001,2024030500926001,0,0,0,0,1,1
4029960062,2017012300488003,2021032500122001,0,0,0,0,1,1
4030000040,2020111700948001,2025100400056002,0,0,0,0,1,1
4030050028,2020110501084002,2025060500879001,0,0,0,0,1,1
4030100019,2019041601159001,2023092800830001,0,0,0,0,1,1
4030130011,2016122000683002,2024081200203003,0,0,0,0,1,1
4030210018,2017121900517001,2025022100324001,0,0,0,0,1,1
4030220017,2016100300691001,2019122800061001,0,0,0,0,1,1
4030230085,2019090601157001,2025090900126001,0,0,0,0,1,1
4030240012,2017031001387001,2022042700991001,0,0,0,0,1,1
4030260060,2019121700927001,2024053100855001,0,0,0,0,1,1
4030300101,2016083000291001,2020010700024001,0,1,0,1,1,1
4030310020,2018110200909001,2024020100387001,0,0,0,0,1,1
4030340019,2019062700802001,2025090400409001,0,0,0,0,1,1
4030360063,2018091800719001,2025120400455001,0,0,0,0,1,1
4030380050,2016021202122001,2022072600920001,0,0,0,0,1,1
4030390030,2016080900199001,2021111600382001,0,0,0,0,1,1
4030390046,2017011001587001,2021041301284001,0,0,0,0,1,1
4030520070,2018081000799001,2023032200466001,0,0,0,0,1,1
4030540017,2022042600388001,2025080800315001,0,1,0,1,1,1
4030580023,2016082900702001,2022071201354001,0,0,0,0,1,1
4030590036,2016051800153001,2020111300537001,0,0,0,0,1,1
4030640022,2021062300372001,2025032500944001,0,0,0,0,1,1
4030680015,2017013001285001,2022092300418001,0,0,0,0,1,1
4030690022,2018111600956001,2022011800870001,0,0,0,0,1,1
4030690030,2019041500113001,2022072800449001,0,0,0,0,1,1
4030910073,2016101101300001,2022011400900001,0,0,0,0,1,1
4030930078,2019100701325001,2024060300668001,0,0,0,0,1,1
4030960074,2017032600023001,2022051200726001,0,0,0,0,1,1
4031020085,2019082700723001,2024112000613002,0,0,0,0,1,1
4031030076,2019020601120001,2025112400647003,0,0,0,0,1,1
4031040158,2016022200876001,2022021700849001,0,0,0,0,1,1
4031040174,2019062600080001,2025031000259001,0,0,0,0,1,1
4031130053,2020010801397001,2025121000634001,0,0,0,0,1,1
4031290003,2017060700624001,2023081700443001,0,0,0,0,1,1
4031310010,2016020802651001,2021102000655001,0,0,0,0,1,1
4031330069,2016022200835001,2022062800367002,0,0,0,0,1,1
4031350084,2017091300328001,2021122000684002,0,0,0,0,1,1
4031370024,2017032901003001,2025011500650001,0,0,0,0,1,1
4031440001,2019030600805001,2025081900170001,0,0,0,0,1,1
4031440019,2016031800712001,2022010700547002,0,0,0,0,1,1
4031450017,2017090600144001,2021062801074001,0,0,0,0,1,1
4031460077,2017101801113002,2021060901133002,0,0,0,0,1,1
4031500064,2020012101377001,2024040200989001,0,0,0,0,1,1
4031580064,2016112901398002,2020103001148001,0,0,0,0,1,1
4031620036,2019012200952002,2024073000515001,0,0,0,0,1,1
4031650027,2018082700083001,2022052001106001,0,0,0,0,1,1
4031690063,2016022200089001,2022041300127001,0,0,0,0,1,1
4031770023,2021101200489001,2024102300516004,0,0,0,0,1,1
4031780005,,2021061100155001,0,0,0,0,0,1
4031780010,,2021061400238001,0,0,0,0,0,1
4031780026,2018051600221001,2022040101079002,0,0,0,0,1,1
4031780042,2019051600174001,2024080200719001,0,0,0,0,1,1
4031780150,2017102601602001,2023102301027001,0,0,0,0,1,1
4031790044,2016052501226001,2025090201161001,0,1,0,0,1,1
4031800030,2016090701111002,2021080400544001,0,0,0,0,1,1
4031810010,2018112900693001,2025102800502001,1,0,1,0,1,1
4031820022,2018052300944001,2025112600839001,1,0,1,0,1,1
4031840035,2018101700697001,2025012400890003,0,0,0,0,1,1
4031860042,2016092801413001,2021090100729001,0,0,0,0,1,1
4031870026,2018100300252001,2024071600518001,0,0,0,0,1,1
4031870043,2017050900160002,2022122700342001,0,0,0,0,1,1
4031880018,2020081300339001,2025121600160003,0,0,0,0,1,1
4031880022,2016120100096001,2024072900210001,0,0,0,0,1,1
4031890075,2017091101018001,2023061500327002,0,0,0,0,1,1
4031900048,2016110100701001,2021050600831001,0,0,0,0,1,1
4031900057,2018030600462001,2024061300767001,0,0,0,0,1,1
4031910037,2016091000054001,2020121001030001,0,0,0,0,1,1
4031930040,2017081800519001,2024080800619001,0,0,0,0,1,1
4031990002,2016061401709001,2022020300397001,0,0,0,0,1,1
4031990003,2016052301521001,2022121600964001,0,0,0,0,1,1
4031990017,2016083000573001,2023121900883001,0,0,0,0,1,1
4031990061,2017012601386001,2022011101255001,0,0,0,0,1,1
4032050043,2016052500849001,2020031300455001,0,0,0,0,1,1
4032060010,2018121200123001,2022033101284001,0,1,0,0,1,1
4032090050,2017032200600001,2022011700324001,0,0,0,0,1,1
4032110016,2019031300671001,2023102400855001,0,0,0,0,1,1
4032140052,2017121801294001,2022102600869003,0,0,0,0,1,1
4032160017,2016032400738001,2020112300407002,0,0,0,0,1,1
4032160029,2022071100266001,2025091900054001,0,0,0,0,1,1
4032230043,2019051401268001,2022121500699005,0,0,0,0,1,1
4032240048,2017012400416001,2022091301024001,0,0,0,0,1,1
4032280055,2016061400495001,2023072600110001,1,0,1,0,1,1
4032320023,2016031300054001,2022012100311001,0,0,0,0,1,1
4032340098,2017111500246001,2023111301269001,0,0,0,0,1,1
4032410008,2016091900322001,2024051301086001,0,0,0,0,1,1
4032600005,2016012700194002,2024120200279001,0,0,0,0,1,1
4032660011,2016092800281001,2025122400282003,0,0,0,0,1,1
4032660043,2019090500619001,2023040700184003,1,0,1,0,1,1
4032760013,2016100100010001,2020032200030001,0,0,0,0,1,1
4032790046,2017061601078001,2021032301204001,0,0,0,0,1,1
4032800003,2019051400440001,2022101100479001,0,0,0,0,1,1
4032810004,2018051001204001,2021062600023002,0,0,0,0,1,1
4032810024,2018122100642002,2024090500620001,0,0,0,0,1,1
4032810026,2016031700490001,2024032800872001,0,0,0,0,1,1
4032820043,2019081300560001,2024013000461001,0,0,0,0,1,1
4032860017,2017080200522001,2025010900975002,0,0,0,0,1,1
4032860038,2017041400703002,2022071901270001,0,0,0,0,1,1
4032880029,2020051800328001,2024030600448001,0,0,0,0,1,1
4032900099,2017102401221001,2025072000017001,0,0,0,0,1,1
4032910072,2017011801367001,2025020300217001,0,0,0,0,1,1
4032910076,2018072700746001,2022051701342001,0,0,0,0,1,1
4032940078,2018012400512001,2021061600060001,0,0,0,0,1,1
4032990031,2016101800610001,2025102301020001,0,0,0,0,1,1
4033000006,2018041701123002,2025121700022003,0,0,0,0,1,1
4033020122,2017030601199001,2022012600651001,1,0,1,0,1,1
4033080008,,2022091900064001,0,0,0,0,0,1
4033110023,2018100900977001,2022062400278001,0,0,0,0,1,1
4033110026,2017082401359001,2026012900589001,0,0,0,0,1,1
4033490005,2016101301061001,2021072300371001,0,0,0,0,1,1
4033690044,2018070201213001,2024032000484001,0,0,0,0,1,1
4033810068,2018100100626001,2024090900935001,0,1,0,1,1,1
4033820049,2022092200936001,2025090500732001,0,0,0,0,1,1
4034010028,2018062000911002,2025112400632001,0,0,0,0,1,1
4034250005,2017041800756001,2023042100196001,0,0,0,0,1,1
4034290017,2019061600041001,2022071200810001,0,0,0,0,1,1
4034820003,2016120901156001,2022012601402001,0,0,0,0,1,1
4034830003,2017061900987001,2022020401324001,0,0,0,0,1,1
4034870023,2016030101136001,2020011400642003,0,0,0,0,1,1
4034940066,2016033100272001,2023112101009001,0,0,0,0,1,1
4035010014,2018011800695001,2024042100001001,0,0,0,0,1,1
4035010019,2017122100037001,2025030700761001,0,0,0,0,1,1
4035010025,2017013000808001,2021052401217001,0,0,0,0,1,1
4035030040,2018050300245001,2022031800696001,0,0,0,0,1,1
4035040036,2018010300877001,2025092900785002,0,0,0,0,1,1
4035100010,2016060200774001,2020041600256001,0,0,0,0,1,1
4035110055,2016021000513001,2022092100678001,0,0,0,0,1,1
4035150014,2021051200175003,2025040700218001,0,0,0,0,1,1
4035160050,2018092000843002,2022080801013001,0,0,0,0,1,1
4035200021,2017101900402003,2022101101024003,0,0,0,0,1,1
4035280063,2019110900050003,2023022300072001,1,0,1,0,1,1
4035300087,2018010200381001,2021032301449003,0,0,0,0,1,1
4035310070,,2023052500793001,0,0,0,0,0,1
4035620047,2017100500803001,2020121700429001,0,0,0,0,1,1
4035620050,2017041700757001,2024111400584001,0,0,0,0,1,1
4035660018,2017062000214001,2022081900087001,0,0,0,0,1,1
4035810046,2021032600804001,2025100100142001,0,0,0,0,1,1
4035830022,2018052500741001,2024122700460001,0,0,0,0,1,1
4035920056,2018121401046001,2022121900386001,0,0,0,0,1,1
4035980016,2017080201478001,2024010300791001,0,1,0,1,1,1
4036000087,2021051700748001,2025120100516001,0,0,0,0,1,1
4036030035,2020010800716001,,0,0,0,0,1,0
4036080178,2017011400081001,2023020900776002,0,0,0,0,1,1
4036100044,,2020070900669001,0,0,0,0,0,1
4036120036,2019061400896001,2025062300772001,0,0,0,0,1,1
4036160027,2016030400758001,2020120300870001,0,0,0,0,1,1
4036180029,2019060700431002,2022120600764001,0,0,0,0,1,1
4036180058,2016092800221001,2021011101042001,1,0,0,0,1,1
4036230023,2019100201020001,2024090500277001,0,0,0,0,1,1
4036250016,2018042700602001,2022041200833001,0,0,0,0,1,1
4036320057,2019082600215001,2023050400907001,0,0,0,0,1,1
4036470008,2018013000607001,2024062600388001,0,0,0,0,1,1
4036470024,2021060200605001,2025050100915003,0,0,0,0,1,1
4036480013,2017080300640001,2021052400530001,0,0,0,0,1,1
4036500029,2017080900717001,2021070600790001,0,0,0,0,1,1
4036510010,2018010300425002,2025102700599001,0,0,0,0,1,1
4036530029,2018092100250001,2024042300211001,0,0,0,0,1,1
4036550014,2017121200524002,2024121900874001,0,0,0,0,1,1
4036550033,2016121301337001,2021050301189001,0,0,0,0,1,1
4036560052,2017112201116001,2025061200925001,0,0,0,0,1,1
4036560057,2016051901025001,2024010800406002,0,0,0,0,1,1
4036780026,2016030901242001,2020122400552001,1,0,1,0,1,1
4036790019,2016102500027001,2022080900956001,0,0,0,0,1,1
4036800019,2016071801561001,,0,0,0,0,1,0
4036890050,2016020500309001,2022070500161001,0,0,0,0,1,1
4036940038,2016022300794001,2021042800930001,0,0,0,0,1,1
4037000006,2016012500598001,2021113001328003,0,0,0,0,1,1
4037050016,2020083100304001,2025122900263001,0,0,0,0,1,1
4037080048,2021011301229001,2024043000093002,0,0,0,0,1,1
4037090028,2017092901069001,2025011000954001,0,0,0,0,1,1
4037110078,2019021901147001,2023041000275001,0,0,0,0,1,1
4037150001,2016090200918002,2021121600238001,0,0,0,0,1,1
4037150014,2016082700028001,2021072100812001,0,0,0,0,1,1
4037150066,2016040600949001,2020021201287001,0,0,0,0,1,1
4037210004,2016011200778001,2023011900804001,0,0,0,0,1,1
4037310035,2016042200607001,2020121400299001,0,0,0,0,1,1
4037320061,2017081800813001,2022042700093001,0,0,0,0,1,1
4037330028,2017082800347001,2023102500760001,0,0,0,0,1,1
4037730056,2019120201044002,2024100900929001,0,0,0,0,1,1
4037750009,2017060600334001,2021050500448001,0,0,0,0,1,1
4037810017,2019112000022001,2025011501119001,0,0,0,0,1,1
4037830018,2017091901545001,2024100300394001,0,0,0,0,1,1
4037850044,2017062700154001,2021060701301001,0,0,0,0,1,1
4037870027,2017122900060001,2022032801544001,0,0,0,0,1,1
4037960040,2018112900396001,2024052200772001,0,0,0,0,1,1
4037970008,2016111801029001,2023080700242001,0,0,0,0,1,1
4038000029,2017042400390001,2021020301108001,0,0,0,0,1,1
4038090002,2019062600517001,2023091800816001,0,0,0,0,1,1
4038090119,2016082900409001,2022060101297002,0,0,0,0,1,1
4038100207,2017082500680001,2024081900663001,0,0,0,0,1,1
4038130018,2019081200108002,2025061600227001,0,0,0,0,1,1
4038130045,2016062004036001,2024082900314001,0,0,0,0,1,1
4038170007,2018082100184001,2022060800946001,0,0,0,0,1,1
4038170026,2020022101193001,2025100200645001,0,1,0,1,1,1
4038200007,2017042800571001,2021042900808001,0,1,0,1,1,1
4038210026,2019070900621001,2024091800252001,0,0,0,0,1,1
4038240004,2018082800553001,2021102200730001,0,0,0,0,1,1
4038250037,2016010800564001,2021051800307001,0,0,0,0,1,1
4038260002,2016092001032001,2022041200960002,0,0,0,0,1,1
4038270023,2017081600113001,2022071801092001,0,0,0,0,1,1
4038270064,2017080300574001,2026012000484001,0,0,0,0,1,1
4038280024,2017081800543001,2023050100059001,0,0,0,0,1,1
4038280073,2019041700164003,2024041200819001,0,0,0,0,1,1
4038290030,2021021901223001,2024051400533001,0,0,0,0,1,1
4038290058,2020022000277001,2024112600311001,0,0,0,0,1,1
4038310047,2018021900224001,2022112900320001,0,0,0,0,1,1
4038310071,2016093000184001,2021051401039001,0,0,0,0,1,1
4038320151,2017102000607001,2021012501039001,1,0,1,0,1,1
4038430021,,,0,0,0,0,0,0
4038430052,2018081301216001,2022100400286001,0,0,0,0,1,1
4038440037,2019100100916001,2025032300019001,0,0,0,0,1,1
4038440053,2020100200219002,2025022400631001,0,0,0,0,1,1
4038490019,2016051100296001,2021010701188001,0,0,0,0,1,1
4038510060,2016082600331001,2025080300011001,0,0,0,0,1,1
4038560168,2018091700930001,2023062700982001,0,0,0,0,1,1
4038610022,2016090100954001,2019110100230001,0,0,0,0,1,1
4038610022,2019110100230001,2023020200873001,0,0,0,0,1,1
4038620057,2019103000944002,2025072101061001,0,0,0,0,1,1
4038720062,2016062004058001,2024070100423001,0,0,0,0,1,1
4038740113,2019112600418001,2024100500015001,0,0,0,0,1,1
4038750103,2019121000757002,2025043000544002,0,1,0,0,1,1
4038930031,2019110100605001,2023033100905001,0,0,0,0,1,1
4038950027,2016060801121002,2020010201093001,0,0,0,0,1,1
4039020018,2016102800661001,2021072000786003,0,0,0,0,1,1
4039050024,2017081000998001,2021042600457001,0,0,0,0,1,1
4039160002,2017072400430001,2024021300209001,1,0,0,0,1,1
4039220005,2018101500418002,2022092600696001,0,0,0,0,1,1
4039220009,2017082201426001,2021032300418001,0,0,0,0,1,1
4039220033,2018082700846001,2025122600866001,0,0,0,0,1,1
4039230016,2017062601372001,2022113000497001,0,0,0,0,1,1
4039230045,2019031400188001,2023112900865002,0,0,0,0,1,1
4039340010,2017032701014003,2025050100181002,0,0,0,0,1,1
4039360006,2019031801058001,2026012300573001,0,0,0,0,1,1
4039370022,2017072000450001,2022071300550001,0,0,0,0,1,1
4039400015,2016071400885003,2024052900826002,0,0,0,0,1,1
4039410012,2016120600375001,2021042100156001,0,0,0,0,1,1
4039410012,2021042100156001,2025050601009001,0,0,0,0,1,1
4039410017,2018091200866001,2023100200894001,0,0,0,0,1,1
4039480009,2019021900827001,2023060200106001,0,0,0,0,1,1
4039530062,2016041100358002,2023091500777001,0,0,0,0,1,1
4039550064,2016032500296001,2023081600580001,0,0,0,0,1,1
4039750024,2016092000107001,2021101800152001,0,0,0,0,1,1
4039950017,2017092201096002,2021112100038001,0,0,0,0,1,1
4039980107,2021091400788002,2024110300041001,0,0,0,0,1,1
4039990217,2018051401274001,2025070300968001,0,1,0,0,1,1
4040010029,2016111000176001,2024080800962001,0,0,0,0,1,1
4040020052,2022102500770002,2025112400539002,0,0,0,0,1,1
4040060012,2017012500377001,2025052000870001,0,0,0,0,1,1
4040060072,2018120400635001,2023050500483001,0,0,0,0,1,1
4040060081,2017091900610001,2024110600799001,0,0,0,0,1,1
4040240046,2016091200794001,2021093001207001,0,0,0,0,1,1
4040280014,2016040700562001,2022050900587001,0,0,0,0,1,1
4040290016,2016112901422001,2024020200882001,0,0,0,0,1,1
4040360012,2020030200871001,2025070100265001,0,0,0,0,1,1
4040360014,2016101901067001,2025010300570001,0,1,0,0,1,1
4040400047,2016081100846001,2024011101234001,0,0,0,0,1,1
4040400061,2019101700227001,2023113000461001,0,0,0,0,1,1
4040450018,2018032200074001,2025082000104002,0,0,0,0,1,1
4040450027,2018042001076002,2024050300901001,0,0,0,0,1,1
4040560026,2017090601137001,2025102700650001,0,0,0,0,1,1
4040730046,2017081101140001,2022021700510001,0,0,0,0,1,1
4040810037,2020062500224001,2025121000947001,0,0,0,0,1,1
4040820029,2019021901523001,2023060300067001,0,0,0,0,1,1
4040830005,2016092900304002,2024060400571001,0,1,0,0,1,1
4040880034,2018113000102001,2024080700515001,0,0,0,0,1,1
4040940053,2018041100623001,2022040701319001,0,0,0,0,1,1
4041000012,2020071400807001,2023103000694001,0,0,0,0,1,1
4041080030,2021111000567001,2025091000224001,0,0,0,0,1,1
4041140003,2018012200089001,2022081701279001,0,1,0,0,1,1
4041280028,2017071101416003,2022033101397001,0,0,0,0,1,1
4041280029,2018011700922001,2022011900171001,0,0,0,0,1,1
4041310030,2017010901594001,2022031101397001,0,0,0,0,1,1
4041690003,2020050100718001,2024112500272001,0,0,0,0,1,1
4041920014,2019121001134001,2025101000645001,0,0,0,0,1,1
4041980011,2018082301031001,2021090700345001,0,0,0,0,1,1
4041990031,2017033101111001,2025081000013001,0,0,0,0,1,1
4042020016,2019041700732001,2025031901099001,0,0,0,0,1,1
4042030126,2018040201158001,2022031100272001,0,0,0,0,1,1
4042240015,2021011101189001,2025060600866001,0,0,0,0,1,1
4042270023,2018050100708001,2022030500113001,0,0,0,0,1,1
4042310040,2016072100190001,2023120700672001,0,0,0,0,1,1
4042320013,2016091500172001,2025121200172001,0,0,0,0,1,1
4042340044,2017090500274001,2024022900989001,0,0,0,0,1,1
4042530054,2021040900232001,2024051700062001,0,0,0,0,1,1
4042640045,2016113000588001,2024102101226001,0,0,0,0,1,1
4042670003,2018080201213002,2022020801497001,0,0,0,0,1,1
4042670030,2016082201197001,2021040900572001,0,0,0,0,1,1
4042670030,2021040900572001,2024072400864001,0,0,0,0,1,1
4042680028,2016042500580002,2022061400839002,0,0,0,0,1,1
4042880013,2019091000487001,2022121300924001,0,0,0,0,1,1
4042920058,2022010200044001,2025123100275001,0,0,0,0,1,1
4042950022,2017082900621001,2025071900026001,0,0,0,0,1,1
4044090028,2018011900144001,2021101900643001,0,0,0,0,1,1
4044140049,2017041700594001,2024011200465001,0,0,0,0,1,1
4044160007,2022022300066001,2025111400321001,0,0,0,0,1,1
4044240032,2018071701286001,2022102100544001,0,0,0,0,1,1
4044260034,2022010401172001,2025061100674001,0,0,0,0,1,1
4044290015,2016092301356001,2022020301413001,0,0,0,0,1,1
4044330048,2020112000408002,2025020700923001,0,0,0,0,1,1
4044330077,2016051800622001,2021112300219001,0,0,0,0,1,1
4044330077,2021112300219001,2025120500256001,0,0,0,0,1,1
4044370046,2018052100224001,2025072900871002,0,0,0,0,1,1
4044440019,2019062600260002,2023110100473001,0,0,0,0,1,1
4044530018,2016011900213001,2023052500921001,0,0,0,0,1,1
4044600031,2016102001251001,2021083100857001,0,0,0,0,1,1
4044670016,2016110200617001,2020110400427001,0,0,0,0,1,1
4044690012,2016032500234001,2025011600259001,0,0,0,0,1,1
4044690030,2016012700283001,2024061800783001,0,1,0,0,1,1
4044710029,2018052900516001,2022032101525001,0,1,0,0,1,1
4044740084,2016012000724001,2023011000795001,0,0,0,0,1,1
4044780022,2019121700227001,2023071800156001,0,0,0,0,1,1
4044810112,2017020301032002,2021040501448001,0,0,0,0,1,1
4044840001,2016080501185001,2025071300045001,0,1,0,0,1,1
4044960019,2017090700410001,2022040100195001,0,0,0,0,1,1
4044970008,2017042700717001,2025120800355001,0,0,0,0,1,1
4045040003,2016062201315001,2021122801602001,0,0,0,0,1,1
4045050023,2018042401226001,2021101900513001,0,0,0,0,1,1
4045060011,2016060701217001,2023100300120001,0,0,0,0,1,1
4045100012,2018121000075001,2022040500766002,0,0,0,0,1,1
4045100026,2021012501064002,2025042200182001,0,0,0,0,1,1
4045150038,2017070500137001,2024062400158001,0,0,0,0,1,1
4045190041,2017080801341002,2023122800674001,0,0,0,0,1,1
4045210016,2019092701107001,2024081300204001,0,0,0,0,1,1
4045230038,2017112900540002,2020122901007001,0,0,0,0,1,1
4045250043,2017092200457001,2023120601113001,0,0,0,0,1,1
4045280051,2017010400768001,2021112200753001,0,0,0,0,1,1
4045290034,2016092800699001,2024012400121001,0,0,0,0,1,1
4045290051,2017062701388001,2021122000410001,0,0,0,0,1,1
4045410035,2018073100712001,2022062401164001,0,0,0,0,1,1
4045450013,2016102800623003,2021110900411001,0,0,0,0,1,1
4045460015,2017102301123001,2025071600375001,0,0,0,0,1,1
4045470067,2018101901091001,2026010500441001,0,0,0,0,1,1
4045480072,2016022500698001,2020122201044001,0,0,0,0,1,1
4045480072,2020122201044001,2025013000292001,0,0,0,0,1,1
4045490021,2017060600402001,2023100600263001,0,0,0,0,1,1
4045500001,2017042800817001,2022062900877001,0,0,0,0,1,1
4045530041,2016101900434001,2021090200273001,0,0,0,0,1,1
4045540031,2017033000735001,2025060400863001,1,0,1,0,1,1
4045540079,2020012900180001,2024081300181001,0,0,0,0,1,1
4045570028,2018051400614001,2021092300512001,0,0,0,0,1,1
4045600051,2022080301481001,2025121200277001,0,0,0,0,1,1
4045610038,2016112100160001,2021082701446001,0,0,0,0,1,1
4045610042,2020022600807001,2025111900896001,0,0,0,0,1,1
4045630053,2017022701307001,2021030900099001,0,0,0,0,1,1
4045660097,2016090200992001,2021072900198001,0,0,0,0,1,1
4045770025,2017092100018001,2025102300558001,0,0,0,0,1,1
4045920098,2017110201275001,2022020900567001,0,0,0,0,1,1
4045920115,2019101001196001,2025012900191001,0,0,0,0,1,1
4045950083,2016032900414001,2023010600221001,0,0,0,0,1,1
4045970042,2019122300546007,2025103000689001,0,0,0,0,1,1
4046080049,2017080300343001,2024050100192001,0,0,0,0,1,1
4046250066,2017041100939001,2020042900168001,0,0,0,0,1,1
4046250078,2016030201352001,2021060100965001,0,0,0,0,1,1
4046290042,2017071001360001,2021051200283001,0,0,0,0,1,1
4046370056,2016010800334001,2020091500646001,0,0,0,0,1,1
4046430006,2016082600440001,2021083101624001,0,0,0,0,1,1
4046440001,2018083100962001,2025020400147001,0,0,0,0,1,1
4046440026,2021060600001001,2024110500895001,0,0,0,0,1,1
4046540007,2018061100614001,2022011500181001,0,0,0,0,1,1
4046540018,2019121600792001,2024051700756001,0,0,0,0,1,1
4046560043,2021072200476001,2025082700391001,0,0,0,0,1,1
4046570011,2018121900612001,2025111800423001,0,0,0,0,1,1
4046570047,2019122601212001,2025080600111002,0,0,0,0,1,1
4046580035,2017062101090001,2021062300258001,0,0,0,0,1,1
4046590020,2020033100418001,2023051501013002,0,0,0,0,1,1
4046660021,2016040100953001,2019120301103001,0,0,0,0,1,1
4046660025,2021030300680001,2025050600923001,0,0,0,0,1,1
4046670024,2019011100886001,2025040900038004,0,0,0,0,1,1
4046670030,2022081201064001,2025091100568001,0,0,0,0,1,1
4046670051,2016112201430001,2024090600619001,0,0,0,0,1,1
4046680038,2017110700791001,2023112000626001,0,0,0,0,1,1
4046700035,2020022800080001,2023111600468001,0,0,0,0,1,1
4046750054,2021112200184001,2025060200219001,0,0,0,0,1,1
4046790019,2017082900523001,2023121300360001,0,0,0,0,1,1
4046820003,2018011801375001,2021030200370001,0,0,0,0,1,1
4046840010,2016040801132001,2022112200142001,0,0,0,0,1,1
4046860020,2020022700123001,2024111201253001,0,0,0,0,1,1
4046860038,2019082100196001,,0,0,0,0,1,0
4046910032,2016052300766001,2023061400518001,0,0,0,0,1,1
4046960048,2016112900637001,2023092200872002,0,0,0,0,1,1
4046990013,2017070700784001,2024082300204001,0,0,0,0,1,1
4047040031,2019080900402001,2025081500059001,0,0,0,0,1,1
4047090005,2019111501243001,2023011600354001,0,0,0,0,1,1
4047090023,2018110700228001,2022022400943001,0,0,0,0,1,1
4047100054,2017111500635001,2026010100075001,0,0,0,0,1,1
4047210007,2016031701104001,2024102500028001,0,0,0,0,1,1
4047280116,2020121600640001,2025012200835001,0,0,0,0,1,1
4047340011,2016061700543001,2025091000176002,0,0,0,0,1,1
4047350009,2018012601044001,2021112201110001,0,1,0,0,1,1
4047380042,2020092400868001,2025090300101001,1,0,1,0,1,1
4047420047,2016092900366001,2021070601327001,0,1,0,0,1,1
4047440175,2018111401096001,2023011000539001,0,0,0,0,1,1
4047470065,2021061900070001,2025070800868001,0,0,0,0,1,1
4047480002,2016042000799001,2023101000923001,0,0,0,0,1,1
4047480014,2016041800311001,2020020500908002,0,0,0,0,1,1
4047500069,2016050501051001,2022032200152001,0,0,0,0,1,1
4047530095,2016031000060001,2022092600678003,0,0,0,0,1,1
4047780045,2018092400670001,2021111500578002,0,0,0,0,1,1
4047820055,2017071801333001,2024092700716001,1,0,1,0,1,1
4047940011,2017021300271001,2021080900582001,0,0,0,0,1,1
4047950038,2016081801005002,2020110301172001,0,0,0,0,1,1
4047980098,2016020400243002,2022062901455001,0,0,0,0,1,1
4047990033,2017041901144001,2022032801231001,0,1,0,0,1,1
4048000032,2018072301161001,2024091700944001,0,0,0,0,1,1
4048200016,2018073001129001,2022112800805001,1,0,1,0,1,1
4048250034,2019110700753001,2023090600178001,0,0,0,0,1,1
4048260031,2016040600514001,2021110501495001,0,1,0,1,1,1
4048280032,2016020900697001,2019070800513002,0,0,0,0,1,1
4048290016,2016051200705001,,0,0,0,0,1,0
4048340081,2018092600549002,2022051300380001,0,0,0,0,1,1
4048370020,2021082500288001,2025070100783001,0,1,0,0,1,1
4048410022,2021092800817003,2025030600487001,1,1,0,0,1,1
4048450056,2017041101107001,2021052400584001,0,0,0,0,1,1
4048450064,2019112700264001,2025060400267001,0,1,0,0,1,1
4048460022,2019020401348001,2025080800667001,0,0,0,0,1,1
4048470014,2017012501118001,2022081200401001,0,0,0,0,1,1
4048530015,2017112900781001,2025011400799001,0,0,0,0,1,1
4048570004,2020022600849001,2024122400192001,0,0,0,0,1,1
4048600040,2016012900721001,2020040800351001,0,0,0,0,1,1
4048660057,2016122701453001,2025020501098002,1,0,0,0,1,1
4048680009,2018050901277002,2023101700439001,0,0,0,0,1,1
4048690011,2022031500678001,2025070700095001,1,0,1,0,1,1
4048700040,2022011300604001,2025092600835001,0,0,0,0,1,1
4048710063,2020011700450001,2025091500970001,0,0,0,0,1,1
4048740010,2017052300711001,2025052200820001,0,0,0,0,1,1
4048800043,2020091800813001,2025072900252003,0,0,0,0,1,1
4048810027,2020040100604001,2025010300207001,0,1,0,0,1,1
4048840025,2022042800231001,2025050801222001,0,1,0,0,1,1
4048840046,2019081600397002,2024080700392001,0,0,0,0,1,1
4048860027,2016090901094001,2022101300600001,0,0,0,0,1,1
4048890055,2018011700321001,2023111600926001,0,0,0,0,1,1
4048950041,2017022300137001,2024091200545001,0,0,0,0,1,1
4049010027,2017122100840002,2024040100437001,0,0,0,0,1,1
4049020141,2016101000780001,2020100501153001,0,0,0,0,1,1
4049060029,2017011300063001,2022061500318001,0,0,0,0,1,1
4049100029,2016090900329001,2022060800304001,0,1,0,0,1,1
4049160044,2016070200067001,2025120900624001,0,0,0,0,1,1
4049200011,,,0,0,0,0,0,0
4049210002,2021062201056001,2024082700300001,0,0,0,0,1,1
4049220039,2017032400096001,2021100601433001,0,0,0,0,1,1
4049290011,2018081300731001,2022012401392001,0,0,0,0,1,1
4049290044,2017103000263001,2024050300030002,0,0,0,0,1,1
4049330052,2018070900323001,2024080500786001,0,0,0,0,1,1
4049340021,2017101100066001,2021012501248001,0,0,0,0,1,1
4049350028,2017081600382001,2021101901206001,0,0,0,0,1,1
4049460187,2017012601345001,2021120800158001,0,0,0,0,1,1
4049990018,2019071500368001,2023092600201001,0,0,0,0,1,1
4050000037,2016032100433001,2024080100853001,0,0,0,0,1,1
4050150072,2017121401388001,2021102800312001,0,0,0,0,1,1
4050340026,2017070100086001,2024080700597001,0,0,0,0,1,1
4051090130,2017070800021001,2025111100163001,0,0,0,0,1,1
4051220055,2018022701028001,2023030300171001,0,0,0,0,1,1
4051350039,2019013100291001,2025052800270001,0,0,0,0,1,1
4051350139,2019013100291001,2025052800270001,0,0,0,0,1,1
4051480046,2017101000190001,2021070300032001,0,0,0,0,1,1
4051480155,2016113000126001,2022032600132001,0,0,0,0,1,1
4051710040,2017031701239003,2021082600257002,0,0,0,0,1,1
4051790035,2016081601259003,2024061400143001,0,0,0,0,1,1
4051950064,2018052500058001,2023060700547001,0,0,0,0,1,1
4052080005,2016102001116001,2024101300031003,0,0,0,0,1,1
4052110006,2020081300494001,2025032500756001,0,0,0,0,1,1
4052160002,2016021100581002,2019112200214001,0,0,0,0,1,1
4052180114,2017100200591001,2022053100846001,0,1,0,0,1,1
4052210030,2019091601117001,2024101100270001,0,0,0,0,1,1
4052230045,2016092100228001,2023072000362001,0,1,0,0,1,1
4052350035,2018011600708001,2024123000212001,0,0,0,0,1,1
4052430028,2017041401050002,2024080600305001,0,0,0,0,1,1
4052430031,2017122900228001,2025101600294001,0,0,0,0,1,1
4052430049,2018011202134002,2021122800166002,0,0,0,0,1,1
4052450020,2021031800366001,2025111700703001,0,0,0,0,1,1
4052510068,2017020100992001,2021052100200001,0,0,0,0,1,1
4052530023,2017013001256001,2021010801243002,0,0,0,0,1,1
4052570011,2020092200637001,2024061200287001,0,0,0,0,1,1
4052570034,2019073000470003,2023121200170001,0,0,0,0,1,1
4052650034,2017122700978001,2024011200835003,0,0,0,0,1,1
4052660026,2016120700181001,2020071000332001,0,0,0,0,1,1
4052740014,2018110801304001,2023050400109001,0,0,0,0,1,1
4052810077,2019102200112001,2022120200348001,0,0,0,0,1,1
4052820015,2016012200291001,2024032200667001,0,1,0,0,1,1
4052840071,2017012500830001,2023040300504001,0,0,0,0,1,1
4052890029,2017081500457001,2021050400844001,0,0,0,0,1,1
4052920052,2019062400952001,2023121400815001,0,0,0,0,1,1
4052960018,2018111301210001,2024030400886001,0,0,0,0,1,1
4052960024,2018032000333002,2023012600126001,0,0,0,0,1,1
4052970043,2017092501061001,2024112200987001,1,0,0,0,1,1
4053110009,2018062200270002,2022092600104001,0,0,0,0,1,1
4053260047,2018072500566001,2021082700693001,0,0,0,0,1,1
4053430012,2019112000140001,2024053100676001,1,0,0,0,1,1
4053530037,2016090801033001,2020060300175002,0,0,0,0,1,1
4053610037,2016090600082001,2020081100392001,0,0,0,0,1,1
4053650018,2018012401186001,2025061000371001,0,0,0,0,1,1
4053800047,2018052201403001,2025020300112001,0,0,0,0,1,1
4053800050,2016092201232001,2022020701280001,0,0,0,0,1,1
4053940033,2022072600931001,2025092201180001,0,0,0,0,1,1
4054080032,2018021300243002,2021030100192002,0,0,0,0,1,1
4054080051,2018052500780001,2024101500634001,0,0,0,0,1,1
4054140061,2017080800335001,2025020700922001,0,0,0,0,1,1
4054150022,2021120800550001,2025060500432001,0,0,0,0,1,1
4054170051,2017030901373001,2025110700679001,0,0,0,0,1,1
4054180044,2018121301147002,2025120200145002,0,0,0,0,1,1
4054190033,2016070700319001,2021071500987001,0,0,0,0,1,1
4054230060,2019081400137001,2023081800361001,1,0,1,0,1,1
4054240046,2017060100453001,2024082300243002,0,0,0,0,1,1
4054260028,2021101401289001,2025021300482001,0,0,0,0,1,1
4054260054,2021060800639001,2024111800189001,0,0,0,0,1,1
4054260060,2016031100388001,2023083100716001,0,0,0,0,1,1
4054270030,2017042000686001,2021080900567001,0,1,0,0,1,1
4054310010,2016092600476001,2025030301110001,0,0,0,0,1,1
4054370032,2018092600591001,2021111200398001,0,0,0,0,1,1
4054420011,2016012100984001,2025070300945001,0,0,0,0,1,1
4054420086,2021092001228001,2026010600001001,0,0,0,0,1,1
4054440048,2017062900449001,2022091901117001,0,0,0,0,1,1
4054480027,2017103101026001,2022110101145001,0,0,0,0,1,1
4054500036,2019012901124001,2023103100852001,0,0,0,0,1,1
4054510014,2016052400355001,2025040700669001,0,0,0,0,1,1
4054520019,2018121900509001,2022061501299001,0,1,0,1,1,1
4054530015,2017030700512001,2021051200297001,0,0,0,0,1,1
4054560054,2019012201066001,2022062700226001,0,0,0,0,1,1
4054580014,2016042700130002,2025022001020002,0,0,0,0,1,1
4054580046,2016091500914001,2021042900468001,0,0,0,0,1,1
4054600007,2016120100293001,2024062500920001,0,0,0,0,1,1
4054600040,,2020042400284003,0,0,0,0,0,1
4054870021,2018081300655001,2021121000689001,0,0,0,0,1,1
4054890034,2017100300188001,2023122600674001,0,1,0,0,1,1
4054890048,2017082400414001,2023101800390001,0,1,0,0,1,1
4054960001,2018032001433001,2022050600576001,0,0,0,0,1,1
4055100058,2018101600388002,2022072700464001,0,0,0,0,1,1
4055110104,2018032901185001,2025012700561002,0,0,0,0,1,1
4055120004,2016091201237001,2022051700701002,0,0,0,0,1,1
4055130043,2017081800866003,2021010700392001,0,0,0,0,1,1
4055140064,2016120801003001,2023092101030001,1,0,0,0,1,1
4055150015,2019061800653001,2024101400064001,0,0,0,0,1,1
4055150038,2016092900344001,2021092301087001,0,0,0,0,1,1
4055190060,2020120300375001,2025062600146001,1,0,1,0,1,1
4055250067,2016051800257002,2021050800108001,1,0,0,0,1,1
4055320021,2017091800941001,2021102700506001,0,0,0,0,1,1
4055350023,2016070600167001,2019071001353003,0,1,0,0,1,1
4055410031,2019071600729001,2023011300281001,0,0,0,0,1,1
4055410043,2016122701278001,2023082500830001,0,0,0,0,1,1
4055440033,2020080300838001,2024031900832002,0,1,0,0,1,1
4055480023,2016110901133001,2022021700347002,0,0,0,0,1,1
4055480033,2019081400915001,2024123000445001,0,0,0,0,1,1
4055680028,,2023083100315001,0,1,0,1,0,1
4055690006,2016041500885001,2021052700526001,0,0,0,0,1,1
4055700010,2017082400585001,2021100800223001,0,0,0,0,1,1
4055740043,2016092700775001,2023060900488001,0,0,0,0,1,1
4055750030,2017111301236001,2025111801014001,0,0,0,0,1,1
4055810047,2020050700237001,2023090800456001,0,0,0,0,1,1
4055830072,2016112100458001,2025052100634001,0,0,0,0,1,1
4055850017,2019030800502001,2025062700790001,0,0,0,0,1,1
4055860001,2020030200486001,2025092300387001,0,0,0,0,1,1
4055890013,2017101601058001,2021091300501001,0,0,0,0,1,1
4055950030,2018011700281001,2022052000127001,0,1,0,0,1,1
4055950040,2016072800667001,2022030100732001,0,0,0,0,1,1
4055950044,2018011601468001,2023080801059002,0,1,0,0,1,1
4055980024,2016120501322001,2021012901267001,0,0,0,0,1,1
4055980028,2019121601433001,2024120600219001,0,0,0,0,1,1
4056020037,2017061400753001,2023070400011001,0,0,0,0,1,1
4056020040,2019111800689001,2025121800323001,0,0,0,0,1,1
4056060002,2018031400314001,2025072200636001,0,0,0,0,1,1
4056090003,2018040301170001,2025032400890001,0,0,0,0,1,1
4056090036,2017111000300001,2021092100830001,0,0,0,0,1,1
4056090045,2018060700289001,2022083000245001,0,0,0,0,1,1
4056140016,2017100400449001,2023071400753002,0,0,0,0,1,1
4056150004,2016101000788001,2025022400167001,0,0,0,0,1,1
4056150041,2017042701097001,2021051901311001,0,0,0,0,1,1
4056230066,2018012301355001,2021111500287001,0,0,0,0,1,1
4056260074,2016080201092001,2025100800096001,0,0,0,0,1,1
4056270024,2017072800772001,2025121700206001,0,0,0,0,1,1
4056450001,2020012600023001,2023112901125002,1,0,1,0,1,1
4056620033,2017040600202001,,0,0,0,0,1,0
4056640013,2017111000826001,2024071100154001,0,0,0,0,1,1
4056700061,2016112301151001,2023091400888001,0,0,0,0,1,1
4056780017,2017080800622001,2020120201159001,0,0,0,0,1,1
4056840028,2017112900469001,2024022000857001,0,0,0,0,1,1
4056910061,2018053000843001,2024092800032001,0,0,0,0,1,1
4056950055,2016112101274001,2022082500672001,0,0,0,0,1,1
4057350001,2021060700915001,2024060500320001,0,0,0,0,1,1
4057350016,2020121600137001,2024091300799001,0,0,0,0,1,1
4057470035,2017032101402001,2022072900795001,0,0,0,0,1,1
4057510032,2019082200318001,2024111100030001,0,0,0,0,1,1
4057510062,2016111600953001,2020061700313002,0,0,0,0,1,1
4057510066,2017091900522001,2021051300771001,0,0,0,0,1,1
4057520052,2019080600411001,2024090400713001,0,0,0,0,1,1
4057550018,2017122800556001,2025022800939001,0,0,0,0,1,1
4057570028,2020123100305001,2025092600494001,0,0,0,0,1,1
4057580043,2018060500730001,2021110800535001,0,0,0,0,1,1
4057590040,2017121900972001,2025112000899001,0,0,0,0,1,1
4057620041,2019090200002001,2025012400694002,0,0,0,0,1,1
4057660020,2016070600738001,2021040500913001,0,0,0,0,1,1
4057690050,2020112300914001,2025011000084001,0,0,0,0,1,1
4057720065,2016101900411002,2019123001125001,0,0,0,0,1,1
4057730023,2016070501257001,2019080200799001,0,0,0,0,1,1
4057740038,2017102600504001,2026011300945001,0,0,0,0,1,1
4058010030,2018110800582001,2023060200685001,0,0,0,0,1,1
4058630390,2018112000873001,2025071000274001,0,0,0,0,1,1
4058630420,2021060900863001,2024060700356001,0,0,0,0,1,1
4058650002,2016083001149001,2022040501396002,0,0,0,0,1,1
4058650122,2016110801159001,2025040700535001,0,0,0,0,1,1
4058930017,2019112500492001,2025121200741001,0,1,0,1,1,1
4059380098,2017022801241001,2022011101266001,0,0,0,0,1,1
4059440080,2016091600924001,2021103000035001,0,0,0,0,1,1
4059480025,2018081601276001,2021091001358001,0,0,0,0,1,1
4059480091,2017060400044002,2025081800611001,0,0,0,0,1,1
4059500010,2022012001452001,2025121200955002,0,0,0,0,1,1
4059520043,2021010200004001,2024123100699001,0,0,0,0,1,1
4059580132,2016033000971001,2021121400478001,0,0,0,0,1,1
4059610020,2017012401036001,2022050900367001,0,0,0,0,1,1
4059680038,2016120801248001,2021030500556004,0,0,0,0,1,1
4059690059,2018111600373001,2022090100972001,0,0,0,0,1,1
4059800038,2019101600441002,2025071100580001,0,0,0,0,1,1
4059890026,2016012200819004,2023103000901001,0,0,0,0,1,1
4059930023,2017050901141001,2023041000100001,0,0,0,0,1,1
4059950069,2018100300390001,2023072500955001,0,0,0,0,1,1
4059970013,2019032900989001,2023102700471001,0,0,0,0,1,1
4059990038,2016101701048001,2025031100367001,0,0,0,0,1,1
4060120009,2019042400758001,2022092200916001,0,0,0,0,1,1
4060190090,2016030401294001,2023061500820001,0,0,0,0,1,1
4060210007,2017031700606001,2025050700520001,0,0,0,0,1,1
4060220010,2016041300658001,2024100100601001,0,0,0,0,1,1
4060230009,2016053101053001,2024010800516001,0,0,0,0,1,1
4060230015,2016022500726001,2019082700088002,0,0,0,0,1,1
4060240032,2016042500802001,2024022100913001,0,0,0,0,1,1
4060250021,2017050200766001,2022101800798001,0,0,0,0,1,1
4060270038,,2022052400554001,0,0,0,0,0,1
4060280014,2019020501202001,2025012700274001,0,0,0,0,1,1
4060310026,2019031100831001,2024102100544001,0,0,0,0,1,1
4060330015,2017090700195001,2021102501356001,0,0,0,0,1,1
4060330050,2016060900624001,2019102800861001,0,0,0,0,1,1
4060370027,2017110600479001,2023120500673001,1,0,1,0,1,1
4060530028,2017030600546001,2024101700849001,0,0,0,0,1,1
4060540022,2017122900269002,2021122001149001,0,0,0,0,1,1
4060550112,2019081600070001,2025100100979001,0,0,0,0,1,1
4060570003,2017082500978001,2021100800713001,0,0,0,0,1,1
4060620047,2018011800167002,2025070600010001,0,0,0,0,1,1
4060760014,2016010800514001,2025081800856001,0,0,0,0,1,1
4060770018,2017082400802001,2025022800823002,0,0,0,0,1,1
4060780068,2021012801013001,2024021900061001,0,0,0,0,1,1
4060810017,2017041800592001,2024041200210001,0,0,0,0,1,1
4060820033,2019051301028001,2023122600100003,0,0,0,0,1,1
4060860026,2016080800705001,2021031900684001,0,0,0,0,1,1
4060860034,2020013000360001,2025100800735001,0,0,0,0,1,1
4060900008,2016080400397001,2022081500729001,0,0,0,0,1,1
4060900016,2016092200209001,2023042500443001,0,0,0,0,1,1
4060920011,2018010900947002,2021062500386003,0,0,0,0,1,1
4060930005,2016050200581001,2022033100432001,0,0,0,0,1,1
4060930029,2016081701331001,2025062600871001,0,0,0,0,1,1
4060960013,2016101000727001,2022032201428001,0,0,0,0,1,1
4060960019,2016112100592001,2021120800843001,0,0,0,0,1,1
4060990001,2019090401025001,2025012700737001,0,1,0,1,1,1
4061000025,2017092101185001,2022101200238003,0,0,0,0,1,1
4061100022,2020121500902001,2024121201141001,0,0,0,0,1,1
4061120021,2021020200435001,2025100700949001,0,0,0,0,1,1
4061190030,2016052001384002,2022031101058003,0,0,0,0,1,1
4061200042,2016110900999001,2022090800234002,0,0,0,0,1,1
4061460011,2018061401179001,2022040200107001,0,0,0,0,1,1
4061480018,2017080701189001,2022032800521001,0,0,0,0,1,1
4061480037,2016031700699001,2023072700949001,0,0,0,0,1,1
4061490038,2018092800924001,2025033100315001,0,0,0,0,1,1
4061520024,2017061400677001,2021120601608001,0,0,0,0,1,1
4061520034,2017110300283001,2023073000044001,0,0,0,0,1,1
4061530006,2016081501192001,2022041200180001,0,0,0,0,1,1
4061530042,2017071800685001,2022010400541001,0,0,0,0,1,1
4061540024,2016122201157001,2024090500323003,0,0,0,0,1,1
4061780015,2019050100194001,2023101900929001,0,0,0,0,1,1
4061780028,2021080301441003,2025042201012001,0,0,0,0,1,1
4061940030,2019061300875001,2022122900773001,0,0,0,0,1,1
4062030140,2018071800581001,2024080200384001,0,0,0,0,1,1
4062040030,2017011301090004,2022052601433003,0,0,0,0,1,1
4062050045,,2021111400056001,0,0,0,0,0,1
4062060037,2019091300924001,2022100700687001,0,0,0,0,1,1
4062070007,2018102700049002,2022033000155002,1,0,0,0,1,1
4062220010,2017081700860002,2022110400281001,0,0,0,0,1,1
4062270001,2016081900746001,2023122900353001,0,0,0,0,1,1
4062270084,2016052000508001,2024070200857002,0,0,0,0,1,1
4062390037,2022040800205001,2025120100750001,0,1,0,0,1,1
4062450038,2016090200796001,2023061200778001,0,0,0,0,1,1
4062470018,2017110600908001,2021062900669001,0,0,0,0,1,1
4062520012,2018050700112001,2025061001106001,0,0,0,0,1,1
4062710036,2016092901278001,2024073000270001,0,1,0,0,1,1
4062740012,2017062300052001,2024103101081002,0,0,0,0,1,1
4062790013,2016051800543001,2021071901028001,0,0,0,0,1,1
4062880010,2022010700358001,2025122900685001,0,0,0,0,1,1
4063090037,2017112801116001,2025052900279001,0,0,0,0,1,1
4063120022,2017021700931001,2024050300717001,0,0,0,0,1,1
4063140011,2018062000108001,2022021800589001,0,0,0,0,1,1
4063140013,2020071000641001,2023090501207001,0,1,0,0,1,1
4063190006,2017010500309002,2023081600226001,0,0,0,0,1,1
4063240014,2021090300146001,2025112500616001,0,0,0,0,1,1
4063270030,2022071100354001,2025091500440001,0,0,0,0,1,1
4063290023,2017032801288002,2020070701011001,0,0,0,0,1,1
4063390053,2022040400627001,2025070100559001,0,0,0,0,1,1
4063390096,2016112801089001,2020112000213001,0,0,0,0,1,1
4063400127,2018081601228001,2025050100111001,0,0,0,0,1,1
4063530045,2018062200143002,2024092301109002,0,0,0,0,1,1
4063580003,2019010200750001,2022063000916003,0,0,0,0,1,1
4063590004,2017041700656001,2025110100069001,0,0,0,0,1,1
4063670054,2016081101093001,2025121700121001,0,0,0,0,1,1
4063700101,2018092800756001,2022101700716001,0,0,0,0,1,1
4063790004,2018031201073001,2025070400023001,0,0,0,0,1,1
4063830041,2018040400899001,2025042300283001,0,0,0,0,1,1
4063840022,2020121401338001,2025093000572002,0,0,0,0,1,1
4063930016,2019020100603001,2022121600564001,0,0,0,0,1,1
4063930020,2018071601330001,2025040400529001,0,0,0,0,1,1
4063960036,2019072600350001,2023110100432001,0,1,0,0,1,1
4063990028,2018050900896001,2024071500173001,1,0,1,0,1,1
4064100014,2018041300631001,2023092700108001,0,0,0,0,1,1
4064140036,2016012700147001,2022091300193001,0,0,0,0,1,1
4064150012,2016051300561001,2021112400453001,0,1,0,0,1,1
4064190027,2017022701508001,2022020700358001,0,0,0,0,1,1
4064200013,2021102800375002,2025100800776004,0,0,0,0,1,1
4064290055,2018121300653003,2025103000990001,1,0,1,0,1,1
4064320052,2020010301187001,2024091800490001,0,0,0,0,1,1
4064340020,2022010700421002,2025112600382001,0,0,0,0,1,1
4064360046,2017111500979002,2022112200320002,0,0,0,0,1,1
4064380055,2020081400833002,2025110501046001,0,0,0,0,1,1
4064860019,2018111301010001,2023120100258001,0,0,0,0,1,1
4064870030,2017051900019001,2020091600796001,0,0,0,0,1,1
4065340010,2018091700848001,2024021200282001,0,0,0,0,1,1
4065340043,2022030800550002,2025121200560004,0,0,0,0,1,1
4065790141,2019082901211001,2025051500311001,0,0,0,0,1,1
4065850087,2019011300038001,2025070100685001,0,0,0,0,1,1
4065960023,2017111600820001,2022071301113001,0,0,0,0,1,1
4065970057,2018062601413001,2023061400101001,0,0,0,0,1,1
4065970062,2020020500554001,2024060500845001,0,0,0,0,1,1
4065980005,2020112600009001,2024100600024003,0,0,0,0,1,1
4065980076,2016071500948001,2022071400352003,0,0,0,0,1,1
4066230043,2016041500439001,2022030800215001,0,0,0,0,1,1
4066360043,2018072100047001,2021121601293001,0,0,0,0,1,1
4066380043,2022102400789001,2025123001285001,0,0,0,0,1,1
4066450003,2018070200809001,2021100501173001,0,0,0,0,1,1
4066450021,2018080301035001,2022092900624001,0,0,0,0,1,1
4066610020,2016011100521002,2023102301029001,0,0,0,0,1,1
4066620033,2018091100541001,2022122700748001,0,1,0,1,1,1
4066690039,2017102700876001,2023091400506001,0,0,0,0,1,1
4066760013,2017121800626001,2025022100283001,0,1,0,1,1,1
4066800019,2022100500669001,2025100300018001,0,0,0,0,1,1
4066810031,2016091600797001,2022081700453001,0,0,0,0,1,1
4066820005,2022010600784001,2025040100696001,0,0,0,0,1,1
4066860002,2017120801051001,2024111300386001,0,0,0,0,1,1
4066870020,2021031600368001,2026010700414001,0,0,0,0,1,1
4066870044,2016033100892001,2024062800591001,0,0,0,0,1,1
4066880023,2021050500353003,2025040900832003,0,0,0,0,1,1
4066980027,2021110400612001,2025063000404001,0,0,0,0,1,1
4067090023,2017111701084001,2025112600146001,0,0,0,0,1,1
4067090042,2021051701496001,2025102700692001,0,0,0,0,1,1
4067110050,2017092900680001,2021040900850001,0,0,0,0,1,1
4067120105,2016032900428001,2025092900854001,0,0,0,0,1,1
4067230047,2016060101155001,2019061100356001,1,0,1,0,1,1
4067230047,2019061100356001,2025092200951001,0,0,0,0,1,1
4067230055,2017092600066001,2025061500036001,0,0,0,0,1,1
4067240018,2022081001356001,2025123100590001,1,0,0,0,1,1
4067250048,2017012600841001,2026010800648002,0,0,0,0,1,1
4067290001,2017111000253001,2021120700364001,0,0,0,0,1,1
4067290034,2017033000743001,2022060200803001,0,1,0,1,1,1
4067330051,2020030301329001,2025021100378002,0,0,0,0,1,1
4067340013,2017030700315001,2021090200946001,0,0,0,0,1,1
4067360036,2016032100564002,2019091200995001,0,0,0,0,1,1
4067360038,2017112200211001,2023061600107001,0,0,0,0,1,1
4067390060,2020070600217001,2024043000140001,0,0,0,0,1,1
4067410045,2016100401302001,2021081900635001,0,0,0,0,1,1
4067420005,2020031001226001,2025032100596001,0,0,0,0,1,1
4067430025,2016120900782001,2023111600966001,0,0,0,0,1,1
4067460026,2017010300438001,2022110700386001,0,0,0,0,1,1
4067470079,2016033000607002,2022080700047001,0,0,0,0,1,1
4067500029,2016090200247001,2023012000699001,0,1,0,1,1,1
4067500065,2018121701012001,2024120600669001,0,0,0,0,1,1
4067510075,2018010500221001,2021071901262001,0,0,0,0,1,1
4067560103,2022081000865001,2025121101090001,1,0,1,0,1,1
4068000001,,2022011800394001,0,0,0,0,0,1
4068110015,2017050800364001,2022031700962001,0,0,0,0,1,1
4068110023,2016112801205001,2021021001193001,0,0,0,0,1,1
4068140044,2016050600102001,2022053100823001,0,0,0,0,1,1
4068160053,2017032700673001,2021090701087001,0,0,0,0,1,1
4068230016,2017010600457001,2024061200421001,0,0,0,0,1,1
4068230100,2019052400053001,2023060701008001,0,0,0,0,1,1
4068280046,2021120800993001,2025041000883001,0,0,0,0,1,1
4068410025,2017121401134001,2021121500434001,0,0,0,0,1,1
4068470009,2017112800978001,2025070800420001,0,0,0,0,1,1
4068470022,2018040400243001,2021121500730001,0,0,0,0,1,1
4068470028,2019072600371001,2025061100880001,0,0,0,0,1,1
4068540013,2017101600473001,2021102601420001,0,0,0,0,1,1
4068550050,2016022900336001,2021011800440001,0,0,0,0,1,1
4068550061,2016100800020001,2025061700498002,0,0,0,0,1,1
4068590026,2021030200839001,2025061600993001,0,0,0,0,1,1
4068640370,2016060901135001,2019120901333001,0,0,0,0,1,1
4068640381,2016050501160001,2021012500761003,0,0,0,0,1,1
4068640482,,2021111000722001,0,0,0,0,0,1
4068660407,2018032800106003,2025110900039001,0,0,0,0,1,1
4069020038,2017012000076003,2021052000420001,1,0,0,0,1,1
4069080059,2020081300210001,2023101800774001,0,0,0,0,1,1
4069180043,2017100301323001,2023081700794001,0,0,0,0,1,1
4069220009,2017012000144001,2020031000908001,0,0,0,0,1,1
4069250016,2019101200036001,2025030700292001,0,0,0,0,1,1
4069300026,2019080700356002,2024062600944001,0,0,0,0,1,1
4069360025,2018082500012001,2022120500393001,0,0,0,0,1,1
4069480013,2016090200932001,2023081600162001,0,0,0,0,1,1
4069560066,2018121400302001,2025021200617002,0,0,0,0,1,1
4069590010,2016101900511003,2025071600536001,0,0,0,0,1,1
4069780011,2017092701070001,2020111300777001,0,0,0,0,1,1
4069780033,2016031101082001,2022051800180001,0,0,0,0,1,1
4069820051,2017011701219001,2021080300714001,0,0,0,0,1,1
4069860011,2017092100681002,2021092300461001,0,0,0,0,1,1
4069860012,2017101101299001,2022031200137001,0,0,0,0,1,1
4069870015,2016022901200002,2023080300120001,0,0,0,0,1,1
4069870032,2016012700735001,2026010500736001,0,0,0,0,1,1
4069960032,2017060900097001,2022052500037001,0,0,0,0,1,1
4069970047,2018070600367001,,1,0,0,0,1,0
4069970052,2017050800748001,2022082301264001,0,0,0,0,1,1
4070010083,2018032701258001,2021072700942001,0,0,0,0,1,1
4070020041,2018092500644001,2025092400361001,0,0,0,0,1,1
4070040043,2016070100735001,2021040600214001,0,1,0,1,1,1
4070050045,2016122900959001,2025070300517001,0,0,0,0,1,1
4070080078,2020032400653001,2025122901045001,0,0,0,0,1,1
4070100052,2017053100430001,2021021601446001,0,0,0,0,1,1
4070290021,2021021200089002,2025082900344001,0,0,0,0,1,1
4070390014,2017122801021001,2021060900806001,0,0,0,0,1,1
4070390022,2017101701033001,2025042800851001,0,0,0,0,1,1
4070420025,2017071801310001,2024010500648001,1,0,0,0,1,1
4070460047,2017040800070001,2022061300555001,0,0,0,0,1,1
4070670033,2018102600682001,2024092500238001,0,0,0,0,1,1
4070730048,2017101600430001,2024031900704001,0,0,0,0,1,1
4070890045,2019102900213001,2023103100924001,0,0,0,0,1,1
4071070007,2020110600591001,2025031100908001,0,0,0,0,1,1
4071070021,2020091000749001,2024022000461001,0,0,0,0,1,1
4071070047,2019020500996001,2023051900063001,0,0,0,0,1,1
4071150054,2016121201207001,2020071001021001,1,0,0,0,1,1
4071260016,2018110900292001,2023051900149001,0,1,0,1,1,1
4071340019,2018060700229001,2023050300808001,0,0,0,0,1,1
4071340078,2017071000954001,2025013000421001,0,0,0,0,1,1
4071360026,2016060901398002,2025040200447001,0,0,0,0,1,1
4071370047,2018051500939001,2022032400632002,0,0,0,0,1,1
4071500038,2018121700502001,2024021400812001,0,0,0,0,1,1
4071640008,2016030401167001,2023060600389001,0,0,0,0,1,1
4071670033,2021122900481001,2025021000236001,0,0,0,0,1,1
4071770054,2016060600502001,2022092901002001,0,0,0,0,1,1
4071790006,2016080300912001,2022012800737001,0,0,0,0,1,1
4071800018,2017071300174001,2022020901394001,0,0,0,0,1,1
4071800064,2016012801091002,2024030100172001,0,0,0,0,1,1
4071810072,2017020101298002,2025052900541001,0,0,0,0,1,1
4071850037,2016040700661001,2022032300857001,0,0,0,0,1,1
4071860046,2016120800682001,2024061200584001,0,0,0,0,1,1
4071860052,2017041101015001,2025112500952002,0,0,0,0,1,1
4071870087,2017031001241003,2021111600944001,0,0,0,0,1,1
4071870097,2018062501408001,2022122900483001,0,0,0,0,1,1
4071910053,2017120600546001,2022111401066001,0,0,0,0,1,1
4071920029,2019051401282002,2025111701166001,0,0,0,0,1,1
4071920050,2019053100778001,,0,0,0,0,1,0
4072000036,2017120401316001,2025052000742001,0,0,0,0,1,1
4072050013,2019040800983001,2024041100700001,0,0,0,0,1,1
4072050027,2018062801284001,2021102600889003,0,0,0,0,1,1
4072100053,2018041800956001,2021090800456002,0,0,0,0,1,1
4072130057,2019060300605001,2025081300433001,0,0,0,0,1,1
4072140004,2019082900915002,2023071400590001,0,0,0,0,1,1
4072310110,2018053100995001,2021100800992001,1,0,1,0,1,1
4072320032,2021060300267001,2024071600463001,0,0,0,0,1,1
4072330076,2016062102936001,2023030500004001,0,0,0,0,1,1
4072360033,2018031401204001,2025060300258001,0,0,0,0,1,1
4072380032,2018091700240001,2022040101121001,0,0,0,0,1,1
4072390022,2018041900109001,2022052700479001,0,0,0,0,1,1
4072400072,2019020400579001,2024022600219001,0,0,0,0,1,1
4072450009,2017112001287001,2024091900564001,0,0,0,0,1,1
4072500026,2017120400765001,2025031701023001,0,0,0,0,1,1
4072570029,2017071800853001,2021072300057001,0,0,0,0,1,1
4072580022,2016070500724001,2022101900196001,0,0,0,0,1,1
4072650047,2018042300750001,2021120100448002,0,0,0,0,1,1
4072670016,2016100701125001,2025102900421001,0,0,0,0,1,1
4072690001,2021030400471001,2025121701209001,0,0,0,0,1,1
4072710050,2016093000229001,2020090901070001,0,0,0,0,1,1
4072740034,2017061901048001,2021042901310001,0,0,0,0,1,1
4073030015,2021050401268001,2025100100256001,0,0,0,0,1,1
4073060029,2019010700958001,2022032100462001,0,0,0,0,1,1
4073070004,2020120300234001,2024052100449001,0,0,0,0,1,1
4073080037,2019100100855001,2023082100781001,0,1,0,0,1,1
4073100057,2017072101193001,2024082100955001,0,0,0,0,1,1
4073100113,2018090100031001,2025050600047001,0,0,0,0,1,1
4073280040,2018053000527001,2025021201090001,0,0,0,0,1,1
4073300003,2017122801078001,2022101201165001,0,0,0,0,1,1
4073320116,2018101601144001,2022052000147001,0,0,0,0,1,1
4073320122,2019011700571003,2022070100882002,0,0,0,0,1,1
4073340052,2021082301474001,2025030100005001,0,0,0,0,1,1
4073360036,2016080900145001,2020010901321001,0,0,0,0,1,1
4073430007,2016100400278001,2020123000075001,0,0,0,0,1,1
4073440030,2018042600976001,2021061501116001,0,0,0,0,1,1
4073510026,2018052500334003,2022031800884003,0,0,0,0,1,1
4073600017,2017060700664001,2024032500800001,0,0,0,0,1,1
4073650023,2017092200269001,2024020400017001,0,0,0,0,1,1
4073650055,2017042100473001,2024062500633001,0,0,0,0,1,1
4073660046,2021082400991001,,0,0,0,0,1,0
4073660053,2021071300872001,2025032900028001,0,0,0,0,1,1
4073660059,2019032801100001,2022071200398001,0,0,0,0,1,1
4073690004,2020022800181001,2025030300950001,0,0,0,0,1,1
4073720066,2016112101197001,2021090201134001,0,0,0,0,1,1
4073760153,2018072300292001,2025070800849001,1,0,1,0,1,1
4073770012,2018061501001001,2025091700267001,0,0,0,0,1,1
4073770058,2016120800553001,2020052600827001,0,1,0,0,1,1
4073780047,2018070200173001,2021081800477001,0,0,0,0,1,1
4073780048,2020063000570001,2023111701106001,0,0,0,0,1,1
4073890058,2016081900575002,2025092500072002,0,0,0,0,1,1
4073970016,2016121201519001,2024091900140001,0,0,0,0,1,1
4074020114,2016082500195002,2019090600327001,0,0,0,0,1,1
4074040093,2017050200035003,2025072300278001,0,0,0,0,1,1
4074150009,2022010401301001,2025071600923001,0,0,0,0,1,1
4074150012,2016090201045001,2022010500499001,0,1,0,0,1,1
4074150023,2022081901067001,2025081500247002,0,0,0,0,1,1
4074150024,2016081100587002,2021062901097001,0,0,0,0,1,1
4074170048,2018042500968001,2021051600072001,0,0,0,0,1,1
4074240019,2018120400715003,2024080100347003,0,0,0,0,1,1
4074240028,2017061400894001,2022060601110002,0,0,0,0,1,1
4074310007,2018081400839001,2022071901525001,0,0,0,0,1,1
4074350025,2017011300684001,2021122700286001,0,0,0,0,1,1
4074360017,2016041301399001,2023021000216001,0,0,0,0,1,1
4074360048,2018051600265001,2021122900325001,0,0,0,0,1,1
4074430017,2019030800344001,2024062700681001,0,0,0,0,1,1
4074480052,2020111900697001,2025101900006001,0,0,0,0,1,1
4074560001,2017020700193001,2025022400867001,0,0,0,0,1,1
4074560030,2017050500278001,2024071500955001,0,1,0,0,1,1
4074570016,2016032200430001,2020071700932001,0,0,0,0,1,1
4074630034,2020031600561001,2023071800722001,0,0,0,0,1,1
4074660027,2019083000270001,2022122200292001,0,0,0,0,1,1
4074680031,2018072700344001,2024072400183001,0,0,0,0,1,1
4074690022,2016100500560001,2021090400039003,0,0,0,0,1,1
4074690026,2019071101014001,2025110200049001,0,0,0,0,1,1
4074690049,2018092400573001,2025111800795001,0,0,0,0,1,1
4075000080,2019072201041001,2024062800340001,0,0,0,0,1,1
4075030006,2017042100413001,2022101000391001,0,0,0,0,1,1
4075030056,2020103100098002,2025042200813001,0,0,0,0,1,1
4075040047,2017102301606001,2022082500995001,0,0,0,0,1,1
4075070010,2018081100028001,2022021101321001,0,0,0,0,1,1
4075090039,2017021401295001,2021092100193001,0,0,0,0,1,1
4075090075,2017122000637001,2023061400601001,0,0,0,0,1,1
4075090081,2017092801240001,2021010600982001,0,0,0,0,1,1
4075160019,2018041301017001,2025030700895001,0,0,0,0,1,1
4075160068,2022101801063001,2025123000342001,0,0,0,0,1,1
4075200052,2016040501413001,2025073101092001,0,0,0,0,1,1
4075220001,2017080700624001,2021021101120001,0,0,0,0,1,1
4075230026,2019091101255002,2023101200731001,0,1,0,0,1,1
4075230034,2017120700739001,2025081400198001,0,0,0,0,1,1
4075240031,2019091701268003,2025102100244001,0,0,0,0,1,1
4075240032,2018021500993003,2025051300524001,0,1,0,1,1,1
4075270024,2018011701078001,2022102800445001,0,0,0,0,1,1
4076010044,2017060700922001,2025100900908001,0,0,0,0,1,1
4076080034,2019051000657001,2025062300531001,0,0,0,0,1,1
4076080116,2018120400283001,2025042500856001,0,0,0,0,1,1
4076080143,2016060301377001,2025090600057001,0,0,0,0,1,1
4076090017,2016021100692001,2024100800568001,0,0,0,0,1,1
4076120036,2017071301129001,2021040500414001,0,0,0,0,1,1
4076140034,2019121000339001,2025052100787001,0,0,0,0,1,1
4076140074,2016062201381001,2025112401232001,0,0,0,0,1,1
4076160037,2020032800026001,2025112200075001,0,0,0,0,1,1
4076180010,2018020701366001,2026011400854001,0,0,0,0,1,1
4076230019,2017060800399001,2022031700664002,0,0,0,0,1,1
4076230035,2018053101024001,2023020600604001,0,0,0,0,1,1
4076230056,2019051401036001,2024022200324001,0,0,0,0,1,1
4076270035,2016092801042001,2024111300756002,0,0,0,0,1,1
4076270047,2016081500137001,2021101301260001,0,0,0,0,1,1
4076540045,2016061600893003,2025071000623001,0,0,0,0,1,1
4076620039,2018040200934001,2022072200573001,0,0,0,0,1,1
4076670034,2016042600649001,2019102500110001,0,0,0,0,1,1
4076670066,2017082600012001,2024071800382001,0,0,0,0,1,1
4076800031,2017032301328001,2022122300441001,0,0,0,0,1,1
4076880058,2018032601044001,2023072701111001,0,0,0,0,1,1
4076880064,2019071900573001,2024072500075001,0,0,0,0,1,1
4077470054,2017120400703001,2021061600476001,0,0,0,0,1,1
4077610105,2018082200896001,2022060701124003,0,0,0,0,1,1
4077610233,2018073000990002,2023042400321002,0,0,0,0,1,1
4077660007,2016113001311001,2022081700459001,0,0,0,0,1,1
4077660042,2020101900922001,2025010900193001,0,0,0,0,1,1
4077790041,2018071800547001,2022032800291001,0,0,0,0,1,1
4077800034,2018112901069001,2024110400600001,0,0,0,0,1,1
4077810011,2021070201405003,2025122400430001,0,0,0,0,1,1
4077810028,2019071000083001,2023090100578001,0,0,0,0,1,1
4077830050,2017110301111001,2023101301024001,0,0,0,0,1,1
4077870069,2020102200649001,2025010700323002,0,0,0,0,1,1
4077940463,2017060200925003,2025020600577001,0,0,0,0,1,1
4077940490,2017032000969001,2022030900644001,0,0,0,0,1,1
4077970040,2016111401459002,2024013000349001,0,0,0,0,1,1
4077970098,2017062601076002,2020092800535001,0,0,0,0,1,1
4078010004,2019052400668001,2025091900182001,0,0,0,0,1,1
4078010033,2018070400024001,2023010900531001,0,0,0,0,1,1
4078040004,2016030400694001,2022052501075001,0,0,0,0,1,1
4078090059,2016052401360001,2021031100087001,0,0,0,0,1,1
4078150023,2016081700025001,2023020600986001,0,0,0,0,1,1
4078170021,2017072400958001,2022072300034001,0,0,0,0,1,1
4078230025,2018061800854001,2024082000305001,0,0,0,0,1,1
4078320063,,2021092001131001,0,0,0,0,0,1
4078320083,2019031300806001,2022052000233001,0,0,0,0,1,1
4078330015,2017100400342001,2025090400341002,0,0,0,0,1,1
4078330052,2017010901452001,2021070100180002,0,1,0,0,1,1
4078340033,2020030900956001,2025011400490001,0,0,0,0,1,1
4078400041,2018040900712001,2022032801054001,0,0,0,0,1,1
4079020014,2016110301357002,2021071301424001,0,0,0,0,1,1
4079080037,2018061201228001,2024052300257001,0,0,0,0,1,1
4079150025,2016081800640003,2023072100403003,0,0,0,0,1,1
4079160029,2017051000481002,2021112400867001,0,0,0,0,1,1
4079180072,2019092700601001,2022110100850001,0,0,0,0,1,1
4079490011,2016060201307001,2024100900973001,0,0,0,0,1,1
4079500096,2021011000074001,2025071100545001,0,0,0,0,1,1
4079510049,2016022201179001,2021033000918001,0,0,0,0,1,1
4079540052,2019022501169001,2024100900863001,0,0,0,0,1,1
4079580032,2016122000169001,2021092101387001,1,0,1,0,1,1
4079620033,2018070900961001,2025011001044001,0,0,0,0,1,1
4079640046,2017101000815001,2023020600791001,0,0,0,0,1,1
4079660028,2018052300764002,2023111401218001,0,0,0,0,1,1
4079660118,2016012000783001,2025102800422003,0,0,0,0,1,1
4079670046,2016012100955001,2023030900399001,0,0,0,0,1,1
4079700004,2016091201400001,2022122200296002,0,0,0,0,1,1
4079700015,2016101000664003,2022072700671001,0,0,0,0,1,1
4079700018,2016050200772001,2025070900470001,0,0,0,0,1,1
4079740064,2016011400880001,2025041400902001,0,0,0,0,1,1
4079820013,2021050501003001,2024090400135001,0,0,0,0,1,1
4079820030,2017091900675001,2022092600978001,0,0,0,0,1,1
4079820037,2017011101676001,2020061900898001,0,0,0,0,1,1
4079840028,2016040500787001,2023060100304001,0,0,0,0,1,1
4079880011,2016081001210001,2019112501217001,0,0,0,0,1,1
4079890009,2019031101030001,2025052200447002,0,0,0,0,1,1
4079940008,2017010500418001,2021010900135001,0,0,0,0,1,1
4080010013,2016020900993002,2024030600543001,0,0,0,0,1,1
4080020296,2016062701623001,2020070700648002,0,0,0,0,1,1
4080040234,2016050900670001,2024071600664001,0,0,0,0,1,1
4080060150,2018051400465001,2022090900109001,0,0,0,0,1,1
4080170014,2016021000526001,2022021801065001,0,0,0,0,1,1
4080230016,2019103100808001,2023071400418001,0,0,0,0,1,1
4080520010,2017022701345001,2022020300792002,0,0,0,0,1,1
4080780005,2020113000795001,2024051300781001,0,0,0,0,1,1
4080800022,2020010600717001,2026010500316001,0,0,0,0,1,1
4080800029,2019050901046001,2023020600344001,0,0,0,0,1,1
4080950061,2017102701484004,2022041500979001,0,0,0,0,1,1
4080950069,2018091800895001,2022033001296003,0,0,0,0,1,1
4080960036,2016120500353001,2022012600156003,0,0,0,0,1,1
4080970061,2017012501482001,2023062700652001,0,0,0,0,1,1
4080990118,2019020700575001,2022030300479001,0,0,0,0,1,1
4081120053,2018062701063002,2022041700048002,0,0,0,0,1,1
4081120059,2016080901263001,2021050400340001,0,0,0,0,1,1
4081160050,2016101401391001,2023010500920001,0,0,0,0,1,1
4081170030,2016112801006001,2020042900441003,1,0,1,0,1,1
4081170035,2016103100274002,2022090200838001,0,0,0,0,1,1
4081180006,2017090600072002,2023112900899001,0,0,0,0,1,1
4081200056,2018020801287001,2021120200781001,0,0,0,0,1,1
4081260014,2018013100512001,2022071200277001,0,0,0,0,1,1
4081270057,2018042301355001,2024091800196001,0,0,0,0,1,1
4081270061,2018030101244001,2024012400762001,0,0,0,0,1,1
4081350006,2016022500563001,2024091200347002,0,0,0,0,1,1
4081400118,2019043000619002,2023021000271001,0,0,0,0,1,1
4081520040,2017040300083002,2022071201540001,0,0,0,0,1,1
4081620427,2018121101158002,2025050200743001,0,0,0,0,1,1
4081690026,2016080901184001,2022030300528001,0,0,0,0,1,1
4081710040,2016111800272002,2022072700611002,0,0,0,0,1,1
4081740047,2018072700272001,2023021500877001,0,0,0,0,1,1
4081860019,2019070300207002,2022120800204001,0,0,0,0,1,1
4082060034,2017062601435001,2022112800405001,0,0,0,0,1,1
4082200071,2018060600959001,2022090601031001,0,0,0,0,1,1
4082210162,2018020200542001,2024021400714001,0,0,0,0,1,1
4082280118,2016011300447002,2022052601600001,0,0,0,0,1,1
4082300066,2021052100790001,2025030500691001,0,0,0,0,1,1
4082310099,2016110800176001,2025022100279001,0,0,0,0,1,1
4082330421,2016051000808001,2022062900504001,0,0,0,0,1,1
4082400028,2019121801192001,2025022100103001,0,0,0,0,1,1
4082450011,2020041400676001,2025122900458001,0,0,0,0,1,1
4082450039,2016062300689001,2022110200440001,0,0,0,0,1,1
4082460001,2017102700088001,2021123001195001,0,0,0,0,1,1
4082460067,2017081401226002,2025061300834002,0,0,0,0,1,1
4082540063,2019051000474001,2024091700823003,0,0,0,0,1,1
4082560089,2016100700752002,2020031301062003,0,0,0,0,1,1
4082600004,2019101800538001,2024110100104001,0,0,0,0,1,1
4082600013,2019041100814001,2022062800287001,0,0,0,0,1,1
4082600213,2022011600012001,2025102400635001,0,0,0,0,1,1
4082630029,2017092501069001,2022051000436001,0,0,0,0,1,1
4082630074,2017071300427002,2021100900023002,0,0,0,0,1,1
4082860095,2016072201001001,2021073000969001,0,0,0,0,1,1
4082860130,2017121300471001,2021042700364001,1,0,0,0,1,1
4082870034,2017021600116001,2021060401024001,0,0,0,0,1,1
4082870034,2021060401024001,2025091500554001,0,0,0,0,1,1
4082880026,2019050600299001,2024082000424001,0,0,0,0,1,1
4082880034,2017122000550001,2024052000310001,0,0,0,0,1,1
4082890005,2016020300433001,2025102301053001,0,0,0,0,1,1
4082890074,2021021700807001,2024022300232001,0,0,0,0,1,1
4082890086,2016072101210002,2023120400755001,0,0,0,0,1,1
4082890089,2017112700913002,2025020601034001,0,0,0,0,1,1
4083040086,2017072801258001,2023031400065001,0,0,0,0,1,1
4083050073,2016031601172001,2023021300659001,1,0,1,0,1,1
4083050085,2016020200976002,,0,0,0,0,1,0
4083340032,2016012500501001,,0,0,0,0,1,0
4083490080,2017062001369001,2025100600483001,0,0,0,0,1,1
4083740051,2017042801141001,2022071101361001,1,0,0,0,1,1
4083750024,2017112900784001,2022012200125001,0,0,0,0,1,1
4083920172,2019110700353001,2025021201176001,0,0,0,0,1,1
4083950100,2016090601196001,2024110500351001,0,0,0,0,1,1
4083950178,2016060700892001,2021112301698003,0,0,0,0,1,1
4083960117,2020110800073001,2024090901107001,0,0,0,0,1,1
4083960121,2019030400748002,2024052100807001,0,0,0,0,1,1
4083990137,2016020400542001,2021071600529001,0,0,0,0,1,1
4083990191,2019031900562001,2023092600108001,0,0,0,0,1,1
4083990225,2018113000673002,2024052400758002,0,0,0,0,1,1
4083990272,2016080500957003,2023071000625001,0,0,0,0,1,1
4084000221,2017081801125001,2022022300165001,0,0,0,0,1,1
4084440032,2018120501216001,2022022201107002,0,0,0,0,1,1
4084440120,2017090700001001,2021070101269001,0,0,0,0,1,1
4085030032,2018043001161001,2022101300958001,0,0,0,0,1,1
4085060051,2019100200258001,2023080400718001,0,0,0,0,1,1
4085390029,2016031000462001,2025021801386001,0,0,0,0,1,1
4085460046,2017082401263001,2022102100637001,0,0,0,0,1,1
4085480036,2016032801487001,2023020801219001,0,0,0,0,1,1
4085490064,2017041100321001,2022080700041002,0,0,0,0,1,1
4085590008,2016121901192001,2024100200394001,0,0,0,0,1,1
4085610027,2018020101754001,2022031200133001,0,0,0,0,1,1
4085690038,2018050201335001,2024022000401001,0,0,0,0,1,1
4085720124,2018041001007001,2023042800220001,0,0,0,0,1,1
4085780001,2017020201559002,2023020601104001,0,0,0,0,1,1
4085830051,2017030701243001,2022040101226001,0,0,0,0,1,1
4085890014,2019100200171001,2025093000882001,0,0,0,0,1,1
4085890055,2017052301115002,2021021201308001,0,0,0,0,1,1
4085900043,2020012400415001,2023081700062001,0,0,0,0,1,1
4085980006,,2024062500166001,0,0,0,0,0,1
4086000047,2020032700554002,2025042500460002,0,0,0,0,1,1
4086000063,2017090800959001,2023072100427001,0,0,0,0,1,1
4086040069,2021081100733001,2024112100388002,0,0,0,0,1,1
4086060069,2021082701141001,2025042500399001,0,0,0,0,1,1
4086070170,2022011200924001,2025123001125001,0,0,0,0,1,1
4086080123,2018011601475001,2023080200111001,0,0,0,0,1,1
4086190041,2019020100428001,2025091700863001,0,0,0,0,1,1
4086200048,2021112800070001,2025122100008001,0,0,0,0,1,1
4086220082,2016042500284001,2022113000300001,0,0,0,0,1,1
4086260045,2018052101174001,2024120900938001,0,0,0,0,1,1
4086310018,2018031300175001,2023080700175002,0,0,0,0,1,1
4086380026,2018062501292001,2023061400313001,0,0,0,0,1,1
4086380028,2017030600123001,2021061700807001,0,0,0,0,1,1
4086380064,2019070900965001,2022080400268001,0,0,0,0,1,1
4086410013,2019121600835001,2023050800872001,1,0,1,0,1,1
4086540008,2019052800315001,2025090400167001,0,0,0,0,1,1
4086570032,2017110100908001,2024100800969001,0,0,0,0,1,1
4086590013,2018053100295003,2025092901112001,0,0,0,0,1,1
4086620028,2017090800396001,2023020800282001,0,0,0,0,1,1
4086640001,2019022201015001,2022060101217001,0,0,0,0,1,1
4086640031,2016020900891001,2019061400360001,0,0,0,0,1,1
4086650026,2016092000884001,2022071501534001,0,0,0,0,1,1
4086680163,2017101101182003,2025041800111001,0,0,0,0,1,1
4086780005,2018120701157001,2024020600466003,0,0,0,0,1,1
4087020119,2016050401308001,2022012300092001,0,0,0,0,1,1
4087020128,2016022000039001,2022051000959001,0,0,0,0,1,1
4087060006,2016062201242002,2020062400485001,0,0,0,0,1,1
4087070007,2018082700561002,2022101700420001,0,0,0,0,1,1
4087070044,2021071601390001,2025111000471001,0,0,0,0,1,1
4087150018,2018110201036001,2024013100465001,0,0,0,0,1,1
4087180017,2016100501234001,2021020500587001,0,0,0,0,1,1
4087190006,2018072500602001,2025070101136001,0,0,0,0,1,1
4087240208,2020052700889001,2025120600055001,0,0,0,0,1,1
4087250049,2018072400454001,2022092100623001,0,0,0,0,1,1
4087340019,2017032400923001,2025111300407001,0,0,0,0,1,1
4087350046,2016103100852001,2025121200899001,0,0,0,0,1,1
4087360044,2016072100260001,2019080700275001,0,0,0,0,1,1
4087380044,2018011800240001,2022061500556001,0,0,0,0,1,1
4087380062,2018013100171001,2022012100990001,0,0,0,0,1,1
4087400224,2017101900181001,2023111000212001,0,0,0,0,1,1
4087410153,2021100800841001,2025010800562001,1,0,0,0,1,1
4087420131,2019021400384001,2022040200103001,0,0,0,0,1,1
4087420149,2017111601192001,2025102900210001,0,1,0,0,1,1
4087520025,2016041200145001,2024072500450001,0,0,0,0,1,1
4087540036,2016072800424001,2025041700652001,0,0,0,0,1,1
4087590111,2018020601368002,2021021200096001,0,0,0,0,1,1
4087590170,2017050500036001,2025111700924001,0,0,0,0,1,1
4087660016,2016042801051001,2025032200034001,0,0,0,0,1,1
4087670122,2018032200800001,2023032300157001,0,0,0,0,1,1
4087710049,2019040400792001,2023040400176001,0,1,0,1,1,1
4087850033,2021070900235001,2025042300682001,0,0,0,0,1,1
4087920025,2018110501083001,2024011800979001,0,0,0,0,1,1
4087990017,2019091300679003,2023071800457001,0,0,0,0,1,1
4088000050,2018052500812001,2023010600300002,0,0,0,0,1,1
4088030046,2021110300481001,2025060200354001,0,0,0,0,1,1
4088030067,2016083100529001,2020021301013001,1,0,0,0,1,1
4088040001,2018022001691001,2023072700934001,0,0,0,0,1,1
4088080019,2021022400850001,2025121701309001,0,0,0,0,1,1
4088110003,2019101700958001,2023111400491001,0,0,0,0,1,1
4088110029,2016112500344001,2025011700495001,0,0,0,0,1,1
4088150001,2016063001575001,2020120200625001,0,0,0,0,1,1
4088150017,2017060200520001,2020111100603001,0,0,0,0,1,1
4088160001,2018042700200002,2023050300347001,0,0,0,0,1,1
4088170050,2020081800275001,2024070800851001,0,0,0,0,1,1
4088190004,2018032100492002,2024091300627001,0,0,0,0,1,1
4088290038,2016080900291001,2023051000519001,0,0,0,0,1,1
4088300103,2016123000642001,2025072301010001,0,0,0,0,1,1
4088390026,2020081100737001,2024031100766001,0,0,0,0,1,1
4088390064,2018030201112001,2021101900133001,0,1,0,0,1,1
4088390080,2019061401043001,2024010900722001,0,0,0,0,1,1
4088400129,2016082700035002,2022102400741001,0,0,0,0,1,1
4088410109,2016040801268001,2020031101268001,0,0,0,0,1,1
4088450030,2017022500105001,2024082600766001,0,0,0,0,1,1
4088460026,2019053100310001,2025122200963001,0,0,0,0,1,1
4088470132,2021092100697001,2025061900630001,1,0,1,0,1,1
4088470202,2017101100356001,2022042101557001,0,0,0,0,1,1
4088470232,2016102501259001,2021062900480001,0,0,0,0,1,1
4088500040,2020090100447001,2025052000037001,0,0,0,0,1,1
4088500058,2020100700852001,2024123000939001,0,1,0,0,1,1
4088550003,2016091501366001,2022042600294001,0,0,0,0,1,1
4088600005,2020021301399001,2024052100700001,0,1,0,1,1,1
4088610080,2018122400471001,2023081800402001,0,0,0,0,1,1
4088620012,2018112800360001,2023032200118001,0,0,0,0,1,1
4088690029,2017100400999001,2023050400207001,0,0,0,0,1,1
4088700057,2017091500876001,2020123000427001,0,0,0,0,1,1
4088720034,2022021501818001,2025061600592001,0,0,0,0,1,1
4088870010,2017071800589001,2023082100211001,0,0,0,0,1,1
4088880021,2017011701801001,2022060300806002,0,0,0,0,1,1
4088890041,2016031601221001,2021092800210001,0,0,0,0,1,1
4088910010,2017020400103001,2020073000566001,0,0,0,0,1,1
4088920048,2019091100669001,2024092600272001,0,0,0,0,1,1
4088920104,2016031101058001,2024081200576001,0,0,0,0,1,1
4088920106,2018031500625001,2024120200989001,0,0,0,0,1,1
4088950021,2016022200268001,2022011101223001,0,0,0,0,1,1
4088950052,2017112101475001,,0,0,0,0,1,0
4088980030,2016101300673002,2021090901520001,0,0,0,0,1,1
4089020007,2016122701333001,2021102600791001,0,0,0,0,1,1
4089050023,2017052401398001,2021120800618001,0,0,0,0,1,1
4089050027,2019021301110002,2024111800861001,0,0,0,0,1,1
4089070010,2017101901022001,2021081701265001,0,0,0,0,1,1
4089080060,2017100200165001,2022041200169001,0,0,0,0,1,1
4089090014,2017061500738001,2021072601339001,0,0,0,0,1,1
4089120002,2016062200663001,2020051300251001,0,0,0,0,1,1
4089120101,2019041200160001,2024091700814001,0,0,0,0,1,1
4089130002,2020033100292001,2023070800016001,0,0,0,0,1,1
4089150021,2016062002780001,2020092300222001,0,0,0,0,1,1
4089150068,2017030100479001,2022080200907001,0,0,0,0,1,1
4089150070,2017050401249001,2020072000283001,0,0,0,0,1,1
4089150074,2017071800457001,2021060801362001,0,0,0,0,1,1
4089180028,2022082901142001,2025101500212001,0,0,0,0,1,1
4089180049,2017032201314002,2024080100685002,0,0,0,0,1,1
4089180067,2016072700840001,2019110500317001,0,0,0,0,1,1
4089210039,2017072500227001,2024090500572001,0,0,0,0,1,1
4089230049,2018120500144001,2024061100871001,0,0,0,0,1,1
4089250004,,2024110700137001,0,0,0,0,0,1
4089270023,2019010400735001,2025050900022001,0,0,0,0,1,1
4089290160,2016041800398001,2021122100282001,0,1,0,1,1,1
4089350027,2016020200422002,2023091800684002,0,0,0,0,1,1
4089380030,2017020201493001,2025021300416002,0,0,0,0,1,1
4089420046,2017100500869001,2023022800746001,0,0,0,0,1,1
4089440037,2017110200803001,2022030901319001,0,0,0,0,1,1
4089440048,2018122600333001,2024080200509001,0,0,0,0,1,1
4089460025,2021112900992001,2025111600023001,0,0,0,0,1,1
4089460034,2019060501087001,2025073101086001,0,0,0,0,1,1
4089470028,2016040700058001,2025121600782001,0,0,0,0,1,1
4089470060,2017051000242001,2020110200197001,0,0,0,0,1,1
4089490022,2016120900135001,2025100100709001,0,0,0,0,1,1
4089510011,2017061601029002,2025122200309001,0,0,0,0,1,1
4089590066,2016080200077001,2024082000515001,0,0,0,0,1,1
4089590097,2016041500165001,2025080700480001,0,0,0,0,1,1
4089600018,2016051100282001,2020120400589001,1,0,1,0,1,1
4089610017,2019030400425001,2023020200265001,0,0,0,0,1,1
4089630087,2016042500305001,2020031900918002,0,0,0,0,1,1
4089640058,2017022600096001,2023122000418001,0,0,0,0,1,1
4089650013,2018062701301001,2022101900466001,0,0,0,0,1,1
4089660021,2019102901228001,2025112600463001,0,0,0,0,1,1
4089660022,2019040400895001,2024040201132001,0,0,0,0,1,1
4089660039,2018080900657001,2021100100800001,0,0,0,0,1,1
4089670017,2017082101285002,2025072200324001,0,0,0,0,1,1
4089710020,2017081100805001,2021011500431001,0,0,0,0,1,1
4089710025,2017100300896001,2021040500413001,0,0,0,0,1,1
4089710025,2021040500413001,2025061000001001,0,0,0,0,1,1
4089710026,2017101801173001,2023080100417001,0,0,0,0,1,1
4089730039,2018041200354001,2022121800030001,0,0,0,0,1,1
4089760044,2017060501176002,2025080800393001,0,0,0,0,1,1
4089780057,2018111600404001,2024111800355001,0,0,0,0,1,1
4089790036,2020012300798001,2024053000122001,0,0,0,0,1,1
4089790037,2019070200418002,2024121000377001,0,0,0,0,1,1
4089800060,2016012900963001,2020031700839001,0,0,0,0,1,1
4089810039,2016082500163001,2024092500786001,0,0,0,0,1,1
4089820052,2018072500949001,2023090600426001,0,0,0,0,1,1
4089830043,2017041000777001,2023072100662001,0,0,0,0,1,1
4089860010,2016121301734001,2025072100971001,0,0,0,0,1,1
4089860014,2020121700898001,2024052800446001,0,0,0,0,1,1
4089870035,2017022700406001,2023070700349001,0,0,0,0,1,1
4089920216,2017020200489001,2020081200148001,0,1,0,0,1,1
4089950017,2017101201145001,2021022600263001,0,0,0,0,1,1
4089950148,2016122900737001,2021010600781002,0,0,0,0,1,1
4089970034,2019081900413001,2024021500258001,0,0,0,0,1,1
4089970126,2017052301421001,2025101700600001,0,0,0,0,1,1
4089990026,2018100500631001,2024101200015001,0,0,0,0,1,1
4090030010,,2025120200763001,0,0,0,0,0,1
4090190018,2021112900253001,2025080501269001,0,0,0,0,1,1
4090210016,2016051801400001,2021100500130001,0,0,0,0,1,1
4090230026,2016030700787001,2024060401065001,0,0,0,0,1,1
4090230027,2016082900649001,2019100700359001,0,0,0,0,1,1
4090230027,2019100700359001,2024020500113001,0,0,0,0,1,1
4090250025,2020022800962001,2025010300162001,0,0,0,0,1,1
4090350016,2017081800200001,2023091900147001,0,0,0,0,1,1
4090360036,2020021200141001,2023052400684001,0,0,0,0,1,1
4090380055,2018102200121001,2025061100485001,0,0,0,0,1,1
4090390050,2019092401157001,2025090400502001,0,0,0,0,1,1
4090410043,2019091201217001,2025020501181001,0,0,0,0,1,1
4090460044,2017072600559001,2021051200057003,0,0,0,0,1,1
4090470009,2018092600274001,2022031600837001,0,0,0,0,1,1
4090480009,2019050701050001,2023102500500002,0,0,0,0,1,1
4090510015,2016120700859001,2022101500154001,0,0,0,0,1,1
4090540076,2022092700598001,2025102001077001,0,0,0,0,1,1
4090550022,2019053000681002,2023030900854001,0,0,0,0,1,1
4090600012,2018011400002001,2022032400569001,0,0,0,0,1,1
4090630043,2016020802241001,2023081701128001,0,0,0,0,1,1
4090750060,2017051600067001,2024072200180001,0,0,0,0,1,1
4090860037,2018081000115001,2025101401209001,0,0,0,0,1,1
4090920004,2019021101220001,2023010500647001,0,0,0,0,1,1
4090920010,2017111501256001,2025050600110001,0,0,0,0,1,1
4090960041,2017031001409001,2025092500538001,0,0,0,0,1,1
4091000064,2018031200922002,2022040700637001,0,0,0,0,1,1
4091040041,2017100401202001,2024121000740001,0,0,0,0,1,1
4091140002,2016010800645001,2021012901069001,0,0,0,0,1,1
4091180097,2019051001002001,2023060600188001,0,0,0,0,1,1
4091200004,2016012000314001,2021122300632001,0,0,0,0,1,1
4091200019,2018061300392001,2021091400266001,0,1,0,0,1,1
4091290057,2018030101167001,2024100100840001,1,0,0,0,1,1
4091360203,2019110400422001,2025040200122001,0,0,0,0,1,1
4091420016,2016092200276001,2021011100011001,0,0,0,0,1,1
4091480018,2018080800523003,2025052800973001,0,0,0,0,1,1
4091510061,2018113000511001,2022022301472001,0,0,0,0,1,1
4091520027,2021010200059001,2025040400632001,0,0,0,0,1,1
4091520056,2017020600711001,2024072400313001,0,0,0,0,1,1
4091560056,2016101101395001,2024111801025001,0,0,0,0,1,1
4091580036,2020022400532001,2024053000311001,0,0,0,0,1,1
4091600221,2019013100270001,2022091901306001,0,0,0,0,1,1
4091600224,2019071900493001,2023092500137001,0,0,0,0,1,1
4091620024,2018091800924001,2023021300482001,0,0,0,0,1,1
4091620123,2018091800817001,2023042500381001,0,0,0,0,1,1
4091630082,2016060801316001,2020122400345001,0,0,0,0,1,1
4091750079,2020011501502001,2024042600593001,0,0,0,0,1,1
4091780027,2017091301342001,2021100501029001,0,0,0,0,1,1
4091820049,2021092000591001,2025100100781001,0,0,0,0,1,1
4091830015,2016072601265001,2022042201181001,0,0,0,0,1,1
4091850008,2017091100482001,2025123000201001,0,0,0,0,1,1
4091870035,2017041100940001,2023062601231001,0,0,0,0,1,1
4091920039,2016081900600001,2021051200468001,0,0,0,0,1,1
4092030055,2018090700452001,2023103100340001,0,0,0,0,1,1
4092030071,2016090700917001,2020111100637003,0,0,0,0,1,1
4092200031,2016052500358001,2023051900271001,0,0,0,0,1,1
4092220020,2019091600353001,2024081100059002,0,0,0,0,1,1
4092240067,2018040400447001,2023020100440001,0,0,0,0,1,1
4092300051,2019031900103001,2023112101192001,0,0,0,0,1,1
4092320029,2017082301249001,2023041000548001,0,0,0,0,1,1
4092400108,2021060500032004,2024080100660001,0,0,0,0,1,1
4092480035,2016102100595001,2021041400610001,0,0,0,0,1,1
4092500042,2018090600989001,2024040200263001,1,0,1,0,1,1
4092690015,2022101201015001,2025102400628001,0,0,0,0,1,1
4092740087,2016122701571001,2022031500733001,0,0,0,0,1,1
4092780079,2018010500042001,2024062600808001,0,0,0,0,1,1
4092850060,2018110100518001,2022102200039001,0,0,0,0,1,1
4092880037,2020020301318001,2024052400192002,0,0,0,0,1,1
4092890104,2019012300174002,2023012000260001,0,0,0,0,1,1
4092900001,2020031300668002,2024031800779001,0,0,0,0,1,1
4092970024,2017020801195001,2021092200775001,0,0,0,0,1,1
4092990094,2019122301468001,2025080500823001,0,0,0,0,1,1
4093000099,2017121800341001,2021061501100001,0,0,0,0,1,1
4093010083,2016112101234001,2023111800059003,0,0,0,0,1,1
4093060062,2017111700412001,2020120400615001,0,0,0,0,1,1
4093140068,2017022400897001,2020082400723002,0,0,0,0,1,1
4093160044,2020063000364001,2024080500610001,0,0,0,0,1,1
4093160053,2018060400180001,2025081300208002,0,0,0,0,1,1
4093170043,2017011901474001,2021100700346001,0,0,0,0,1,1
4093200139,2017052600120001,2024042900395001,0,0,0,0,1,1
4093220028,2021102500733001,2024062600386001,1,0,0,0,1,1
4093240005,2019080900200001,2025100900716001,0,0,0,0,1,1
4093270014,2018051100284001,2021071900963001,0,0,0,0,1,1
4093270016,2018071300518001,2024080900345001,0,0,0,0,1,1
4093290051,2022041200508001,2025100300184001,0,0,0,0,1,1
4093320036,2019080600835001,2024090600427001,0,0,0,0,1,1
4093320052,2020011600073001,2025061200263001,0,0,0,0,1,1
4093370067,2016011401080001,2025061800805001,0,0,0,0,1,1
4093500001,2018120701038001,2025111000377001,0,0,0,0,1,1
4093500010,2019072200397001,2025120300462001,0,0,0,0,1,1
4093530004,2017021400785001,2025052000289001,0,0,0,0,1,1
4093550040,2018052901134001,2022033000492001,0,0,0,0,1,1
4093620050,2019020700639001,2025082200918001,0,0,0,0,1,1
4093750016,2016071901249001,2023022200007001,0,0,0,0,1,1
4093880026,2017060700201002,2022052000734001,0,0,0,0,1,1
4093910014,2017050200063001,2025100100411001,0,0,0,0,1,1
4093920015,2016012700383001,2019051700491001,0,0,0,0,1,1
4093960047,2018102201175001,2025020400853001,1,0,0,0,1,1
4093970037,2016022500427001,2022022400370001,0,0,0,0,1,1
4093980025,2017021000486001,2021081701085002,0,0,0,0,1,1
4094010060,2017011200628001,2021021801240002,0,0,0,0,1,1
4094050005,2021030501344001,2025081200537001,0,0,0,0,1,1
4094100029,2018091900161001,2023052501024001,0,0,0,0,1,1
4094130012,2017061600722001,2023071800781001,0,0,0,0,1,1
4094150179,,2022020101000001,0,1,0,0,0,1
4094160001,2016071101413001,2022022301445001,0,0,0,0,1,1
4094160062,2017082901248001,2024070200412001,0,0,0,0,1,1
4094170021,2019031200946001,2023102601082001,1,0,1,0,1,1
4094200020,2018050100675001,2022071100402001,0,0,0,0,1,1
4094200028,2018051100250001,2022040100375001,0,0,0,0,1,1
4094200037,2018021200797002,2021060200300001,0,0,0,0,1,1
4094210050,2018061101115001,2025072800975001,0,0,0,0,1,1
4094230016,2019092301073001,2025091100559001,0,0,0,0,1,1
4094250004,2016102800590003,2021011501160001,0,0,0,0,1,1
4094260041,2016061402608001,2025071600555001,0,0,0,0,1,1
4094280056,2020091000542001,2024010300637001,0,0,0,0,1,1
4094300056,2022062100364001,2025081800409001,0,0,0,0,1,1
4094310069,2017050400553002,2025051600110001,0,0,0,0,1,1
4094320048,2019111000002001,2025072100482002,0,0,0,0,1,1
4094330026,2017122201030001,2023010501032001,0,0,0,0,1,1
4094330058,2016101800941001,2023010601000001,0,0,0,0,1,1
4094340023,2017111601390001,2022062100441001,0,0,0,0,1,1
4094340053,2019041700474002,2025050900940001,0,0,0,0,1,1
4094370008,2017040501185001,2025071800543001,0,0,0,0,1,1
4094380032,2018052101176001,2022030200975001,0,0,0,0,1,1
4094380134,2018073000080001,2021110100591001,0,0,0,0,1,1
4094500049,2016122201380001,2020012401085001,0,0,0,0,1,1
4094540033,2017021701320001,2021090800705002,0,0,0,0,1,1
4094550037,2016101000820001,2022111900039001,0,0,0,0,1,1
4094580007,2016111200113001,2021022300276001,0,0,0,0,1,1
4094650017,2016102800055001,2023092000237002,0,0,0,0,1,1
4094700039,2016090900233001,2020121101423001,0,0,0,0,1,1
4094720002,2018052300967001,2022113000868001,0,0,0,0,1,1
4094720017,2017082501110001,2023122800932001,0,0,0,0,1,1
4094730038,2017101700854001,2022080400155001,0,0,0,0,1,1
4094860062,2016100400554001,2021112600595001,0,0,0,0,1,1
4094910059,2018041000311001,2022052700418001,0,0,0,0,1,1
4094920137,2016090601284001,2024090501070001,0,0,0,0,1,1
4094980022,2016020300895002,2019082900668001,0,0,0,0,1,1
4095000108,2019041000760001,2022050700054001,0,0,0,0,1,1
4095010025,2020041000241002,2023070800011001,0,0,0,0,1,1
4095080005,2018053100028001,2025033100691001,0,0,0,0,1,1
4095090018,2016071900271001,2025121000926001,0,0,0,0,1,1
4095160022,2018031901065002,2023102700586001,0,0,0,0,1,1
4095190019,2016071801488001,2025040100214001,0,0,0,0,1,1
4095290013,2016120801147002,2021022400796002,0,0,0,0,1,1
4095290020,2017081501187002,2024060600334001,0,1,0,1,1,1
4095290035,2016121301556001,2020020300362001,0,0,0,0,1,1
4095290061,2022040101080001,2025121901064001,0,0,0,0,1,1
4095310071,2016101300718001,2021011600056001,1,0,0,0,1,1
4095340079,2017080300638001,2025102001112001,0,1,0,1,1,1
4095360051,2020020500220001,2025032600728001,0,0,0,0,1,1
4095430075,2021082600238001,2024091100570001,0,0,0,0,1,1
4095440020,2019020700532001,2022052501130001,0,0,0,0,1,1
4095440025,2018052100524001,2023122100417001,0,0,0,0,1,1
4095440028,2016123000680001,2024121900926001,0,0,0,0,1,1
4095470024,2018081000482001,2021122000346001,0,0,0,0,1,1
4095480018,2017120600193002,2024121300629001,0,0,0,0,1,1
4095490062,2018051500034001,2024041200059001,0,0,0,0,1,1
4095490069,2016033101075001,2022020101375002,0,0,0,0,1,1
4095510036,2016072100967001,2019121000005001,0,0,0,0,1,1
4095520044,2016091900639001,2021042300527001,0,0,0,0,1,1
4095560044,2019092700408002,2023122100769001,0,0,0,0,1,1
4095560056,2018030600884001,2022010401279001,1,0,1,0,1,1
4095680053,2019012201124001,2025101700849001,0,0,0,0,1,1
4095700059,2016051201070001,2024081900659001,0,0,0,0,1,1
4095710012,2018081500152002,2022041300874001,0,0,0,0,1,1
4095710031,2019121901103001,2024061400263001,0,0,0,0,1,1
4095720046,,2022101700888001,0,0,0,0,0,1
4095720055,2016112300972002,2023081800656001,0,0,0,0,1,1
4095760014,2016020802197001,2025092200671001,0,0,0,0,1,1
4095760039,2018103100850001,2024010801189001,0,1,0,1,1,1
4095770029,2017102900054001,2021022200238001,0,0,0,0,1,1
4095780039,2016041301126001,2020112700318002,0,0,0,0,1,1
4095780079,2017122200206001,2023082200609001,0,0,0,0,1,1
4095790005,2019071001312001,2024031400301001,0,0,0,0,1,1
4095790031,2018032900355001,2022020200686001,0,0,0,0,1,1
4095790067,2019100200961001,2024012800014002,0,0,0,0,1,1
4095830007,2018011101038001,2022101300812001,0,0,0,0,1,1
4095910050,2017122600930001,2021062600118001,0,0,0,0,1,1
4095910061,2018040300455001,2021111600253001,0,0,0,0,1,1
4095920034,2018070901101001,2024112200363003,0,0,0,0,1,1
4095940010,2020030200413001,2024110100515001,0,0,0,0,1,1
4095950015,2020011401160001,2023032800229001,0,0,0,0,1,1
4095950061,2018120600717001,2025020400325001,0,0,0,0,1,1
4095990029,2016082400319001,2021022600200001,0,0,0,0,1,1
4096000023,2018020800393001,2022072801296001,0,0,0,0,1,1
4096030044,2017061901239001,2021062901678001,0,0,0,0,1,1
4096050001,2016030401271002,2021051200009001,0,0,0,0,1,1
4096070061,2017121201177001,2023062300658001,0,0,0,0,1,1
4096070077,2017110301148001,2022110700206001,0,0,0,0,1,1
4096140067,2017082201463001,2025010800547001,0,0,0,0,1,1
4096150031,2018091000327001,2025110400117001,0,0,0,0,1,1
4096300023,2016022301355001,2020111801278001,0,0,0,0,1,1
4096750003,2022031400752001,2025071400539001,0,0,0,0,1,1
4096810040,2018111300466001,2023112200824001,0,0,0,0,1,1
4096810041,2018111700007001,2023112200829001,0,0,0,0,1,1
4096830007,2016051000691003,2020101301226001,0,0,0,0,1,1
4097000020,2017061600655001,2021092800845001,0,0,0,0,1,1
4097010057,2017101700544001,2024070300343001,0,0,0,0,1,1
4097010062,2019030800943001,2022042601278001,0,0,0,0,1,1
4097080020,2017121300421001,2025022000139001,0,0,0,0,1,1
4097130130,2018100800128001,2024121101242001,0,0,0,0,1,1
4097130132,2021010800135001,2024121101116001,0,0,0,0,1,1
4097150212,2016062003861001,2021040100032001,0,0,0,0,1,1
4097160156,2020030400495001,2024111900614001,0,0,0,0,1,1
4097220005,2017042100156001,2024053100862001,0,0,0,0,1,1
4097220026,2021051001462001,2024080700100001,0,0,0,0,1,1
4097230212,2022022800827002,2025082700136001,0,0,0,0,1,1
4097240059,2018050300831002,2026022000076002,0,0,0,0,1,1
4097260029,2017111500465002,2025012700735001,0,0,0,0,1,1
4097310001,2018031300950001,2025013000191001,0,0,0,0,1,1
4097340016,2018032200274001,2024062800242001,0,0,0,0,1,1
4097340031,2017042001139001,2023061501113001,0,0,0,0,1,1
4097350011,2018042500886001,2021060200669001,0,0,0,0,1,1
4097360122,2016051800786001,2022092000944001,0,0,0,0,1,1
4097360134,2018102200130001,2022020100888001,0,0,0,0,1,1
4097390108,2021042201451002,2025043000714001,0,0,0,0,1,1
4097420134,2019122400692001,2023122600315001,0,0,0,0,1,1
4097420137,2019082500034001,2022091600280001,0,0,0,0,1,1
4097500013,2016102401346001,2025072200030001,0,0,0,0,1,1
4097760027,2016031701332001,2021011100566002,0,0,0,0,1,1
4097780017,2017072400732001,2025123000857001,0,0,0,0,1,1
4097870011,2016050500445001,2021020800577001,0,0,0,0,1,1
4097880033,2016080500637001,2021030400909002,0,0,0,0,1,1
4098070096,2017051900255001,2020060400536001,0,0,0,0,1,1
4098100054,2018051600035001,2023072800570001,0,0,0,0,1,1
4098220026,2017061300795001,2023061201086001,0,0,0,0,1,1
4098240065,,2023120500049001,0,0,0,0,0,1
4098280120,2019041200623001,2022051200268001,0,0,0,0,1,1
4098290014,2016091500388001,2020061000760001,0,0,0,0,1,1
4098410046,2017071100683001,2025102200321001,0,0,0,0,1,1
4098470012,2017081700933001,2022031401540001,0,0,0,0,1,1
4098520041,2017011001798001,2025041700946001,0,0,0,0,1,1
4098720036,2019013101184001,2026013100034002,0,0,0,0,1,1
4098790050,2019011601124003,2026010600151001,0,1,0,0,1,1
4098790058,2017032301174002,2022051100177001,0,0,0,0,1,1
4098790096,2018050900869001,2024082000097001,0,0,0,0,1,1
4098870010,2017103001240001,2024120300781001,0,0,0,0,1,1
4098900025,2019041100145001,2022050600688001,0,0,0,0,1,1
4098920054,2018012401273001,2021052701227001,0,0,0,0,1,1
4098960078,2019043000820001,2022120800605001,0,0,0,0,1,1
4099030074,2016042200921001,2023101300293001,0,0,0,0,1,1
4099060032,2019030701094001,2024110600619001,0,0,0,0,1,1
4099060066,2016012900306001,2019032600055001,0,1,0,1,1,1
4099230015,2016011100216001,2022122300455001,0,0,0,0,1,1
4099340034,2019071700483002,2023061100028001,0,0,0,0,1,1
4099350017,2016040100701001,2019071101173001,0,0,0,0,1,1
4099400086,2017040500334001,2025022700055001,0,0,0,0,1,1
4099520049,2017051000962001,2023110800199001,0,0,0,0,1,1
4099520053,2017041700908002,2020081300508001,0,0,0,0,1,1
4099580009,2016052701131001,2023112100614001,0,1,0,1,1,1
4099650001,2020042200634001,2024120600544001,0,0,0,0,1,1
4099660018,2017091901351001,2023052200322003,0,0,0,0,1,1
4099850032,2016081900294002,2022111700525001,0,0,0,0,1,1
4099920054,2021040700858001,2025051500936001,0,0,0,0,1,1
4100030091,2018040900366001,2024101000332001,0,0,0,0,1,1
4100180023,2016052001374001,2022070800958001,0,0,0,0,1,1
4100400026,2019051600934001,2023121900199001,0,0,0,0,1,1
4100510031,2017061700053001,2022062200774001,0,0,0,0,1,1
4100640067,2017080300451001,2022082500903001,0,0,0,0,1,1
4100670112,2020020500656001,2023061200282001,0,0,0,0,1,1
4100750110,2018071801291001,,0,0,0,0,1,0
4100760005,2016071200641001,2023111501088001,0,0,0,0,1,1
4100760022,2019031901248001,2023101200881001,0,0,0,0,1,1
4100770010,2018041901174001,2021121301382001,0,0,0,0,1,1
4100790032,2020032000679001,2023112900956001,0,0,0,0,1,1
4100800013,2018022201179001,2022051301011001,0,0,0,0,1,1
4100820026,2018010400115001,2024062500312001,0,0,0,0,1,1
4100840002,2018091200555001,2021090801259001,0,0,0,0,1,1
4100850006,2018071700584001,2022060201435001,0,0,0,0,1,1
4101210068,2017011101469001,2023122200425001,0,0,0,0,1,1
4101220018,2017121100395001,2021090301438001,0,0,0,0,1,1
4101300012,2018061401231001,2021071901458001,0,0,0,0,1,1
4101340058,2017030701001001,2021021601153001,0,0,0,0,1,1
4101410053,2017032900661001,2020041700716001,0,0,0,0,1,1
4101430011,2018042400562001,2022051701327001,0,1,0,0,1,1
4101670061,,2022030500075001,0,0,0,0,0,1
4101720016,2016052300921001,2019090400420001,0,0,0,0,1,1
4101730028,2016051000391001,2022061600405001,0,0,0,0,1,1
4101730050,2022062400369001,2025071100787001,0,0,0,0,1,1
4101780016,2017122800250001,2021020501037001,0,0,0,0,1,1
4101820049,2016122001236001,2024090301151001,0,0,0,0,1,1
4101900013,2016092400031001,2022012500989001,0,1,0,1,1,1
4101910030,2017082401137001,2025102500019001,0,0,0,0,1,1
4101940001,2016033000345001,2019070900021001,0,0,0,0,1,1
4101940002,2016091600862001,2022021000631001,1,0,1,0,1,1
4101940068,2017041400845001,2021072200772001,0,0,0,0,1,1
4101950166,2016050500127001,2021061800783001,0,0,0,0,1,1
4101980012,2016092600474001,2022060201439001,0,0,0,0,1,1
4101990122,2017070700903001,2021031001595001,0,0,0,0,1,1
4102010037,2018052201180001,2022040500773001,0,0,0,0,1,1
4102040020,2016070801215001,2021072901542001,0,0,0,0,1,1
4102040026,2020051800145002,2025101200022001,0,0,0,0,1,1
4102050001,2018030900277004,2023101800935001,0,0,0,0,1,1
4102070010,2019032200113001,2023050201115001,0,0,0,0,1,1
4102120038,2016040900018001,2025040400487001,0,0,0,0,1,1
4102210021,2019091601329001,2024100100565001,0,0,0,0,1,1
4102280014,2019122600257001,2025010900542001,0,0,0,0,1,1
4102290001,2018032700227001,2021102600673001,0,0,0,0,1,1
4102290004,2018121900025001,2024121700800001,0,0,0,0,1,1
4102290012,2019071100048001,2023081500999001,0,0,0,0,1,1
4102310113,2016041901353001,2020052800843001,0,0,0,0,1,1
4102320049,2016101000431001,2021100401268001,0,0,0,0,1,1
4102340246,2018011801092002,2022021900100001,0,0,0,0,1,1
4102340277,2022042500671001,2025090200847001,0,1,0,1,1,1
4102350319,2016032600054001,2025061700982001,0,0,0,0,1,1
4102430076,2016021700578001,2021032901287001,0,0,0,0,1,1
4102430078,2018072300417001,2021111500640002,0,1,0,1,1,1
4102510057,2020111200827001,2024122300447001,0,0,0,0,1,1
4102520003,2019100100701001,2025082100484001,0,0,0,0,1,1
4102520029,2016031100582001,2025012200082001,0,0,0,0,1,1
4102570049,2019032000655001,2022040300041001,0,0,0,0,1,1
4102570077,2016111001364002,2022072900695001,0,0,0,0,1,1
4102580105,2018122700893001,2025021900178001,0,0,0,0,1,1
4102650009,2020061700496001,2025060900669001,0,0,0,0,1,1
4102650141,2017072800517002,2021020900852001,0,0,0,0,1,1
4102680021,2016082300843001,2021030301540001,0,0,0,0,1,1
4102680054,2021081601286001,2026010700336001,0,0,0,0,1,1
4102700096,2017073100698001,2020111701390001,0,0,0,0,1,1
4102710137,2017052300234001,2022110600015001,0,0,0,0,1,1
4102720011,2019091701278001,2025122300293001,0,0,0,0,1,1
4102730121,2018050901055001,2024062700623001,0,0,0,0,1,1
4102740043,2018082200842001,2025122900341001,0,0,0,0,1,1
4102760046,2019101801212001,2024030700549001,0,0,0,0,1,1
4102840027,2019070500535002,2023050900246001,0,0,0,0,1,1
4102910023,2016121200889001,2020092900839001,0,0,0,0,1,1
4102920091,2021052000937001,2025112100858001,0,0,0,0,1,1
4102950048,2016042601002002,2019122600306001,0,0,0,0,1,1
4102970066,2018082300431001,2024100100043001,0,0,0,0,1,1
4103040061,2017122600438003,2024071000518002,0,0,0,0,1,1
4103060027,2017022200140001,2021071901158002,0,0,0,0,1,1
4103150018,2016033000604001,2023071800150001,0,0,0,0,1,1
4103450008,2018031400924001,2024102500648001,0,0,0,0,1,1
4103470092,2017020700886001,2025041400516001,0,0,0,0,1,1
4103480020,2020040800451001,2025102400445001,0,0,0,0,1,1
4103510010,2017070700646001,2025022700913001,0,0,0,0,1,1
4103510030,2016090601446001,2020110901194001,0,0,0,0,1,1
4103530185,2019011400649001,2023010501023001,0,0,0,0,1,1
4103620019,2018051200063001,2021120801436001,0,0,0,0,1,1
4103650020,2018010300963001,2021050501279001,0,0,0,0,1,1
4103660027,2016092900571001,2022030200775001,0,0,0,0,1,1
4103730032,2016040500595001,2021042901425001,0,0,0,0,1,1
4103740002,2018082100078002,2021090801054001,0,0,0,0,1,1
4103780042,2016040501159002,2020022400529001,0,0,0,0,1,1
4103870060,2022101800324001,2026011201297001,0,0,0,0,1,1
4103880032,2019111301259001,2023021500323001,0,0,0,0,1,1
4104010108,2016120101259001,2020103000723001,0,0,0,0,1,1
4104040016,2017052200911001,2021080500728001,0,0,0,0,1,1
4104150039,2017110300330001,2021090801011001,0,0,0,0,1,1
4104180045,2022022400824001,2025101700429001,0,0,0,0,1,1
4104240049,2017121400069001,2021092301540001,0,0,0,0,1,1
4104280050,2016080401164001,2025062300649001,0,0,0,0,1,1
4104290304,2018070500387001,2024111100449001,0,0,0,0,1,1
4104380026,2017100400774001,2021012900631001,0,0,0,0,1,1
4104380031,2018012401011001,2022060800401001,0,0,0,0,1,1
4104500021,2019090600788003,2025021201097001,0,0,0,0,1,1
4104560067,2018051101017001,2021062901199001,0,0,0,0,1,1
4104660053,2018071400016001,2023052201078001,0,0,0,0,1,1
4104710010,2016090101039002,2021051000255001,0,0,0,0,1,1
4104710040,2017110101323001,2023122700047001,0,0,0,0,1,1
4104720013,2016042101199001,2023112900217001,0,0,0,0,1,1
4104760002,2019070100064001,2025032700781001,0,0,0,0,1,1
4104970059,,2022081500677001,0,0,0,0,0,1
4105010015,2021110100744001,2025112100500002,0,0,0,0,1,1
4105010060,2016100501274001,2023060500594001,0,0,0,0,1,1
4105140027,2016113000700001,2022012800483001,0,0,0,0,1,1
4105140051,2016061402459001,2021080200262001,0,0,0,0,1,1
4105240252,2017121700030001,2022031000786001,0,0,0,0,1,1
4105260111,2016092300434001,2025090400774002,0,0,0,0,1,1
4105270010,2016071100649003,2025080401117001,0,0,0,0,1,1
4105320129,2016040700637001,2021060400003001,0,0,0,0,1,1
4105410083,2016122000584001,2021060300519001,0,0,0,0,1,1
4105500039,2017022701703001,2021022300994001,0,0,0,0,1,1
4105560029,2017071201152001,2023030200300001,0,0,0,0,1,1
4105590053,2017040200038001,2023020800680001,0,0,0,0,1,1
4105620038,2018071700485001,2023100400863001,0,0,0,0,1,1
4105680008,2017090101085001,2023012600493002,0,0,0,0,1,1
4105740011,2020081800861001,2025012200943001,0,0,0,0,1,1
4105750025,2016101701086001,2023070900054001,0,0,0,0,1,1
4105780011,2020032300922001,2024101600768002,0,0,0,0,1,1
4105910029,2018101000470002,2024091900094001,0,0,0,0,1,1
4106010029,2016100500727001,2021062301194001,0,0,0,0,1,1
4106020023,2017102501231001,2024072400326001,0,0,0,0,1,1
4106030044,2018083000263001,2022061800011001,0,0,0,0,1,1
4106060260,2018090400237001,2025082100041001,0,0,0,0,1,1
4106140012,2017051700366002,2022120200900001,0,0,0,0,1,1
4106140031,2016021701109001,2020070701074001,0,0,0,0,1,1
4106160018,2018062100697001,2023081400575001,0,0,0,0,1,1
4106190035,2016121901317001,2022021601324001,0,0,0,0,1,1
4106250003,2019080900315001,2024112500680001,0,0,0,0,1,1
4106320009,2019020701048001,2022060701328001,0,0,0,0,1,1
4106330014,2017092000178001,2025091100229001,0,0,0,0,1,1
4106400024,2019031201020001,2025100800450001,0,0,0,0,1,1
4106440031,2016092800913001,2022051000318001,0,0,0,0,1,1
4106460011,2017021601155001,2023082300820001,0,0,0,0,1,1
4106490019,2016081600978001,2020120600125001,0,0,0,0,1,1
4106540049,2018061301276001,2022070600016001,0,0,0,0,1,1
4106540075,2018092401135001,2023082800344001,0,0,0,0,1,1
4106550034,2017081400925001,2025032800749001,0,0,0,0,1,1
4106560101,2019081600954001,2022092200481001,0,0,0,0,1,1
4106570060,2017122000410001,2024091800366002,0,0,0,0,1,1
4106570075,2017082900941001,2024010801126001,0,0,0,0,1,1
4106580061,2019050100536001,2023050100440001,0,0,0,0,1,1
4106590043,2020020700640001,2024020100965001,0,0,0,0,1,1
4106590089,2019081401314001,2023081500929001,0,0,0,0,1,1
4106630041,,2023120800533001,0,0,0,0,0,1
4106630099,2016083100378001,2025022100215001,0,0,0,0,1,1
4106660014,2018050901297001,2021081500091001,0,0,0,0,1,1
4106660035,2016020900291001,2019123100530001,0,0,0,0,1,1
4106660115,2020070500055001,2025040400211001,0,0,0,0,1,1
4106670007,2019011701143001,2023081700387002,0,0,0,0,1,1
4106690109,2016120100836001,2024011000714001,0,0,0,0,1,1
4106920053,2017032200883001,2021061800554001,0,0,0,0,1,1
4106920053,2021061800554001,2025100700305001,0,1,0,0,1,1
4106970037,2018110700268001,2023031400072001,0,0,0,0,1,1
4107010069,2018020101794001,2021020401076001,0,0,0,0,1,1
4107070005,2016091401440001,2025011600395002,0,0,0,0,1,1
4107210015,2021060701075001,2025050100645003,0,0,0,0,1,1
4107270015,2016040400281002,2020021900644001,0,1,0,0,1,1
4107270023,2019031800400001,2025052200105001,1,0,1,0,1,1
4107380042,2019100700705001,2025050800939001,0,0,0,0,1,1
4107440024,2018041101189002,2023061800038001,0,0,0,0,1,1
4107450042,2020090400530001,2025040900382001,1,0,1,0,1,1
4107500004,2019122600200001,2023050400948001,0,0,0,0,1,1
4107500011,2016061302830002,2021071501026001,0,0,0,0,1,1
4107530015,2018022700247001,2023071700331003,0,0,0,0,1,1
4107570012,2016092801048001,2022050100042001,0,0,0,0,1,1
4107610001,2021110100897001,2025090900544001,0,0,0,0,1,1
4107610072,2018020900879001,2025123100614001,0,0,0,0,1,1
4107650001,2018080100488001,2023080300869001,0,0,0,0,1,1
4107650052,2019100201071001,2023011700675001,0,0,0,0,1,1
4107670050,2018091800888001,2021102500615001,0,0,0,0,1,1
4107680014,2018021300119001,2024013100872001,0,0,0,0,1,1
4107680015,2016090800317002,2020102200218001,0,0,0,0,1,1
4107680043,2017080801228001,2021112300174001,0,0,0,0,1,1
4107690001,2017092000802001,2020103001009001,0,0,0,0,1,1
4107730041,2016020801723001,2021060800149001,0,0,0,0,1,1
4107750134,2019060700054001,2025062800055001,0,0,0,0,1,1
4107900015,2018102200828001,2022060700102001,0,0,0,0,1,1
4108160012,2018010500832001,2025022100131001,0,0,0,0,1,1
4108160035,2019011401057001,2025092200932003,0,0,0,0,1,1
4108270001,2019061000025001,2023100200833001,0,0,0,0,1,1
4108270004,2018122600638001,2025070200783001,0,0,0,0,1,1
4108270007,2019080200970002,2025123100208001,0,0,0,0,1,1
4108290022,2018042100018002,2025050900719001,0,0,0,0,1,1
4108370039,2018121400683001,2025031400425001,0,0,0,0,1,1
4108550021,2016071800684001,2023071300089001,0,0,0,0,1,1
4108620022,2019070901004001,2023081700240001,0,0,0,0,1,1
4108630022,2017061900530001,2021102201334001,0,0,0,0,1,1
4108650006,2016030401305001,2021092000834001,0,0,0,0,1,1
4108670037,2018082000322001,2023012700635003,0,0,0,0,1,1
4108670043,2017032201233001,2022103100486001,0,0,0,0,1,1
4108700001,2021080201252001,2024081200205001,0,0,0,0,1,1
4108720004,2018062600469001,2023071400781001,0,0,0,0,1,1
4108730025,2018120600583001,2023100600020001,0,0,0,0,1,1
4108790004,2017102700544002,2025112600248001,0,0,0,0,1,1
4108860001,2016060700191001,2021072200405001,0,0,0,0,1,1
4108920026,2018011500426001,2025082700524001,0,0,0,0,1,1
4108930019,2019122300241001,2025031100290001,0,0,0,0,1,1
4108940033,2019041900131001,2022051000698001,0,0,0,0,1,1
4108990019,2021051101523001,2025061700684001,0,0,0,0,1,1
4109080039,2019112600099001,2023040500969001,0,0,0,0,1,1
4109090041,2018032700804001,2021052500945001,1,0,1,0,1,1
4109120020,2019081500790001,2022092001238001,0,0,0,0,1,1
4109140029,2019060501196002,2023050800768001,0,0,0,0,1,1
4109170025,2016051101200002,2023120800675001,0,0,0,0,1,1
4109280056,2020083000087001,2025052900834001,0,0,0,0,1,1
4109310012,2017091100229001,2024091900613001,0,0,0,0,1,1
4109330027,2017032700647001,2022042600514002,0,0,0,0,1,1
4109360245,2017053000585001,2025092300693001,0,0,0,0,1,1
4109420160,2017030901261001,,0,0,0,0,1,0
4109430234,2017020601646001,2025090300311001,0,0,0,0,1,1
4109480089,2020061200024001,2024123100339001,0,0,0,0,1,1
4109500092,2017051800451001,2023092600095001,0,0,0,0,1,1
4109530024,2019011800223001,2022061000718001,0,0,0,0,1,1
4109540009,2021012101179001,2024041000431001,0,0,0,0,1,1
4109630199,2019061700406001,2024121900868001,0,0,0,0,1,1
4109630223,2019091200656001,2025121201108001,0,0,0,0,1,1
4109640112,2016040100524001,2023081700613001,0,0,0,0,1,1
4109670171,2018122100133001,2022080900804001,0,0,0,0,1,1
4109680086,2016110201200001,2021050601142001,0,0,0,0,1,1
4109710010,2019070201428001,2023033100042001,0,0,0,0,1,1
4109720002,2018062500680001,2021081701698001,0,0,0,0,1,1
4109720012,2018092100055001,2022071200485001,0,0,0,0,1,1
4109760041,2018071601435001,2022092800559001,0,0,0,0,1,1
4109770026,2016050900072001,2023031600476001,0,0,0,0,1,1
4109800053,2020063000042002,2025071600623001,0,0,0,0,1,1
4109820204,2020010200424001,2024082101087001,0,0,0,0,1,1
4109820206,2020020100051001,2024060600873001,0,0,0,0,1,1
4109860028,2016070400093001,2020120100769001,0,0,0,0,1,1
4109920031,2020012700719001,2025030300331001,0,0,0,0,1,1
4109990089,2018062001067001,2024042000047002,0,0,0,0,1,1
4110020080,2016061001527001,2020120100573001,0,0,0,0,1,1
4110020080,2020120100573001,2024042300102001,0,0,0,0,1,1
4110120038,2018021301020001,2021042701220001,0,0,0,0,1,1
4110120040,2017061601054002,2020102600853001,0,0,0,0,1,1
4110130036,2016031100570001,2025042101006001,0,0,0,0,1,1
4110170026,2019041601028001,2024060600708001,0,0,0,0,1,1
4110180014,2019062000633001,2023011100525002,0,0,0,0,1,1
4110180061,2018040900549001,2022050900843001,0,0,0,0,1,1
4110230031,2018072300099001,2024110500727001,0,0,0,0,1,1
4110270317,2019080200485001,2024090300813001,0,0,0,0,1,1
4110270321,2019012200879001,2025092900881001,0,0,0,0,1,1
4110310013,2018011101659001,2024111200825001,0,0,0,0,1,1
4110330052,2017110600221001,2023080200463002,0,0,0,0,1,1
4110390068,2019010200990001,2022102500249001,0,0,0,0,1,1
4110400043,2018042000783001,2024112500252001,0,0,0,0,1,1
4110410027,2018121101173001,2022110300798001,0,0,0,0,1,1
4110440085,2019091800789001,2022110400223001,0,0,0,0,1,1
4110630032,2016051800305001,2022022401119001,0,0,0,0,1,1
4110630045,2018070900721002,2024022800267001,0,0,0,0,1,1
4110650009,2020013001354001,2024032200573001,0,0,0,0,1,1
4110650058,2019112601251001,2023061900296001,0,0,0,0,1,1
4110670045,2017042100080001,2025092400798001,0,0,0,0,1,1
4110730003,2017033000454001,2024042100012001,0,0,0,0,1,1
4110730117,2017011001142001,2020062500957001,0,0,0,0,1,1
4110820055,2019032900090001,2023112800991001,0,0,0,0,1,1
4110880008,2016062701315001,2025121801245001,0,0,0,0,1,1
4110920026,2019042900173001,2024060600273001,0,0,0,0,1,1
4110930007,2018030100903001,2023050300453001,0,0,0,0,1,1
4110930022,2017042000328001,2022021000382001,0,0,0,0,1,1
4110990019,2021040601289001,2026011100022001,0,0,0,0,1,1
4111000018,2021043000264001,2024112500868001,0,0,0,0,1,1
4111010087,2017101200858001,2023021000388001,0,0,0,0,1,1
4111020012,2017032000806001,2022082100041001,0,0,0,0,1,1
4111040063,,2023020200552001,0,0,0,0,0,1
4111070009,2020070200281001,2024122000363001,0,0,0,0,1,1
4111070048,2017061201044001,2022032201248001,0,0,0,0,1,1
4111150028,2017081900046001,2022081200720001,0,0,0,0,1,1
4111190050,2016080300495001,2023031700503001,0,0,0,0,1,1
4111240013,2020040800325001,2025112100099001,0,0,0,0,1,1
4111270035,2019102500775003,2022120500632001,0,0,0,0,1,1
4111270053,2018101600686001,2025100100196002,0,0,0,0,1,1
4111280023,2019071700263001,2025052700832001,0,0,0,0,1,1
4111340055,2017080201548001,2022032801142001,0,0,0,0,1,1
4111350101,2017091900864001,2022080801127001,0,0,0,0,1,1
4111360048,2017060701459001,2023052500885001,0,0,0,0,1,1
4111380033,2016041801409002,2022080201809001,0,1,0,1,1,1
4111420035,2017042700504002,2023050500117001,0,0,0,0,1,1
4111470006,2019080601264001,2025091800974001,0,0,0,0,1,1
4111510055,2018101600109001,2025111800291001,0,0,0,0,1,1
4111530027,2018052201057001,2025071700193001,0,0,0,0,1,1
4111580011,2017082401037001,2024052901054001,0,0,0,0,1,1
4111580017,,2024040900391001,0,0,0,0,0,1
4111690040,2017030601243001,2021050700329001,0,0,0,0,1,1
4111730030,2017111000599001,2022112200948001,0,0,0,0,1,1
4111750046,2022092700085001,2025102001223001,0,0,0,0,1,1
4111750066,2016041200436001,2024060500860001,0,0,0,0,1,1
4111840044,2019112000004001,2025101400496001,0,0,0,0,1,1
4111850004,2017110200818001,2025070201179001,0,0,0,0,1,1
4111970104,2018041700146001,2025032000893001,0,0,0,0,1,1
4111970132,2018062700199001,2025081200278001,0,0,0,0,1,1
4111980107,2017062201245001,2022062900900002,0,0,0,0,1,1
4112010025,2017102301541001,2022032500809001,0,0,0,0,1,1
4112190040,2016083001140001,2022051200597001,0,0,0,0,1,1
4112310092,2019050601120001,2022082201072001,0,0,0,0,1,1
4112330014,2017050301339001,2021021900912001,0,0,0,0,1,1
4112380048,2019060500154001,2025051200102001,0,0,0,0,1,1
4112440007,2016111401395001,2025061001097001,0,0,0,0,1,1
4112450069,2017110601046001,2022071300845001,0,0,0,0,1,1
4112530143,2019111300095001,2023100400513001,0,0,0,0,1,1
4112630017,2019012600075001,2025120600051003,0,0,0,0,1,1
4112700032,2021101401468001,2025061000767001,0,0,0,0,1,1
4112800038,2017081400788001,2021051400514001,0,0,0,0,1,1
4112810048,2018021300978002,2021090200994001,0,0,0,0,1,1
4112860003,2016111500983001,2022061300249001,0,0,0,0,1,1
4112870029,2020071000197002,2024062601079001,0,0,0,0,1,1
4112900001,2017041000654001,2024071600169001,0,0,0,0,1,1
4112910015,2016050600972001,2024090600432001,0,0,0,0,1,1
4112910019,2017030600290001,2022122700410001,0,0,0,0,1,1
4112930008,2016083100784001,2022090200372001,0,0,0,0,1,1
4112990030,2019051000796001,2023083100029001,0,0,0,0,1,1
4113020022,2019070301125001,2025080600042001,0,0,0,0,1,1
4113170057,2019120900854001,2024091200002001,0,0,0,0,1,1
4113180040,2019082901092001,2023011300527001,0,0,0,0,1,1
4113190029,2017010500179001,2022060301049001,0,0,0,0,1,1
4113230041,2019100300270001,2023032200536001,0,0,0,0,1,1
4113430010,2016020300544001,2025120200555001,0,0,0,0,1,1
4113450012,2019012200592001,2025050100499001,0,0,0,0,1,1
4113450036,2019081800022001,2025032500898001,0,0,0,0,1,1
4113540039,2019042600499001,2024102300001001,0,0,0,0,1,1
4113560021,2019020400899001,2024062800518001,0,0,0,0,1,1
4113640041,2017120700620001,2025060300164001,0,0,0,0,1,1
4113660039,2018032200248001,2021071300547001,0,0,0,0,1,1
4113690132,2017011000557001,2024021200491001,0,0,0,0,1,1
4113720053,2018020500392001,2025013100664001,0,0,0,0,1,1
4114040032,2018033000240001,2021042400128001,1,0,1,0,1,1
4114060055,2017033000815001,2025091000350001,0,0,0,0,1,1
4114140024,2020082600512001,2025060400432001,0,0,0,0,1,1
4114260017,2018112800136001,2023071701050001,0,0,0,0,1,1
4114420023,2017021500067001,2024041400043001,0,0,0,0,1,1
4114570031,2016101201303001,2026010900988001,0,0,0,0,1,1
4114720035,2021030100226001,2026010600835001,0,0,0,0,1,1
4114730030,2016071900709001,2025070400008001,0,0,0,0,1,1
4114810054,2017122900310002,2023012700777001,0,0,0,0,1,1
4114810060,2017120100341001,2023122900381001,0,0,0,0,1,1
4114880043,2016110301097001,2020012400397001,0,0,0,0,1,1
4114910012,2017112000473001,2022030500052001,0,0,0,0,1,1
4114920040,2021010100034001,2025011600382001,0,0,0,0,1,1
4114920052,2017071901177001,2020081100437001,0,0,0,0,1,1
4114930047,2016032900376002,2021081201203001,0,0,0,0,1,1
4115000121,2016111500491001,2020052000791001,0,0,0,0,1,1
4115010201,2016061700467001,2021110300496001,0,0,0,0,1,1
4115130042,2016091300995001,2025070900627001,0,0,0,0,1,1
4115130047,2016042000818001,2021090200783001,0,0,0,0,1,1
4115150039,2019051400358001,2023011901068001,0,0,0,0,1,1
4115300010,2016113000779002,2023111000340003,0,0,0,0,1,1
4115320019,2016081101063001,2024041800477001,0,0,0,0,1,1
4115320031,2017022200619001,2020120400551003,0,0,0,0,1,1
4115330038,2016050600020001,2023083000243001,0,0,0,0,1,1
4115480020,2020021400634001,2024072400783001,0,0,0,0,1,1
4115590015,2018061100307001,2022092400044001,0,0,0,0,1,1
4115590045,2020072100642001,2025012800268001,0,0,0,0,1,1
4115890033,,2020052200671001,0,0,0,0,0,1
4115920022,2016101901473001,2021061600882001,0,1,0,1,1,1
4115960016,2018010800068001,2023122900408002,1,0,0,0,1,1
4115970037,2019062401114001,2023081700178001,0,0,0,0,1,1
4115990006,2017051900715001,2022021400917001,0,0,0,0,1,1
4116000035,2017100200726001,2022022801307001,0,0,0,0,1,1
4116000036,2017091901241001,2021030201454001,1,0,0,0,1,1
4116030041,2016062800232001,2022081000733003,0,0,0,0,1,1
4116060018,2018091800294001,2021100701251001,0,0,0,0,1,1
4116060026,2017010300729001,2022061701192001,0,0,0,0,1,1
4116060047,2017081600546001,2022042600405001,0,0,0,0,1,1
4116080039,2018102300623001,2024010300652001,0,0,0,0,1,1
4116110017,2018082100877002,2025032600644001,0,0,0,0,1,1
4116110044,2018031900257001,2021110200356001,0,0,0,0,1,1
4116180012,2018030600637001,2025021100619001,0,0,0,0,1,1
4116200050,2018080701070001,2021081800361001,0,0,0,0,1,1
4116250045,2017110601279001,2024082200605001,0,0,0,0,1,1
4116360002,2021121000135001,2025090300919001,0,0,0,0,1,1
4116430016,2016060600528001,2022021801334001,0,0,0,0,1,1
4116470053,2018022700358001,2024080900803001,0,0,0,0,1,1
4116480004,2021040200991001,2024050800999001,0,0,0,0,1,1
4116480010,2019040900354001,2023020200667001,0,0,0,0,1,1
4116490001,2017062600150001,2020110901101001,0,0,0,0,1,1
4116510019,2018072001069001,2021112900580001,0,0,0,0,1,1
4116520037,2020060100318001,2024022600251001,0,0,0,0,1,1
4116540008,2020050400902001,2024100900174001,0,0,0,0,1,1
4116600030,2016020100663001,2021071700014001,0,0,0,0,1,1
4116600042,2016092701362001,2021091700413003,0,0,0,0,1,1
4116770053,2020091100433002,2024092500915001,0,0,0,0,1,1
4116780009,2017102000781002,2021081300601001,0,0,0,0,1,1
4116780027,2017073100650001,2021050700647001,0,0,0,0,1,1
4116780069,2018120600831001,,0,0,0,0,1,0
4116820045,2016033100031001,2025102900376001,0,0,0,0,1,1
4116830011,2016100400583001,2025081500048001,0,0,0,0,1,1
4116830109,2019020400196001,2022091200543001,0,0,0,0,1,1
4116840003,2018061500526002,2025120800378001,0,0,0,0,1,1
4116870011,2016020701988001,2022101000399001,0,0,0,0,1,1
4116870025,2019093000180001,2023111301613001,0,0,0,0,1,1
4116900054,2020101900617001,2024022700587001,0,0,0,0,1,1
4116940012,2016021802092001,2021062200958001,1,0,1,0,1,1
4116940018,2019042200371001,2025121000695001,0,0,0,0,1,1
4116970013,2017112201025001,2022011100741001,0,0,0,0,1,1
4116980055,2016121900527001,2025062700021001,0,0,0,0,1,1
4117050049,2017042600728001,2025071700892001,0,0,0,0,1,1
4117130065,2020091401151001,2024090900978001,0,0,0,0,1,1
4117200009,2019050701134001,2022070500441001,0,0,0,0,1,1
4117210020,2016092400056001,2021030201304001,0,0,0,0,1,1
4117210058,2017062101338001,2021040200348002,0,0,0,0,1,1
4117220043,2016030700150001,2020062400934001,0,0,0,0,1,1
4117230041,2018012200647001,2023100500467001,0,0,0,0,1,1
4117250058,2016071800543001,2021070700459001,0,0,0,0,1,1
4117290044,2017090600571001,2023092601014002,0,0,0,0,1,1
4117330039,2016062003056001,2019111400989001,0,0,0,0,1,1
4117380053,2017013101639001,2021101400520001,0,0,0,0,1,1
4117400041,2022041200312001,2025090900543001,0,0,0,0,1,1
4117460009,2019052300107001,2024011900408001,0,0,0,0,1,1
4117490034,2022022801068001,2025040100611001,0,0,0,0,1,1
4117520083,2018120300794003,2022032300321001,0,0,0,0,1,1
4117540004,2017031000385001,2025123000001001,0,0,0,0,1,1
4117550079,2017050500663001,2022073000077001,0,0,0,0,1,1
4117570088,2018082201262001,2021082500636001,0,0,0,0,1,1
4117580012,2018022300523001,2022090200099001,0,0,0,0,1,1
4117630006,2017072900014001,2021041300383001,0,0,0,0,1,1
4117680086,2018050100568001,2021080201366001,0,0,0,0,1,1
4117760072,2018080800269001,2022100500839002,0,0,0,0,1,1
4117780030,2019100100168001,2024052100153001,0,1,0,0,1,1
4117830036,2016061601813001,2022081000902001,0,1,0,1,1,1
4117880052,2018120400487001,2024020900319001,0,0,0,0,1,1
4117910011,2017022701827001,2022042001440001,0,0,0,0,1,1
4117910095,2019072901136001,2023072100554001,0,0,0,0,1,1
4117940006,,,0,0,0,0,0,0
4118020010,2016031001258003,2019122300896001,0,0,0,0,1,1
4118050024,2019050200812001,2024022701000001,0,0,0,0,1,1
4118080052,2019111400184001,2025040100456001,0,0,0,0,1,1
4118160012,2016122100931001,2022060700529001,0,0,0,0,1,1
4118180028,2016060100828001,2020011300794003,0,0,0,0,1,1
4118220027,2020041400466001,2024110700284001,0,0,0,0,1,1
4118640040,2019043001301001,2025031200969001,0,0,0,0,1,1
4118670028,2018111301360001,2022041300571001,0,0,0,0,1,1
4118800010,2019032100899001,2025052800510001,0,0,0,0,1,1
4118930001,2017010901607001,2021013000050001,0,0,0,0,1,1
4118930001,2021013000050001,2024022200375001,0,0,0,0,1,1
4118960009,2016092100823001,2022092100438001,0,0,0,0,1,1
4118970008,2016121901401001,2021082601162001,0,0,0,0,1,1
4118980036,2018062100348001,2021110801030002,0,0,0,0,1,1
4118980043,2017050300675001,2020112301721001,0,0,0,0,1,1
4119310010,2018102900253001,2024091800420001,0,0,0,0,1,1
4119380063,2017071200950001,2020111801250001,0,0,0,0,1,1
4119410263,2016021001075001,2022121300581001,0,0,0,0,1,1
4119430024,2017012400254001,2023081701087001,0,0,0,0,1,1
4119430030,2018112100257001,2025040300828001,0,0,0,0,1,1
4119440008,2017112000295001,2022021700906001,0,0,0,0,1,1
4119560013,2017080201087001,2024031100799001,0,0,0,0,1,1
4119600072,2017102501320001,2025060600349001,0,0,0,0,1,1
4119630012,2016082401223002,2023060101064001,0,0,0,0,1,1
4119630029,2020022701353001,2025100200946001,0,0,0,0,1,1
4119660024,2020011700749002,2025031001160001,0,0,0,0,1,1
4119660085,2018053100218001,2024111600020001,0,0,0,0,1,1
4119680023,2016051801312001,2020111900431001,0,0,0,0,1,1
4119700015,2019010801222001,2022010301005001,0,0,0,0,1,1
4119710001,2017022100231002,2024112500275001,0,0,0,0,1,1
4119710025,2018101700366002,2023041500001001,0,0,0,0,1,1
4119720056,2019110400408001,2023090600274001,0,0,0,0,1,1
4119740022,2021031600141001,2026010200114001,0,0,0,0,1,1
4119750038,2019112600625001,2024022900761001,0,0,0,0,1,1
4119750042,2017060201111001,2025092900713001,0,0,0,0,1,1
4119750050,2016102700947001,2024101500512001,0,0,0,0,1,1
4119760069,2018080100927001,2024032000313001,0,0,0,0,1,1
4119770018,2018031300518001,2022042000666001,0,0,0,0,1,1
4119770054,2020120800831001,2024073000777001,0,0,0,0,1,1
4119780017,2016042200988001,2022022401258001,0,0,0,0,1,1
4119780021,2016101400453001,2021110300970001,0,0,0,0,1,1
4119850039,2022052601057001,2025071400376001,0,0,0,0,1,1
4119900003,2018032600894001,2021102900311001,0,0,0,0,1,1
4119900012,2017092501321001,2022111800662001,0,0,0,0,1,1
4119910203,2018123000041001,2025111400469001,0,0,0,0,1,1
4119930049,2016040501476001,2023051000846001,0,0,0,0,1,1
4119970286,2020022701172002,2025052901117001,0,0,0,0,1,1
4119970311,2019102800582001,2023071801188001,0,0,0,0,1,1
4119970314,2018021501294001,2022102400614001,0,0,0,0,1,1
4120000007,2019043001256001,2024123100779001,0,0,0,0,1,1
4120050027,2016061401576001,2019081000010001,0,0,0,0,1,1
4120060001,2018040401161001,2022081600354001,0,0,0,0,1,1
4120060006,2018081000856001,2023011200300001,0,0,0,0,1,1
4120060016,2018011800970001,2021102801687001,0,0,0,0,1,1
4120070275,2018050100277001,2023100400820001,0,0,0,0,1,1
4120070280,2017010901151001,2020120600124001,0,0,0,0,1,1
4120080046,2017102501348001,2021052800040001,0,0,0,0,1,1
4120080066,2017050200850001,2022033000734001,0,0,0,0,1,1
4120140063,2018022300825001,2021081100443001,0,0,0,0,1,1
4120140093,2017112100407001,2022042600696001,0,0,0,0,1,1
4120150066,2017032400379001,2022060600937001,0,0,0,0,1,1
4120150092,2017011001784001,2022072600752001,0,0,0,0,1,1
4120150166,2018041900944001,2021122400196001,0,0,0,0,1,1
4120210032,2018061501251001,2022081601238001,0,0,0,0,1,1
4120250064,2019010800597001,2022052400317001,0,0,0,0,1,1
4120250065,2017021401131001,2020051100914001,0,0,0,0,1,1
4120260062,2016072700775001,2025032500675001,0,0,0,0,1,1
4120280006,2019032700345001,2025051300399002,0,0,0,0,1,1
4120350044,2016111100107001,2019123001249001,0,0,0,0,1,1
4120390028,2021061601066001,2025052800273001,0,0,0,0,1,1
4120400129,2019030700397001,2023052200887001,0,0,0,0,1,1
4120410050,2020030200910001,2025090300934001,0,0,0,0,1,1
4120410053,2018111900536001,2024100300028001,0,0,0,0,1,1
4120430084,2018030100762001,2024072800041001,0,0,0,0,1,1
4120430107,2016051000504001,2021080200941001,0,0,0,0,1,1
4120440072,2019092000292001,2025121100516001,0,0,0,0,1,1
4120500047,2019091300473001,2025022600264001,0,0,0,0,1,1
4120500051,2017100200277001,2022101500155001,0,0,0,0,1,1
4120500249,2017121300504002,2021090400056001,0,0,0,0,1,1
4120550042,2016070600906001,2021012700157001,0,0,0,0,1,1
4120600275,2021081200044001,2025031900736001,0,0,0,0,1,1
4120620063,2020073100617002,2026010200426002,0,0,0,0,1,1
4120640003,2018041800920001,2024102200424001,0,0,0,0,1,1
4120700064,2018053000809001,2023122000465001,0,0,0,0,1,1
4120710027,2017100600200001,2022040100232001,0,0,0,0,1,1
4120710027,2022040100232001,,0,0,0,0,1,0
4120770002,2020120700419001,2024123000917001,1,0,1,0,1,1
4120810152,2019041101105001,2022060901139002,0,0,0,0,1,1
4120850018,2016031400521002,,0,0,0,0,1,0
4121010026,2017021500352001,2021031600408001,0,0,0,0,1,1
4121030061,2020100200390001,2025081100236001,0,0,0,0,1,1
4121030069,2017092900651001,2021060300151001,0,0,0,0,1,1
4121050030,2016091501205001,2024021600701001,0,0,0,0,1,1
4121060063,2016051200405001,2022070400084001,0,0,0,0,1,1
4121070040,2018061900803001,2022020901342001,0,0,0,0,1,1
4121080057,2016051001328001,2021110800567001,0,0,0,0,1,1
4121130038,2018101200831001,2022080900926001,0,0,0,0,1,1
4121140015,2018122100476002,2024100300380001,0,0,0,0,1,1
4121400023,2018122801032002,2022071800688001,0,0,0,0,1,1
4121450025,2018092500202001,2024030500553001,0,0,0,0,1,1
4121450026,2018121100918001,2024070200302001,0,0,0,0,1,1
4121480007,2017030201140001,2022060200254001,0,0,0,0,1,1
4121520069,2017092800511001,2021071100053001,0,0,0,0,1,1
4121600025,2017092601312003,2020110601024001,0,0,0,0,1,1
4121630001,2017072701167001,2021071100079001,0,0,0,0,1,1
4121630034,2018052100896001,2022031700750001,0,0,0,0,1,1
4121630054,2018040400921001,2025100600726001,0,0,0,0,1,1
4121640018,2019051300942001,2022081700140001,0,0,0,0,1,1
4121700028,2017092701058001,2025070101139001,0,0,0,0,1,1
4121710021,2017081401195001,2022110200379001,0,0,0,0,1,1
4121710022,2017020200525002,2021110200875001,0,0,0,0,1,1
4121720042,2018083000551001,2022062000377001,0,1,0,1,1,1
4121740096,2016090100468001,2021101300519001,0,0,0,0,1,1
4121740104,,2023042000991001,0,0,0,0,0,1
4121830011,2018050800917001,2023013100712001,0,0,0,0,1,1
4121840050,2017110901316001,2024102300830001,0,0,0,0,1,1
4121860095,2017112700104001,2024051100025001,0,0,0,0,1,1
4121870007,2018062101132001,2022052500761001,0,0,0,0,1,1
4121870049,2017112400243001,2025112600147001,0,0,0,0,1,1
4121890060,2017122900250001,2022020400191001,0,0,0,0,1,1
4121900069,2018022100464001,2021111700672002,0,0,0,0,1,1
4121910002,2017062900885001,2023030700672001,0,0,0,0,1,1
4121920020,2017111401243001,2025123000580001,0,0,0,0,1,1
4121920049,2018031900652001,2021061400944001,0,0,0,0,1,1
4121930064,2016110200416001,2020061500505001,0,0,0,0,1,1
4121940037,2021082700565001,2025110800010001,0,0,0,0,1,1
4121940043,2016102900041001,2022092101192001,0,0,0,0,1,1
4121950057,2018042600781001,2023071300520001,0,0,0,0,1,1
4121980016,2021030201466001,2025120201031001,0,0,0,0,1,1
4121990124,2016050501186001,2024060800067001,1,0,0,0,1,1
4122010035,2016051100276001,2020020500854001,0,0,0,0,1,1
4122010070,2017082300729001,,0,0,0,0,1,0
4122020026,2017080900782001,2021051100661001,0,0,0,0,1,1
4122020050,2019010700618001,2024111100445001,0,0,0,0,1,1
4122020085,2016050800055001,2022051100610002,0,0,0,0,1,1
4122020101,2019050200419001,2025021700241003,0,0,0,0,1,1
4122030239,2018100901300001,2022070101027001,0,0,0,0,1,1
4122040305,2019060500617001,2022080500839001,0,0,0,0,1,1
4122050001,2016030100951001,2019071700420001,0,0,0,0,1,1
4122060002,2019083000476001,2022122600040001,0,0,0,0,1,1
4122060008,2017100200491001,2025063000844001,0,0,0,0,1,1
4122080053,2018042601217001,2024050200142001,0,0,0,0,1,1
4122090128,2018071200632001,2022030101441001,0,0,0,0,1,1
4122110001,2019072500156001,2025072400697001,0,0,0,0,1,1
4122110014,2016050300839001,2022112800793001,0,0,0,0,1,1
4122130062,2020101800042001,2025100800209001,0,0,0,0,1,1
4122140017,2017060500444001,2022011401381001,0,0,0,0,1,1
4122420030,2019062501515001,2025071000527001,0,0,0,0,1,1
4122460011,2018080100258001,2025010800571001,0,1,0,0,1,1
4122480034,2017122800756001,2025112200087001,0,0,0,0,1,1
4122530012,2020011000713001,2023100300671001,0,0,0,0,1,1
4122750019,2019080900693001,2023110601337002,0,0,0,0,1,1
4122780029,2021111201388001,2025021800901001,0,0,0,0,1,1
4122800019,2019020600468001,2025042500519001,0,0,0,0,1,1
4122810023,2016052501063001,2020092901193001,0,0,0,0,1,1
4122850024,2020070200302001,2025010900306001,0,0,0,0,1,1
4122850034,2019032600208001,2022072200904001,0,0,0,0,1,1
4122860031,2019013100910001,2022071300245001,0,0,0,0,1,1
4122970040,2019021100964001,2025041500726001,0,0,0,0,1,1
4122990029,2020031800320001,2025042100609001,0,0,0,0,1,1
4123140112,2016022400470001,2024120400874001,0,0,0,0,1,1
4123140121,2016101900366001,2020030200851001,0,0,0,0,1,1
4123140144,2020031600243001,2023050900386001,0,0,0,0,1,1
4123160004,2016021602494001,2020090200759001,0,0,0,0,1,1
4123160011,2021052501545004,2024082300029001,0,0,0,0,1,1
4123170085,2019041700185001,2025040700315001,0,0,0,0,1,1
4123240035,2022070101006001,2025070400009001,1,0,1,0,1,1
4123300039,2016012200357001,2025013100489001,0,0,0,0,1,1
4123320138,2018102600344001,2023091901071001,0,0,0,0,1,1
4123320147,2018082800549001,2023080700357001,0,0,0,0,1,1
4123320158,2019082500029001,2024010900152001,0,0,0,0,1,1
4123330201,2019052100186001,2023080800100002,0,0,0,0,1,1
4123340256,2019071100306001,2025040100001001,0,0,0,0,1,1
4123340271,2019011500752001,2025030500231001,0,0,0,0,1,1
4123420113,2017060100104001,2025040800126001,0,0,0,0,1,1
4123490027,2021111001290001,2025092400774001,0,0,0,0,1,1
4123550035,2018012800046001,2025042500473001,0,0,0,0,1,1
4123680007,2017071000885001,2025090900380001,0,0,0,0,1,1
4123690042,2017060600692001,2020120301373001,0,0,0,0,1,1
4123710304,2018082100162001,2024041700905001,0,0,0,0,1,1
4123790011,2016101000757001,2021052600998002,0,0,0,0,1,1
4123850023,2019110800515001,2025101000307001,0,0,0,0,1,1
4123860062,2018010300634002,2025042300810001,0,0,0,0,1,1
4123920092,2018110500727001,2025090700023001,0,0,0,0,1,1
4123960065,2018011600382001,2023113000403001,0,0,0,0,1,1
4124380236,2017060500052001,2021111001473001,0,0,0,0,1,1
4124400145,2019121700661001,2025012900637001,0,0,0,0,1,1
4124520318,2016021201497001,2021122000388001,0,0,0,0,1,1
4124530037,2016062902055001,2020071400735001,0,0,0,0,1,1
4124550226,2016122300832001,2021080700127001,0,0,0,0,1,1
4124610005,2019012201200001,2023022400328001,0,0,0,0,1,1
4124680086,2017032000323001,2026010500191001,0,0,0,0,1,1
4124710003,2017061500565001,2021031000798002,0,1,0,0,1,1
4124720033,2020032500794001,2024051600538001,0,0,0,0,1,1
4124770033,2017030100182001,2022020300633001,0,0,0,0,1,1
4124860057,2016061001663001,2021032200942001,0,0,0,0,1,1
4124860071,2019121800629001,2025112000280001,0,0,0,0,1,1
4124860085,2017040600708002,2023072800556001,0,0,0,0,1,1
4124940045,2016062002564001,2020010900517001,0,0,0,0,1,1
4125170024,2016111000034001,2022050500690001,0,0,0,0,1,1
4125230022,2018060401229001,2023022100919001,0,0,0,0,1,1
4125270074,2017081001437001,2020081100117001,0,0,0,0,1,1
4125270082,2017081100128001,2021020400791001,0,0,0,0,1,1
4125380017,2018040401284001,2025100800452001,0,0,0,0,1,1
4125380031,2019121200954001,2023092600802001,0,0,0,0,1,1
4125380130,,2021062801394001,0,0,0,0,0,1
4125390015,2022061501573001,2026010200568001,0,0,0,0,1,1
4125680009,2019051600406001,2024041600621001,0,0,0,0,1,1
4125700029,2020103000546001,2025051501007001,0,0,0,0,1,1
4125770040,2017092201152001,2021082400241001,0,0,0,0,1,1
4125810037,2018101601238001,2022051701416001,0,0,0,0,1,1
4125850072,2017012600799002,2025012700793001,0,0,0,0,1,1
4125860022,2019032601051001,2022051800644001,0,0,0,0,1,1
4125860063,2019091800925001,2024053000340001,0,0,0,0,1,1
4125900051,2018060400694001,2024101500514001,0,0,0,0,1,1
4125950060,2017021401449001,2024080900027001,0,0,0,0,1,1
4125970076,2019030501347001,,0,0,0,0,1,0
4126030054,,2026011600598001,0,0,0,0,0,1
4126050026,2019012400051001,2022050401256001,0,0,0,0,1,1
4126070046,2018012901027001,2022092200697001,0,0,0,0,1,1
4126130029,2018111400039001,2025012100552001,0,0,0,0,1,1
4126210005,2017042100521001,2025031200852001,0,0,0,0,1,1
4126210017,2018072400796001,2023011000647002,0,0,0,0,1,1
4126270014,2020011401373001,2025021300418001,0,0,0,0,1,1
4126270029,2021090801147001,2025070700555001,0,0,0,0,1,1
4126270034,2018031201039001,2022061000633001,0,0,0,0,1,1
4126280016,2018112800377001,2022030800602001,0,0,0,0,1,1
4126290036,2020072000442001,2025052700808001,0,0,0,0,1,1
4126300013,2019071800644001,2024040800427001,0,0,0,0,1,1
4126300056,2018100100619001,2025062700465001,0,0,0,0,1,1
4126380059,2018011000249001,2024050600408001,0,0,0,0,1,1
4126390053,,2024093001054001,0,0,0,0,0,1
4126400048,2017031400692001,2021120200523001,0,0,0,0,1,1
4126440045,2019072500610002,2023092500342001,0,0,0,0,1,1
4126480022,2016122801152001,2021031700511001,0,0,0,0,1,1
4126490053,2016062002893001,2019101600239001,0,0,0,0,1,1
4126660023,2017062400058001,2020120800896001,0,0,0,0,1,1
4126740089,2018110600446001,2025011301035001,0,0,0,0,1,1
4126780061,2018041300565001,2025121800485001,0,0,0,0,1,1
4126780066,2017021700320001,2020121600393001,0,0,0,0,1,1
4126830046,2018022201268001,2022031700801001,0,0,0,0,1,1
4126860075,2017010600456001,2022113000567001,0,0,0,0,1,1
4127010001,2021101201109001,2025031200267001,0,0,0,0,1,1
4127020073,2018011500409001,2022060800953002,0,0,0,0,1,1
4127040007,2020051800295001,2024121201435001,0,0,0,0,1,1
4127060006,2017082800273001,2021101800436001,0,0,0,0,1,1
4127140035,2016081100514001,2021041500879001,0,0,0,0,1,1
4127420057,2018062001157001,2022070800953001,0,0,0,0,1,1
4127580174,2017100601036001,2023112700593001,0,0,0,0,1,1
4127660072,2017090500720001,2023081300036001,0,0,0,0,1,1
4127660076,2016111700394001,2025100700450001,0,0,0,0,1,1
4127720201,2020090400609001,2023091900868001,0,0,0,0,1,1
4127720228,2019081400310001,2023091200852001,0,0,0,0,1,1
4127790008,2017040500080001,2025062400834001,0,0,0,0,1,1
4127970020,2020012301189001,2023022400336001,0,0,0,0,1,1
4128000105,2016103101048001,2021012600703001,0,0,0,0,1,1
4128100106,2019121301004001,2023101900659001,0,0,0,0,1,1
4128170045,2018091100591001,2023083000997001,0,0,0,0,1,1
4128250106,2022060100602001,2025082501024001,0,0,0,0,1,1
4128680013,2019093000390001,2022113000621001,0,0,0,0,1,1
4128740012,2019082100746001,2023022100961001,0,0,0,0,1,1
4128930090,2017030201486001,2021060801532001,0,0,0,0,1,1
4128930096,2018053001180001,2025072800945001,0,0,0,0,1,1
4128950072,2019102500521001,2024042400768002,0,0,0,0,1,1
4128960102,2016082300161001,2020031201228001,0,0,0,0,1,1
4128970012,2017040400395001,2022090900680002,0,0,0,0,1,1
4129000011,2017051100613002,2024062700974001,0,0,0,0,1,1
4129010322,2017070500846001,2021060701282001,0,0,0,0,1,1
4129050003,2020042000633001,2023122700623001,0,0,0,0,1,1
4129100070,2016022900995001,2023100500600001,0,0,0,0,1,1
4129110067,2019103100961001,2024042500326001,0,0,0,0,1,1
4129190298,2021022700102001,2025012801100002,0,0,0,0,1,1
4129330059,2016021701016002,2023050200402001,0,0,0,0,1,1
4129370087,2020072800606001,2023081100902001,0,0,0,0,1,1
4129370099,2016030700297001,2025090900351001,0,0,0,0,1,1
4129400098,2019051500234001,2025022500231001,0,0,0,0,1,1
4129590031,2017102601558001,2024013100742002,0,0,0,0,1,1
4129700021,2019072200096001,2023101600743001,0,0,0,0,1,1
4129780014,2016033100471001,2021081201220001,0,0,0,0,1,1
4129840034,2021030600119001,2025101300255001,0,0,0,0,1,1
4129950053,2018100400044001,2022022300336001,0,0,0,0,1,1
4130130121,2018031600273001,2022121400641001,0,0,0,0,1,1
4130140018,,2025101300131001,0,0,0,0,0,1
4130220115,2017112700994001,2024100800579001,0,0,0,0,1,1
4130220119,2016030200123001,2025071200019001,0,0,0,0,1,1
4130290052,,2021062300958002,0,0,0,0,0,1
4130300101,2019052200172001,2023110601177001,0,0,0,0,1,1
4130310011,2016041300804001,2024062800335001,0,0,0,0,1,1
4130410007,2020042300132001,2025111700810001,0,0,0,0,1,1
4130410057,2017103001546001,2022063001252001,0,0,0,0,1,1
4130480043,2016120700139001,2025091800640001,0,0,0,0,1,1
4130490059,2021012501085001,2024111400227001,0,0,0,0,1,1
4130500012,2018102200944001,2025101400651001,0,0,0,0,1,1
4130510030,2020012100959001,2023091500817001,0,1,0,1,1,1
4130570078,2019120300601001,2024030400478001,0,0,0,0,1,1
4130620021,2018050400217001,2022080400447001,0,0,0,0,1,1
4130910022,2018040401307001,2022080800605001,0,0,0,0,1,1
4130920015,2021122900439001,2025040800708001,0,0,0,0,1,1
4130970009,2017020801147001,2022082300061002,0,0,0,0,1,1
4130990037,2018061700026001,2022081100135001,0,0,0,0,1,1
4131040043,2022010800076001,2025050700037002,0,0,0,0,1,1
4131160006,2018040401182001,2021092701242001,0,0,0,0,1,1
4131200079,2016041900968001,2025060200172001,0,0,0,0,1,1
4131280010,2017062600365001,2022010401151001,0,0,0,0,1,1
4131430028,2018061500557001,2023120900023001,0,0,0,0,1,1
4131430075,2018070500291001,2023011800434002,0,0,0,0,1,1
4131470039,2019053100609001,2025040900420001,0,1,0,1,1,1
4131510003,2018011700326001,2025090900240001,0,0,0,0,1,1
4131550052,2016031400974001,2021081000505004,0,0,0,0,1,1
4131570040,2017060201253001,2021020300587002,0,0,0,0,1,1
4131580048,2018052800002002,2022090600806001,0,0,0,0,1,1
4131660058,2020033000514001,2023111301677001,0,0,0,0,1,1
4131710044,2016060801179002,2019111201027001,0,0,0,0,1,1
4131740021,2019112601128001,2024021400325001,0,0,0,0,1,1
4131790003,2019101501738001,2025120100252001,0,0,0,0,1,1
4131790031,2016060800954001,2021061000819001,0,0,0,0,1,1
4131800024,2016122200935001,2020072800284001,0,0,0,0,1,1
4131830041,2020120100436001,2024072400260001,0,0,0,0,1,1
4131840022,2019070500298003,2022082401216001,0,0,0,0,1,1
4131880045,2018030100217001,2022122900241001,0,0,0,0,1,1
4131930014,2017070300888001,2023081501063001,0,0,0,0,1,1
4131960114,2017090801077001,2021080300576001,0,0,0,0,1,1
4132040116,2017081000840001,2025040700458001,0,0,0,0,1,1
4132240032,2020022700931003,2023082900206001,0,0,0,0,1,1
4132380009,2016040500109001,2023112000989001,0,0,0,0,1,1
4132420046,2016052300817001,2025081301093001,0,0,0,0,1,1
4132530011,2020030900033001,2025071700990001,0,0,0,0,1,1
4132540006,2019082300013001,2025091900275002,0,0,0,0,1,1
4132630030,2018011000337001,2025072800767002,0,0,0,0,1,1
4132680234,2017081000484001,2021040901342001,0,0,0,0,1,1
4132710001,2021012900744001,2024061400554001,0,1,0,1,1,1
4132730019,2016120501367001,2023102400330001,0,0,0,0,1,1
4132730029,2019051700297001,2023101100292001,0,0,0,0,1,1
4132850051,,2025071800486001,0,0,0,0,0,1
4132850068,2017031800126001,2023041700361001,0,0,0,0,1,1
4132890014,2020092800226003,2025121000590001,0,0,0,0,1,1
4133120085,2019042201149001,2023080300229001,0,0,0,0,1,1
4133220044,2018021301024001,2022021200117001,0,0,0,0,1,1
4133260014,2017092101054001,2021082501431001,0,0,0,0,1,1
4133560040,2017020101326001,2020081801078001,0,0,0,0,1,1
4133560121,2017041700349001,2024070500181001,0,0,0,0,1,1
4134370038,2018021301234001,2025051900624001,0,0,0,0,1,1
4134550062,2017080200178001,2020092500773001,0,0,0,0,1,1
4134580021,2017072100578001,2020080200007001,0,0,0,0,1,1
4134690031,2022010301014001,2025062000365001,0,0,0,0,1,1
4134700047,2017060101307001,2025071600160001,0,0,0,0,1,1
4134710050,2019092501196001,2024012200106001,0,0,0,0,1,1
4134710065,2018071101155001,2025060600024001,0,0,0,0,1,1
4134730024,2016071901005001,2021012700999001,0,0,0,0,1,1
4135060202,2016011500180001,2025120200901001,0,0,0,0,1,1
4135100021,2018021500398001,2021030400580001,0,0,0,0,1,1
4135490023,2017071100524001,2022101900538001,0,0,0,0,1,1
4135520048,2018012600997001,2021042001249001,0,0,0,0,1,1
4135560037,2019091800748001,2025111000322001,0,0,0,0,1,1
4135680019,2016022301188001,2021081201200001,0,0,0,0,1,1
4135680039,2019031400800001,2024041700505001,0,0,0,0,1,1
4135700052,2017103000573001,2022041200073001,0,0,0,0,1,1
4135730003,2019092501307002,2023072800806001,0,0,0,0,1,1
4135730033,2016090900140001,2022011800850001,0,0,0,0,1,1
4135790085,2020111600463001,2025051200341001,0,0,0,0,1,1
4135800009,2021020501243001,2024110800337001,0,0,0,0,1,1
4135850083,2018041800309001,2021090900373001,0,0,0,0,1,1
4135880018,2019032001036001,2023080901094001,1,0,1,0,1,1
4135880044,,2025070700537001,0,0,0,0,0,1
4135900002,2018051100196001,2024032700725001,0,0,0,0,1,1
4135950055,2020090201147002,2025052000318001,0,1,0,1,1,1
4136240023,2019053100762001,2022080301236001,0,0,0,0,1,1
4136360014,2016060200918001,2022062000950001,0,0,0,0,1,1
4136410077,2018042300891001,2022011001010001,0,0,0,0,1,1
4136420026,2016120500212001,2021090100717001,0,0,0,0,1,1
4136420068,2020112400681001,2023122100278001,0,0,0,0,1,1
4136440013,2019052200252001,2023102400516001,0,0,0,0,1,1
4136470090,2017102600846001,2023121400469001,0,0,0,0,1,1
4136610040,2016113001064001,2021122800184001,0,0,0,0,1,1
4136650030,,2021040500442001,0,0,0,0,0,1
4136720029,2016051100750001,2021020200886001,0,0,0,0,1,1
4136730055,2019020800835001,2024010900902001,0,0,0,0,1,1
4136800014,2018080600383001,2025112000302001,0,0,0,0,1,1
4136960007,2017091401219001,2021072800497001,0,0,0,0,1,1
4136980033,2016021101270001,2025122201076001,0,0,0,0,1,1
4137100013,2016090900074001,2021081601132001,0,0,0,0,1,1
4137120098,2017082900137001,2023042800234002,0,0,0,0,1,1
4137290062,2017010500155001,2021102100161001,0,0,0,0,1,1
4137290067,2022081000706002,2026011400014001,0,0,0,0,1,1
4137350019,2018083100405001,2025040300787001,0,0,0,0,1,1
4137380116,2018042601308001,2025120401049001,0,0,0,0,1,1
4137690036,2021010200035001,2025090800511001,0,0,0,0,1,1
4137690060,2020020701159001,2024110700113001,0,0,0,0,1,1
4139210105,2017031500657001,2023061200813001,0,0,0,0,1,1
4139380021,2017031600646001,2020081201012001,0,0,0,0,1,1
4139530016,,2021051200189001,0,0,0,0,0,1
4139590073,2016111000303001,2019120300507001,0,0,0,0,1,1
4139670065,2016070500541001,2024110700772003,0,0,0,0,1,1
4139720105,2017020300581001,2024081900807001,0,0,0,0,1,1
4139790001,2017110100328001,2025090300483001,0,0,0,0,1,1
4139850026,2016080500873001,2025111000789001,0,0,0,0,1,1
4139890016,2017062200137001,2022101100350003,1,0,1,0,1,1
4140000022,2020120301528001,2024111900631001,0,0,0,0,1,1
4140000026,2016042600100001,2025102900912001,0,0,0,0,1,1
4140010056,2018040900432001,2021041401190001,0,0,0,0,1,1
4140040061,2017122100348001,2024050100080002,0,0,0,0,1,1
4140100073,2017111600840001,2021012500342001,0,0,0,0,1,1
4140200050,2018020900519001,2021081901045001,0,1,0,1,1,1
4140220054,2016090200579001,2021121300795001,0,0,0,0,1,1
4140260044,2017070501302001,2023062900536001,0,0,0,0,1,1
4140280063,2018040900620001,2021100800632001,0,0,0,0,1,1
4140290013,2017120700427001,2024070900302001,0,0,0,0,1,1
4140290021,2017052400938001,2022071201046001,0,0,0,0,1,1
4140420016,2019092700981001,2025072900111001,0,0,0,0,1,1
4140430062,2016051900381001,2023040300357001,0,0,0,0,1,1
4140440044,2016020400947001,2020121600723001,1,0,1,0,1,1
4140460042,2022120500676001,2025122100052001,0,0,0,0,1,1
4140470076,2017033000130001,2022070500537001,0,0,0,0,1,1
4140690139,2019071700638001,2024103000607001,0,0,0,0,1,1
4140700070,2016101901225001,2022030200424001,0,0,0,0,1,1
4140700082,2021020200934001,2025121500430001,0,1,0,1,1,1
4140740065,2021050300797001,2025092400734001,0,0,0,0,1,1
4140750081,2022040701277001,2025091700046001,0,0,0,0,1,1
4140810057,2018072700445001,2022032500594001,0,0,0,0,1,1
4141620056,2018012300882001,2025120800560001,0,0,0,0,1,1
4141720086,2017110900226002,2022091401150001,0,0,0,0,1,1
4141750036,2017102401105001,2020122400434001,0,0,0,0,1,1
4141770048,2017050500529001,2021083000610001,0,0,0,0,1,1
4141800047,2018051800121001,2023090800023001,0,0,0,0,1,1
4141810017,2018111301050001,2021120601253001,0,0,0,0,1,1
4141820088,,,0,0,0,0,0,0
4141830004,2017101001050001,2025102400237001,1,0,1,0,1,1
4141860036,2022051900548001,2025093000203001,0,0,0,0,1,1
4141870001,2017062600275001,2023122200029001,1,0,1,0,1,1
4141870029,2020080600584001,2024121600290001,0,0,0,0,1,1
4141880053,2017120700591001,2021020300425003,0,0,0,0,1,1
4141910005,2017082800473001,2022011401221001,0,0,0,0,1,1
4141910013,,2023071700835001,0,0,0,0,0,1
4141910043,2018062100268001,2022060701434001,0,0,0,0,1,1
4141970015,2016060300650005,2020100101002001,0,1,0,1,1,1
4141970021,2021090800976001,2025100800697001,0,0,0,0,1,1
4142010100,2017100300539001,2024070900615001,0,0,0,0,1,1
4142030038,2016021700069001,2020081700573001,0,0,0,0,1,1
4142040018,2019032100461001,2022092700158001,0,0,0,0,1,1
4142060003,2018112400020001,2025110500526001,0,0,0,0,1,1
4142100044,2018010301190001,2021080901407001,0,0,0,0,1,1
4142250266,2019041700823001,2023022200729001,0,0,0,0,1,1
4142310707,2018041100794001,2024081200806001,0,0,0,0,1,1
4142391193,2017031501127002,2023051100670001,0,0,0,0,1,1
4142501479,2016120900415001,2021100800027001,0,0,0,0,1,1
4142531520,2019060700411001,2024090300736001,0,0,0,0,1,1
4142541627,2017120400818001,2024010501088001,0,0,0,0,1,1
4150110002,2018110101248001,2021111800279002,0,0,0,0,1,1
4150150303,2019040801209001,2022041700017001,0,0,0,0,1,1
4150150352,2018101801152001,2023101100591001,0,0,0,0,1,1
4153150015,2017020700191001,2025020700399001,0,0,0,0,1,1
4153150061,2018011800787001,2022010700140001,0,0,0,0,1,1
4153170035,2020102101140001,2024110600754001,0,0,0,0,1,1
4153170036,2020102201082001,2025081900517001,0,0,0,0,1,1
4153180018,2018043000183001,2025072500106001,0,0,0,0,1,1
4153180035,2017071300077001,2021102500803001,0,0,0,0,1,1
4153210002,2017082900129001,2022070500954001,0,0,0,0,1,1
4154000028,2019050600976001,2022081900178001,0,0,0,0,1,1
4154520015,2018020601164001,2024021500414001,0,0,0,0,1,1
4154520017,2018121400333001,2024012900060001,0,0,0,0,1,1
4154560018,2017041900380001,2024072400378001,0,0,0,0,1,1
4154790001,2016102700159001,2022070701257001,0,0,0,0,1,1
4155020020,2019013100174001,2026011900377001,0,0,0,0,1,1
4155050011,2019011600994001,2025022600043001,0,0,0,0,1,1
4155050035,2016090800829001,2023071900085001,0,0,0,0,1,1
4155160034,2019090400019001,2024120600523001,0,0,0,0,1,1
4155320022,2018061500732003,2025012700712001,0,0,0,0,1,1
4155490200,2016041300025001,2023080800001001,0,0,0,0,1,1
4155520010,2017122500045001,2024030401043001,0,0,0,0,1,1
4155740092,2017031600429001,2021062901005001,0,0,0,0,1,1
4156060030,2017101600613001,2025080800418003,0,0,0,0,1,1
4156130018,2019082900382001,2024101500784001,0,0,0,0,1,1
4156140036,2017021500626001,2022041000065001,0,0,0,0,1,1
4156140057,2018070300817001,2025010600666001,0,0,0,0,1,1
4156140060,2016121901318001,2024110500624001,0,0,0,0,1,1
4156150105,2016021602300001,2022031100955001,0,0,0,0,1,1
4156180105,2016011800392001,2020100200740001,0,1,0,1,1,1
4156220014,2016022901339001,,0,0,0,0,1,0
4156220017,2016090200887001,2021072101494001,0,0,0,0,1,1
4156280031,2017062701198001,2025060400656001,0,0,0,0,1,1
4156540040,2018042000901001,2022102600164001,0,0,0,0,1,1
4156550004,2019062401196001,2023071100262001,0,0,0,0,1,1
4156600053,2018051000729001,2023013000272002,0,0,0,0,1,1
4156610023,2017070600482001,2022030700080001,0,0,0,0,1,1
4156700020,2019012200706001,2025052800254001,0,0,0,0,1,1
4156910030,2019062500520001,2023112900544002,0,0,0,0,1,1
4156910033,2016093000231002,2021111100145001,0,0,0,0,1,1
4156940035,2017051601482001,2024082100064001,0,0,0,0,1,1
4156990056,2019050900202001,2022090600933001,0,0,0,0,1,1
4157110005,2017122001087001,2024121100458001,0,0,0,0,1,1
4157140013,2017070600685001,2022120600266001,0,0,0,0,1,1
4157140140,2022010500352001,2025090200328001,0,0,0,0,1,1
4157160049,2018040201065001,2021091501162001,0,0,0,0,1,1
4157170124,2021102901038001,2025030300772001,0,0,0,0,1,1
4157190073,2018060400482001,2025091100297001,0,0,0,0,1,1
4157220037,2018061801011001,2021110400607001,0,0,0,0,1,1
4157240049,2018081600879001,2024070900264001,0,0,0,0,1,1
4157330034,2016070600747001,2019071000572001,0,0,0,0,1,1
4157330064,2016060201002001,2019090900763001,0,0,0,0,1,1
4157350059,2016071800052001,2021022201141001,0,0,0,0,1,1
4157370033,2017072500491001,2024062600736001,0,0,0,0,1,1
4157370065,2019071600542001,,0,0,0,0,1,0
4157400058,2019121700183004,2023073101209002,0,0,0,0,1,1
4157410019,2020111900955002,2025060500961001,0,1,0,1,1,1
4157520025,2016062500054001,2022021100334001,0,0,0,0,1,1
4157560016,2018032100932001,2024020800407001,0,0,0,0,1,1
4157620040,2016041401316001,2024101800247001,0,0,0,0,1,1
4157620041,2016122100005001,2022081000949001,0,0,0,0,1,1
4157620047,2018092601083001,2025102700533001,0,0,0,0,1,1
4157630031,2016020201043002,2019061700056002,0,0,0,0,1,1
4157660035,2018080200961002,2025120800815001,0,0,0,0,1,1
4157660037,2017060701402001,2021090200288001,0,0,0,0,1,1
4157730069,2019022001263002,2022031600512001,0,0,0,0,1,1
4157760014,2016082100040001,2023031300322001,0,0,0,0,1,1
4157820039,2017061401055001,2021011101162001,0,0,0,0,1,1
4157880122,2018080200118001,2024092000679001,0,0,0,0,1,1
4158070001,2016121000035001,2020012100375001,0,0,0,0,1,1
4158070022,2019070200099002,2024020500668001,0,0,0,0,1,1
4158080002,2016051001044001,2020021900078001,0,0,0,0,1,1
4158180012,2018092500333001,2021121701179001,0,0,0,0,1,1
4158180160,2016031800493002,2020031900519001,0,0,0,0,1,1
4158210032,2017062200282001,2024071200911001,0,0,0,0,1,1
4158280004,2018071500037001,2025121700941001,0,0,0,0,1,1
4158300042,2017090701363001,2024022600481001,1,0,1,0,1,1
4158970134,2018052900300001,2021082501426001,0,0,0,0,1,1
4159050065,2017082801147002,2025051200356002,0,0,0,0,1,1
4159050111,2017121100154001,2021100500345002,0,0,0,0,1,1
4159050221,2016022201147001,2019110700940003,0,0,0,0,1,1
4159050259,2016060601185001,2020012700989001,0,0,0,0,1,1
4159130074,2017011200473001,2022041400200001,0,0,0,0,1,1
4159650009,2017083100390001,2021101500880001,0,0,0,0,1,1
4159660054,2017012400428001,2020120101235001,0,0,0,0,1,1
4159680024,2021071901609001,2025072801057001,0,0,0,0,1,1
4159680029,2016110200263001,2021101501212001,0,0,0,0,1,1
4159680091,2019073001153001,2024051300544001,0,0,0,0,1,1
4160050155,2018053001127001,2025110400209001,0,0,0,0,1,1
4160290111,2018051400410001,2026012800354001,0,0,0,0,1,1
4160330062,2018032100190001,2025032000697001,0,0,0,0,1,1
4160330066,2018101801288001,2025031200551002,0,0,0,0,1,1
4160330073,2017121801121001,2022041900696001,0,0,0,0,1,1
4160360008,2016052300127001,2025022400082001,0,0,0,0,1,1
4160380032,2017060800806002,2024072300977001,0,0,0,0,1,1
4160460015,2018031301112001,2021112901478001,0,0,0,0,1,1
4160470035,2016032600055001,2023090501100001,0,0,0,0,1,1
4160470050,2017030900021001,2024101300019003,0,0,0,0,1,1
4160480005,2018032600370001,,0,0,0,0,1,0
4160480061,2017102001010001,2024111501130001,0,0,0,0,1,1
4160520035,2021081800559002,2024102801005001,0,0,0,0,1,1
4160530028,2017032300425001,2021091001117001,0,0,0,0,1,1
4160580017,2017112000374001,2022031600599001,0,0,0,0,1,1
4160890034,2017071100553001,2025120300668001,0,0,0,0,1,1
4160900064,2018081401045003,2022081800742003,0,0,0,0,1,1
4160920009,2018050201349001,2022090800196001,0,0,0,0,1,1
4160960023,2017031500897003,2021030901417003,0,0,0,0,1,1
4161030081,2018052100512001,2022060100792001,0,0,0,0,1,1
4161100062,2017022200935001,2023062100241001,0,0,0,0,1,1
4161180034,2017102300484001,2023092500854001,0,0,0,0,1,1
4161180055,2021062901546001,2025020500406001,0,0,0,0,1,1
4161250081,2016021700283003,2022050300964001,0,0,0,0,1,1
4161250104,2018030101132001,2025101500600001,0,0,0,0,1,1
4161330025,2019092001083001,2023052700010001,0,0,0,0,1,1
4161330032,2017121400026001,2025062600221001,0,0,0,0,1,1
4161370047,2016080300511001,2023110900430001,0,1,0,1,1,1
4161380025,2019012800072001,2025091200145001,0,0,0,0,1,1
4161390034,2018111400290001,2023092000231002,0,0,0,0,1,1
4161570001,2016102000604001,2022101700162001,0,0,0,0,1,1
4161570002,2016020201102001,2021050701098001,0,0,0,0,1,1
4161660047,2018123100333001,2024041600303001,0,0,0,0,1,1
4161680046,2017082300370001,2020102000891001,0,0,0,0,1,1
4161680051,2016112901387001,2020120301308001,0,0,0,0,1,1
4161690055,2018021501009001,,0,0,0,0,1,0
4161710011,2018011202425001,2021100500528001,0,0,0,0,1,1
4161710052,2018111500245001,2023121800996001,0,0,0,0,1,1
4161850006,2016122201832001,2025110300785001,0,0,0,0,1,1
4161930036,2016090100399001,2024020700445001,0,0,0,0,1,1
4161960008,2017020101276002,2021060901244001,0,0,0,0,1,1
4161960014,2020072801086001,2025062500685001,0,0,0,0,1,1
4161970034,2019121600776001,2024050100503001,0,0,0,0,1,1
4161990001,2016032400828001,2022011101068002,0,0,0,0,1,1
4162080056,2016111801197001,2020090900522001,0,0,0,0,1,1
4162120066,2019062400703001,2024110100311001,0,0,0,0,1,1
4162240058,2016121601370001,2021033101271001,0,0,0,0,1,1
4162270056,2017011801657001,2021100401315001,0,0,0,0,1,1
4162340021,2018060600751001,2022031601271001,0,0,0,0,1,1
4162380081,2016020100787001,2021070700421001,0,0,0,0,1,1
4162420064,2018090601015001,2022021401085001,0,0,0,0,1,1
4162480009,2017060200159001,2023083000450001,0,1,0,1,1,1
4162610019,2016081600143001,2021091701342001,0,0,0,0,1,1
4162680063,2016111500347001,2025091800602001,1,0,1,0,1,1
4162710014,2016072600868001,2023100200836001,0,0,0,0,1,1
4162730086,2018090500460001,2022022201312001,0,0,0,0,1,1
4162780065,2017042800345001,2021082500233002,0,0,0,0,1,1
4162930012,2019070300205001,2025072500296001,0,0,0,0,1,1
4162930060,2017030901404001,2021011400876001,0,0,0,0,1,1
4162950022,2019111901104001,2024081200262001,0,0,0,0,1,1
4162960047,2017092200916001,2023120400173001,0,0,0,0,1,1
4162980018,2018042300122001,2022092101055001,0,0,0,0,1,1
4163000050,2016110201082001,2021012000380001,0,0,0,0,1,1
4163010038,2017101300628001,2022062400274001,0,0,0,0,1,1
4163030001,2017110101474001,2023120400715001,0,0,0,0,1,1
4163040051,2019120300492001,2024092600316001,0,0,0,0,1,1
4163100004,2017011200625001,2022072100173001,0,0,0,0,1,1
